--
-- PostgreSQL database dump
--

-- Dumped from database version 14.11 (Ubuntu 14.11-0ubuntu0.22.04.1)
-- Dumped by pg_dump version 14.11 (Ubuntu 14.11-0ubuntu0.22.04.1)

SET statement_timeout = 0;
SET lock_timeout = 0;
SET idle_in_transaction_session_timeout = 0;
SET client_encoding = 'UTF8';
SET standard_conforming_strings = on;
SELECT pg_catalog.set_config('search_path', '', false);
SET check_function_bodies = false;
SET xmloption = content;
SET client_min_messages = warning;
SET row_security = off;

SET default_tablespace = '';

SET default_table_access_method = heap;

--
-- Name: auth_group; Type: TABLE; Schema: public; Owner: navis
--

CREATE TABLE public.auth_group (
    id integer NOT NULL,
    name character varying(150) NOT NULL
);


ALTER TABLE public.auth_group OWNER TO navis;

--
-- Name: auth_group_id_seq; Type: SEQUENCE; Schema: public; Owner: navis
--

ALTER TABLE public.auth_group ALTER COLUMN id ADD GENERATED BY DEFAULT AS IDENTITY (
    SEQUENCE NAME public.auth_group_id_seq
    START WITH 1
    INCREMENT BY 1
    NO MINVALUE
    NO MAXVALUE
    CACHE 1
);


--
-- Name: auth_group_permissions; Type: TABLE; Schema: public; Owner: navis
--

CREATE TABLE public.auth_group_permissions (
    id bigint NOT NULL,
    group_id integer NOT NULL,
    permission_id integer NOT NULL
);


ALTER TABLE public.auth_group_permissions OWNER TO navis;

--
-- Name: auth_group_permissions_id_seq; Type: SEQUENCE; Schema: public; Owner: navis
--

ALTER TABLE public.auth_group_permissions ALTER COLUMN id ADD GENERATED BY DEFAULT AS IDENTITY (
    SEQUENCE NAME public.auth_group_permissions_id_seq
    START WITH 1
    INCREMENT BY 1
    NO MINVALUE
    NO MAXVALUE
    CACHE 1
);


--
-- Name: auth_permission; Type: TABLE; Schema: public; Owner: navis
--

CREATE TABLE public.auth_permission (
    id integer NOT NULL,
    name character varying(255) NOT NULL,
    content_type_id integer NOT NULL,
    codename character varying(100) NOT NULL
);


ALTER TABLE public.auth_permission OWNER TO navis;

--
-- Name: auth_permission_id_seq; Type: SEQUENCE; Schema: public; Owner: navis
--

ALTER TABLE public.auth_permission ALTER COLUMN id ADD GENERATED BY DEFAULT AS IDENTITY (
    SEQUENCE NAME public.auth_permission_id_seq
    START WITH 1
    INCREMENT BY 1
    NO MINVALUE
    NO MAXVALUE
    CACHE 1
);


--
-- Name: auth_user; Type: TABLE; Schema: public; Owner: navis
--

CREATE TABLE public.auth_user (
    id integer NOT NULL,
    password character varying(128) NOT NULL,
    last_login timestamp with time zone,
    is_superuser boolean NOT NULL,
    username character varying(150) NOT NULL,
    first_name character varying(150) NOT NULL,
    last_name character varying(150) NOT NULL,
    email character varying(254) NOT NULL,
    is_staff boolean NOT NULL,
    is_active boolean NOT NULL,
    date_joined timestamp with time zone NOT NULL
);


ALTER TABLE public.auth_user OWNER TO navis;

--
-- Name: auth_user_groups; Type: TABLE; Schema: public; Owner: navis
--

CREATE TABLE public.auth_user_groups (
    id bigint NOT NULL,
    user_id integer NOT NULL,
    group_id integer NOT NULL
);


ALTER TABLE public.auth_user_groups OWNER TO navis;

--
-- Name: auth_user_groups_id_seq; Type: SEQUENCE; Schema: public; Owner: navis
--

ALTER TABLE public.auth_user_groups ALTER COLUMN id ADD GENERATED BY DEFAULT AS IDENTITY (
    SEQUENCE NAME public.auth_user_groups_id_seq
    START WITH 1
    INCREMENT BY 1
    NO MINVALUE
    NO MAXVALUE
    CACHE 1
);


--
-- Name: auth_user_id_seq; Type: SEQUENCE; Schema: public; Owner: navis
--

ALTER TABLE public.auth_user ALTER COLUMN id ADD GENERATED BY DEFAULT AS IDENTITY (
    SEQUENCE NAME public.auth_user_id_seq
    START WITH 1
    INCREMENT BY 1
    NO MINVALUE
    NO MAXVALUE
    CACHE 1
);


--
-- Name: auth_user_user_permissions; Type: TABLE; Schema: public; Owner: navis
--

CREATE TABLE public.auth_user_user_permissions (
    id bigint NOT NULL,
    user_id integer NOT NULL,
    permission_id integer NOT NULL
);


ALTER TABLE public.auth_user_user_permissions OWNER TO navis;

--
-- Name: auth_user_user_permissions_id_seq; Type: SEQUENCE; Schema: public; Owner: navis
--

ALTER TABLE public.auth_user_user_permissions ALTER COLUMN id ADD GENERATED BY DEFAULT AS IDENTITY (
    SEQUENCE NAME public.auth_user_user_permissions_id_seq
    START WITH 1
    INCREMENT BY 1
    NO MINVALUE
    NO MAXVALUE
    CACHE 1
);


--
-- Name: django_admin_log; Type: TABLE; Schema: public; Owner: navis
--

CREATE TABLE public.django_admin_log (
    id integer NOT NULL,
    action_time timestamp with time zone NOT NULL,
    object_id text,
    object_repr character varying(200) NOT NULL,
    action_flag smallint NOT NULL,
    change_message text NOT NULL,
    content_type_id integer,
    user_id integer NOT NULL,
    CONSTRAINT django_admin_log_action_flag_check CHECK ((action_flag >= 0))
);


ALTER TABLE public.django_admin_log OWNER TO navis;

--
-- Name: django_admin_log_id_seq; Type: SEQUENCE; Schema: public; Owner: navis
--

ALTER TABLE public.django_admin_log ALTER COLUMN id ADD GENERATED BY DEFAULT AS IDENTITY (
    SEQUENCE NAME public.django_admin_log_id_seq
    START WITH 1
    INCREMENT BY 1
    NO MINVALUE
    NO MAXVALUE
    CACHE 1
);


--
-- Name: django_content_type; Type: TABLE; Schema: public; Owner: navis
--

CREATE TABLE public.django_content_type (
    id integer NOT NULL,
    app_label character varying(100) NOT NULL,
    model character varying(100) NOT NULL
);


ALTER TABLE public.django_content_type OWNER TO navis;

--
-- Name: django_content_type_id_seq; Type: SEQUENCE; Schema: public; Owner: navis
--

ALTER TABLE public.django_content_type ALTER COLUMN id ADD GENERATED BY DEFAULT AS IDENTITY (
    SEQUENCE NAME public.django_content_type_id_seq
    START WITH 1
    INCREMENT BY 1
    NO MINVALUE
    NO MAXVALUE
    CACHE 1
);


--
-- Name: django_migrations; Type: TABLE; Schema: public; Owner: navis
--

CREATE TABLE public.django_migrations (
    id bigint NOT NULL,
    app character varying(255) NOT NULL,
    name character varying(255) NOT NULL,
    applied timestamp with time zone NOT NULL
);


ALTER TABLE public.django_migrations OWNER TO navis;

--
-- Name: django_migrations_id_seq; Type: SEQUENCE; Schema: public; Owner: navis
--

ALTER TABLE public.django_migrations ALTER COLUMN id ADD GENERATED BY DEFAULT AS IDENTITY (
    SEQUENCE NAME public.django_migrations_id_seq
    START WITH 1
    INCREMENT BY 1
    NO MINVALUE
    NO MAXVALUE
    CACHE 1
);


--
-- Name: django_session; Type: TABLE; Schema: public; Owner: navis
--

CREATE TABLE public.django_session (
    session_key character varying(40) NOT NULL,
    session_data text NOT NULL,
    expire_date timestamp with time zone NOT NULL
);


ALTER TABLE public.django_session OWNER TO navis;

--
-- Name: main_category; Type: TABLE; Schema: public; Owner: navis
--

CREATE TABLE public.main_category (
    id bigint NOT NULL,
    language character varying(255),
    title character varying(255) NOT NULL,
    is_active boolean NOT NULL,
    slug character varying(50),
    last_id bigint
);


ALTER TABLE public.main_category OWNER TO navis;

--
-- Name: main_category_id_seq; Type: SEQUENCE; Schema: public; Owner: navis
--

ALTER TABLE public.main_category ALTER COLUMN id ADD GENERATED BY DEFAULT AS IDENTITY (
    SEQUENCE NAME public.main_category_id_seq
    START WITH 1
    INCREMENT BY 1
    NO MINVALUE
    NO MAXVALUE
    CACHE 1
);


--
-- Name: main_comments; Type: TABLE; Schema: public; Owner: navis
--

CREATE TABLE public.main_comments (
    id bigint NOT NULL,
    "user" character varying(30) NOT NULL,
    comment text NOT NULL,
    is_active boolean NOT NULL,
    post_id bigint NOT NULL,
    created_at timestamp with time zone
);


ALTER TABLE public.main_comments OWNER TO navis;

--
-- Name: main_comments_id_seq; Type: SEQUENCE; Schema: public; Owner: navis
--

ALTER TABLE public.main_comments ALTER COLUMN id ADD GENERATED BY DEFAULT AS IDENTITY (
    SEQUENCE NAME public.main_comments_id_seq
    START WITH 1
    INCREMENT BY 1
    NO MINVALUE
    NO MAXVALUE
    CACHE 1
);


--
-- Name: main_post; Type: TABLE; Schema: public; Owner: navis
--

CREATE TABLE public.main_post (
    id bigint NOT NULL,
    language character varying(255),
    title character varying(255),
    img character varying(100),
    is_active boolean NOT NULL,
    slug character varying(1000),
    created_at timestamp with time zone,
    updated_at timestamp with time zone NOT NULL,
    views integer NOT NULL,
    cat_id bigint NOT NULL,
    last_id bigint,
    sub_cat_id bigint,
    is_save boolean NOT NULL,
    user_id bigint NOT NULL,
    is_main boolean NOT NULL,
    CONSTRAINT main_post_views_check CHECK ((views >= 0))
);


ALTER TABLE public.main_post OWNER TO navis;

--
-- Name: main_post_id_seq; Type: SEQUENCE; Schema: public; Owner: navis
--

ALTER TABLE public.main_post ALTER COLUMN id ADD GENERATED BY DEFAULT AS IDENTITY (
    SEQUENCE NAME public.main_post_id_seq
    START WITH 1
    INCREMENT BY 1
    NO MINVALUE
    NO MAXVALUE
    CACHE 1
);


--
-- Name: main_postdetail; Type: TABLE; Schema: public; Owner: navis
--

CREATE TABLE public.main_postdetail (
    id bigint NOT NULL,
    description text,
    main_id bigint NOT NULL
);


ALTER TABLE public.main_postdetail OWNER TO navis;

--
-- Name: main_slider; Type: TABLE; Schema: public; Owner: navis
--

CREATE TABLE public.main_slider (
    id bigint NOT NULL,
    language character varying(255),
    title character varying(255) NOT NULL,
    description character varying(255),
    img character varying(100),
    last_id bigint
);


ALTER TABLE public.main_slider OWNER TO navis;

--
-- Name: main_slider_id_seq; Type: SEQUENCE; Schema: public; Owner: navis
--

ALTER TABLE public.main_slider ALTER COLUMN id ADD GENERATED BY DEFAULT AS IDENTITY (
    SEQUENCE NAME public.main_slider_id_seq
    START WITH 1
    INCREMENT BY 1
    NO MINVALUE
    NO MAXVALUE
    CACHE 1
);


--
-- Name: main_statedetail_id_seq; Type: SEQUENCE; Schema: public; Owner: navis
--

ALTER TABLE public.main_postdetail ALTER COLUMN id ADD GENERATED BY DEFAULT AS IDENTITY (
    SEQUENCE NAME public.main_statedetail_id_seq
    START WITH 1
    INCREMENT BY 1
    NO MINVALUE
    NO MAXVALUE
    CACHE 1
);


--
-- Name: main_subcategory; Type: TABLE; Schema: public; Owner: navis
--

CREATE TABLE public.main_subcategory (
    id bigint NOT NULL,
    title character varying(255),
    slug character varying(50),
    cat_id bigint NOT NULL
);


ALTER TABLE public.main_subcategory OWNER TO navis;

--
-- Name: main_subcategory_id_seq; Type: SEQUENCE; Schema: public; Owner: navis
--

ALTER TABLE public.main_subcategory ALTER COLUMN id ADD GENERATED BY DEFAULT AS IDENTITY (
    SEQUENCE NAME public.main_subcategory_id_seq
    START WITH 1
    INCREMENT BY 1
    NO MINVALUE
    NO MAXVALUE
    CACHE 1
);


--
-- Name: users_user; Type: TABLE; Schema: public; Owner: navis
--

CREATE TABLE public.users_user (
    id bigint NOT NULL,
    password character varying(128) NOT NULL,
    last_login timestamp with time zone,
    is_superuser boolean NOT NULL,
    first_name character varying(150) NOT NULL,
    last_name character varying(150) NOT NULL,
    email character varying(254) NOT NULL,
    is_staff boolean NOT NULL,
    is_active boolean NOT NULL,
    date_joined timestamp with time zone NOT NULL,
    phone character varying(30) NOT NULL,
    user_type character varying(100) NOT NULL,
    code integer,
    activated boolean NOT NULL
);


ALTER TABLE public.users_user OWNER TO navis;

--
-- Name: users_user_groups; Type: TABLE; Schema: public; Owner: navis
--

CREATE TABLE public.users_user_groups (
    id bigint NOT NULL,
    user_id bigint NOT NULL,
    group_id integer NOT NULL
);


ALTER TABLE public.users_user_groups OWNER TO navis;

--
-- Name: users_user_groups_id_seq; Type: SEQUENCE; Schema: public; Owner: navis
--

ALTER TABLE public.users_user_groups ALTER COLUMN id ADD GENERATED BY DEFAULT AS IDENTITY (
    SEQUENCE NAME public.users_user_groups_id_seq
    START WITH 1
    INCREMENT BY 1
    NO MINVALUE
    NO MAXVALUE
    CACHE 1
);


--
-- Name: users_user_id_seq; Type: SEQUENCE; Schema: public; Owner: navis
--

ALTER TABLE public.users_user ALTER COLUMN id ADD GENERATED BY DEFAULT AS IDENTITY (
    SEQUENCE NAME public.users_user_id_seq
    START WITH 1
    INCREMENT BY 1
    NO MINVALUE
    NO MAXVALUE
    CACHE 1
);


--
-- Name: users_user_user_permissions; Type: TABLE; Schema: public; Owner: navis
--

CREATE TABLE public.users_user_user_permissions (
    id bigint NOT NULL,
    user_id bigint NOT NULL,
    permission_id integer NOT NULL
);


ALTER TABLE public.users_user_user_permissions OWNER TO navis;

--
-- Name: users_user_user_permissions_id_seq; Type: SEQUENCE; Schema: public; Owner: navis
--

ALTER TABLE public.users_user_user_permissions ALTER COLUMN id ADD GENERATED BY DEFAULT AS IDENTITY (
    SEQUENCE NAME public.users_user_user_permissions_id_seq
    START WITH 1
    INCREMENT BY 1
    NO MINVALUE
    NO MAXVALUE
    CACHE 1
);


--
-- Data for Name: auth_group; Type: TABLE DATA; Schema: public; Owner: navis
--

COPY public.auth_group (id, name) FROM stdin;
1	Журналисты
\.


--
-- Data for Name: auth_group_permissions; Type: TABLE DATA; Schema: public; Owner: navis
--

COPY public.auth_group_permissions (id, group_id, permission_id) FROM stdin;
1	1	34
2	1	35
3	1	41
4	1	42
5	1	48
6	1	49
7	1	53
152	1	5
153	1	6
154	1	7
155	1	9
156	1	10
157	1	11
158	1	13
159	1	14
160	1	15
21	1	8
25	1	12
29	1	16
33	1	28
34	1	29
35	1	30
36	1	31
37	1	32
38	1	33
39	1	36
40	1	37
41	1	38
42	1	39
43	1	40
44	1	43
45	1	44
46	1	45
47	1	46
48	1	47
49	1	50
50	1	51
51	1	52
52	1	54
53	1	55
54	1	56
161	1	21
162	1	22
163	1	23
164	1	24
165	1	25
166	1	26
167	1	27
168	1	57
169	1	58
170	1	59
171	1	60
172	1	61
75	1	1
76	1	2
77	1	3
78	1	4
79	1	17
80	1	18
81	1	19
82	1	20
173	1	62
174	1	63
175	1	64
\.


--
-- Data for Name: auth_permission; Type: TABLE DATA; Schema: public; Owner: navis
--

COPY public.auth_permission (id, name, content_type_id, codename) FROM stdin;
1	Can add log entry	1	add_logentry
2	Can change log entry	1	change_logentry
3	Can delete log entry	1	delete_logentry
4	Can view log entry	1	view_logentry
5	Can add permission	2	add_permission
6	Can change permission	2	change_permission
7	Can delete permission	2	delete_permission
8	Can view permission	2	view_permission
9	Can add group	3	add_group
10	Can change group	3	change_group
11	Can delete group	3	delete_group
12	Can view group	3	view_group
13	Can add user	4	add_user
14	Can change user	4	change_user
15	Can delete user	4	delete_user
16	Can view user	4	view_user
17	Can add content type	5	add_contenttype
18	Can change content type	5	change_contenttype
19	Can delete content type	5	delete_contenttype
20	Can view content type	5	view_contenttype
21	Can add session	6	add_session
22	Can change session	6	change_session
23	Can delete session	6	delete_session
24	Can view session	6	view_session
25	Can add user	7	add_user
26	Can change user	7	change_user
27	Can delete user	7	delete_user
28	Can view user	7	view_user
29	Can add Категория	8	add_category
30	Can change Категория	8	change_category
31	Can delete Категория	8	delete_category
32	Can view Категория	8	view_category
33	Can add 	9	add_state
34	Can change 	9	change_state
35	Can delete 	9	delete_state
36	Can view 	9	view_state
37	Can add Подкатегория	10	add_subcategory
38	Can change Подкатегория	10	change_subcategory
39	Can delete Подкатегория	10	delete_subcategory
40	Can view Подкатегория	10	view_subcategory
41	Can add Дополнительно	11	add_statedetail
42	Can change Дополнительно	11	change_statedetail
43	Can delete Дополнительно	11	delete_statedetail
44	Can view Дополнительно	11	view_statedetail
45	Can add 	12	add_slider
46	Can change 	12	change_slider
47	Can delete 	12	delete_slider
48	Can view 	12	view_slider
49	Can add 	13	add_post
50	Can change 	13	change_post
51	Can delete 	13	delete_post
52	Can view 	13	view_post
53	Can add Дополнительно	11	add_postdetail
54	Can change Дополнительно	11	change_postdetail
55	Can delete Дополнительно	11	delete_postdetail
56	Can view Дополнительно	11	view_postdetail
57	Can add comment	14	add_comment
58	Can change comment	14	change_comment
59	Can delete comment	14	delete_comment
60	Can view comment	14	view_comment
61	Can add comments	15	add_comments
62	Can change comments	15	change_comments
63	Can delete comments	15	delete_comments
64	Can view comments	15	view_comments
\.


--
-- Data for Name: auth_user; Type: TABLE DATA; Schema: public; Owner: navis
--

COPY public.auth_user (id, password, last_login, is_superuser, username, first_name, last_name, email, is_staff, is_active, date_joined) FROM stdin;
10	pbkdf2_sha256$600000$IqxG94KQSpGKz9LRnPwLXf$c8v81aqKyJr/OUP+lvcw5sAXT6SrfQcKHQjU8EYpKpg=	2024-03-11 08:36:23.925776+00	t	Санжарбек	Санжарбек	Кылычбеков	ky1ychbekow06@gmail.com	t	t	2024-03-10 14:12:19+00
1	pbkdf2_sha256$600000$CIV1xtZRjJkDRLcNnu234z$D++9Ym7sGZCpeefdjQ6M6YdqCkyC4j0YWubH+zHlC68=	2024-03-13 10:05:57.363481+00	t	admin	Аня	Наташова	anynat@gmail.com	t	t	2024-03-06 18:41:27+00
\.


--
-- Data for Name: auth_user_groups; Type: TABLE DATA; Schema: public; Owner: navis
--

COPY public.auth_user_groups (id, user_id, group_id) FROM stdin;
5	10	1
\.


--
-- Data for Name: auth_user_user_permissions; Type: TABLE DATA; Schema: public; Owner: navis
--

COPY public.auth_user_user_permissions (id, user_id, permission_id) FROM stdin;
129	10	1
130	10	2
131	10	3
132	10	4
133	10	5
134	10	6
135	10	7
136	10	8
137	10	9
138	10	10
139	10	11
140	10	12
141	10	13
142	10	14
143	10	15
144	10	16
145	10	17
146	10	18
147	10	19
148	10	20
149	10	21
150	10	22
151	10	23
152	10	24
153	10	25
154	10	26
155	10	27
156	10	28
157	10	29
158	10	30
159	10	31
160	10	32
161	10	33
162	10	34
163	10	35
164	10	36
165	10	37
166	10	38
167	10	39
168	10	40
169	10	41
170	10	42
171	10	43
172	10	44
173	10	45
174	10	46
175	10	47
176	10	48
177	10	49
178	10	50
179	10	51
180	10	52
181	10	53
182	10	54
183	10	55
184	10	56
185	10	57
186	10	58
187	10	59
188	10	60
189	10	61
190	10	62
191	10	63
192	10	64
\.


--
-- Data for Name: django_admin_log; Type: TABLE DATA; Schema: public; Owner: navis
--

COPY public.django_admin_log (id, action_time, object_id, object_repr, action_flag, change_message, content_type_id, user_id) FROM stdin;
1	2024-03-06 18:48:33.566744+00	1	Недвижимость	1	[{"added": {}}]	8	1
2	2024-03-06 18:50:02.960035+00	1	Недвижимость	2	[{"changed": {"fields": ["\\u042f\\u0437\\u044b\\u043a"]}}]	8	1
3	2024-03-06 18:50:55.094993+00	2	Роскошный отдых	1	[{"added": {}}]	8	1
4	2024-03-06 18:51:09.790246+00	3	Дизайн	1	[{"added": {}}]	8	1
5	2024-03-06 18:51:22.836861+00	4	Продукты	1	[{"added": {}}]	8	1
6	2024-03-06 18:51:34.232651+00	5	Интервью	1	[{"added": {}}]	8	1
7	2024-03-06 18:51:46.186023+00	6	Контакты	1	[{"added": {}}]	8	1
8	2024-03-06 19:01:07.571354+00	1	Slider object (1)	1	[{"added": {}}]	12	1
9	2024-03-06 19:05:40.009732+00	1	Монолит - создаем надежность и комфорт вместе!	2	[{"changed": {"fields": ["\\u042f\\u0437\\u044b\\u043a"]}}]	12	1
10	2024-03-06 19:05:48.447821+00	1	Монолит - создаем надежность и комфорт вместе!	2	[{"changed": {"fields": ["\\u042f\\u0437\\u044b\\u043a"]}}]	12	1
11	2024-03-06 19:08:25.360719+00	2	Монолит - ишенимдүүлүк менен комфортту чогуу жаратабыз!	1	[{"added": {}}]	12	1
12	2024-03-06 19:13:00.593929+00	1	Недвижимость	2	[{"changed": {"fields": ["\\u042f\\u0437\\u044b\\u043a"]}}]	8	1
13	2024-03-06 19:14:57.199778+00	1	Недвижимость	2	[{"added": {"name": "\\u041f\\u043e\\u0434\\u043a\\u0430\\u0442\\u0435\\u0433\\u043e\\u0440\\u0438\\u044f", "object": "\\u043e\\u0442\\u0435\\u043b\\u0438"}}, {"added": {"name": "\\u041f\\u043e\\u0434\\u043a\\u0430\\u0442\\u0435\\u0433\\u043e\\u0440\\u0438\\u044f", "object": "\\u0440\\u0435\\u0441\\u0442\\u043e\\u0440\\u0430\\u043d\\u044b"}}, {"added": {"name": "\\u041f\\u043e\\u0434\\u043a\\u0430\\u0442\\u0435\\u0433\\u043e\\u0440\\u0438\\u044f", "object": "\\u0441\\u043f\\u0430-\\u0441\\u0430\\u043b\\u043e\\u043d\\u044b"}}]	8	1
14	2024-03-06 19:15:10.836413+00	1	Недвижимость	2	[{"deleted": {"name": "\\u041f\\u043e\\u0434\\u043a\\u0430\\u0442\\u0435\\u0433\\u043e\\u0440\\u0438\\u044f", "object": "\\u043e\\u0442\\u0435\\u043b\\u0438"}}, {"deleted": {"name": "\\u041f\\u043e\\u0434\\u043a\\u0430\\u0442\\u0435\\u0433\\u043e\\u0440\\u0438\\u044f", "object": "\\u0440\\u0435\\u0441\\u0442\\u043e\\u0440\\u0430\\u043d\\u044b"}}, {"deleted": {"name": "\\u041f\\u043e\\u0434\\u043a\\u0430\\u0442\\u0435\\u0433\\u043e\\u0440\\u0438\\u044f", "object": "\\u0441\\u043f\\u0430-\\u0441\\u0430\\u043b\\u043e\\u043d\\u044b"}}]	8	1
15	2024-03-06 19:15:22.626652+00	2	Роскошный отдых	2	[{"added": {"name": "\\u041f\\u043e\\u0434\\u043a\\u0430\\u0442\\u0435\\u0433\\u043e\\u0440\\u0438\\u044f", "object": "\\u043e\\u0442\\u0435\\u043b\\u0438"}}, {"added": {"name": "\\u041f\\u043e\\u0434\\u043a\\u0430\\u0442\\u0435\\u0433\\u043e\\u0440\\u0438\\u044f", "object": "\\u0440\\u0435\\u0441\\u0442\\u043e\\u0440\\u0430\\u043d\\u044b"}}, {"added": {"name": "\\u041f\\u043e\\u0434\\u043a\\u0430\\u0442\\u0435\\u0433\\u043e\\u0440\\u0438\\u044f", "object": "\\u0441\\u043f\\u0430-\\u0441\\u0430\\u043b\\u043e\\u043d\\u044b"}}]	8	1
16	2024-03-06 19:23:47.299717+00	1	Недвижимость	2	[{"added": {"name": "\\u041f\\u043e\\u0434\\u043a\\u0430\\u0442\\u0435\\u0433\\u043e\\u0440\\u0438\\u044f", "object": "\\u0436\\u0438\\u043b\\u043e\\u0439 \\u0434\\u043e\\u043c"}}, {"added": {"name": "\\u041f\\u043e\\u0434\\u043a\\u0430\\u0442\\u0435\\u0433\\u043e\\u0440\\u0438\\u044f", "object": "\\u0434\\u0430\\u0447\\u0430"}}]	8	1
17	2024-03-06 19:24:28.437183+00	7	каракольский отель	1	[{"added": {}}, {"added": {"name": "\\u041f\\u043e\\u0434\\u043a\\u0430\\u0442\\u0435\\u0433\\u043e\\u0440\\u0438\\u044f", "object": "\\u041e\\u0442\\u0435\\u043b\\u044c"}}]	8	1
18	2024-03-06 19:25:16.219444+00	7	каракольский отель	2	[{"changed": {"fields": ["\\u0410\\u043a\\u0442\\u0438\\u0432\\u043d\\u043e"]}}]	8	1
19	2024-03-06 19:34:52.198028+00	8	ОРион отель не только гавно	1	[{"added": {}}, {"added": {"name": "\\u041f\\u043e\\u0434\\u043a\\u0430\\u0442\\u0435\\u0433\\u043e\\u0440\\u0438\\u044f", "object": "\\u041e\\u0440\\u0438\\u043e\\u043d \\u043e\\u0442\\u0435\\u043b\\u044c \\u041a\\u0410\\u0420\\u0410\\u041a\\u041e\\u041b\\u042c"}}]	8	1
20	2024-03-06 19:40:57.776132+00	8	ОРион отель не только гавно	3		8	1
21	2024-03-06 19:59:22.689915+00	9	Недвижимость	1	[{"added": {}}, {"added": {"name": "\\u041f\\u043e\\u0434\\u043a\\u0430\\u0442\\u0435\\u0433\\u043e\\u0440\\u0438\\u044f", "object": "\\u041a\\u0432\\u0430\\u0440\\u0442\\u0438\\u0440\\u0430"}}]	8	1
22	2024-03-06 20:00:08.13836+00	1	Москва - жилой дом премиум-класса	1	[{"added": {}}]	9	1
23	2024-03-06 20:02:08.623747+00	2	Москва - тан калыштуу уй, жомоктогу коз ирмемдер	1	[{"added": {}}, {"added": {"name": "\\u0414\\u043e\\u043f\\u043e\\u043b\\u043d\\u0438\\u0442\\u0435\\u043b\\u044c\\u043d\\u043e", "object": "StateDetail object (1)"}}]	9	1
24	2024-03-06 20:15:45.748409+00	1	Москва - жилой дом премиум-класса	1	[{"added": {}}, {"added": {"name": "\\u0414\\u043e\\u043f\\u043e\\u043b\\u043d\\u0438\\u0442\\u0435\\u043b\\u044c\\u043d\\u043e", "object": "PostDetail object (2)"}}]	13	1
25	2024-03-06 20:17:07.291866+00	2	UNO City - новый город-курорт в Кыргызстане	1	[{"added": {}}]	13	1
26	2024-03-06 20:17:57.418476+00	3	Взять квартиру в ипотеку в Бишкеке: миссия выполнима?	1	[{"added": {}}, {"added": {"name": "\\u0414\\u043e\\u043f\\u043e\\u043b\\u043d\\u0438\\u0442\\u0435\\u043b\\u044c\\u043d\\u043e", "object": "PostDetail object (3)"}}]	13	1
27	2024-03-06 20:18:33.583695+00	4	Секреты Дубай, недвижимость за рубежом	1	[{"added": {}}, {"added": {"name": "\\u0414\\u043e\\u043f\\u043e\\u043b\\u043d\\u0438\\u0442\\u0435\\u043b\\u044c\\u043d\\u043e", "object": "PostDetail object (4)"}}]	13	1
28	2024-03-06 20:20:00.696873+00	3	Взять квартиру в ипотеку в Бишкеке: миссия выполнима?	2	[{"changed": {"fields": ["\\u042f\\u0437\\u044b\\u043a"]}}]	13	1
29	2024-03-06 20:20:30.668128+00	4	Секреты Дубай, недвижимость за рубежом	2	[{"changed": {"fields": ["\\u042f\\u0437\\u044b\\u043a", "\\u0412\\u044b\\u0431\\u0435\\u0440\\u0438\\u0442\\u0435 \\u0440\\u0443\\u0441\\u0441\\u043a\\u0443\\u044e \\u0432\\u0435\\u0440\\u0441\\u0438\\u044e \\u0441\\u0442\\u0430\\u0442\\u044c\\u0438, \\u0447\\u0442\\u043e\\u0431\\u044b \\u0434\\u043e\\u0431\\u0430\\u0432\\u0438\\u0442\\u044c \\u0438\\u0437\\u043e\\u0431\\u0440\\u0430\\u0436\\u0435\\u043d\\u0438\\u0435 \\u0430\\u0432\\u0442\\u043e\\u043c\\u0430\\u0442\\u0438\\u0447\\u0435\\u0441\\u043a\\u0438\\u0439!"]}}]	13	1
30	2024-03-06 20:20:40.899069+00	2	UNO City - новый город-курорт в Кыргызстане	2	[{"changed": {"fields": ["\\u042f\\u0437\\u044b\\u043a"]}}]	13	1
31	2024-03-06 20:21:54.143113+00	1	Москва - жилой дом премиум-класса	2	[{"changed": {"fields": ["\\u041a\\u0430\\u0442\\u0435\\u0433\\u043e\\u0440\\u0438\\u044f", "\\u041f\\u043e\\u0434\\u043a\\u0430\\u0442\\u0435\\u0433\\u043e\\u0440\\u0438\\u044f"]}}]	13	1
32	2024-03-06 20:22:07.334999+00	2	UNO City - новый город-курорт в Кыргызстане	2	[{"changed": {"fields": ["\\u041a\\u0430\\u0442\\u0435\\u0433\\u043e\\u0440\\u0438\\u044f", "\\u041f\\u043e\\u0434\\u043a\\u0430\\u0442\\u0435\\u0433\\u043e\\u0440\\u0438\\u044f"]}}]	13	1
33	2024-03-06 20:22:16.501489+00	2	UNO City - новый город-курорт в Кыргызстане	2	[{"changed": {"fields": ["\\u041f\\u043e\\u0434\\u043a\\u0430\\u0442\\u0435\\u0433\\u043e\\u0440\\u0438\\u044f"]}}]	13	1
34	2024-03-06 20:22:29.101922+00	3	Взять квартиру в ипотеку в Бишкеке: миссия выполнима?	2	[{"changed": {"fields": ["\\u041a\\u0430\\u0442\\u0435\\u0433\\u043e\\u0440\\u0438\\u044f", "\\u041f\\u043e\\u0434\\u043a\\u0430\\u0442\\u0435\\u0433\\u043e\\u0440\\u0438\\u044f"]}}]	13	1
35	2024-03-06 20:22:37.866242+00	4	Секреты Дубай, недвижимость за рубежом	2	[{"changed": {"fields": ["\\u041a\\u0430\\u0442\\u0435\\u0433\\u043e\\u0440\\u0438\\u044f", "\\u041f\\u043e\\u0434\\u043a\\u0430\\u0442\\u0435\\u0433\\u043e\\u0440\\u0438\\u044f"]}}]	13	1
36	2024-03-06 20:22:47.919523+00	7	каракольский отель	3		8	1
37	2024-03-06 20:22:53.049805+00	9	Недвижимость	3		8	1
38	2024-03-06 21:25:50.619626+00	10	Кыймылсыз мүлк	1	[{"added": {}}]	8	1
39	2024-03-06 21:27:02.147518+00	10	Кыймылсыз мүлк	2	[{"changed": {"fields": ["\\u0410\\u043a\\u0442\\u0438\\u0432\\u043d\\u043e"]}}]	8	1
40	2024-03-06 21:27:07.961747+00	10	Кыймылсыз мүлк	2	[{"changed": {"fields": ["\\u0410\\u043a\\u0442\\u0438\\u0432\\u043d\\u043e"]}}]	8	1
41	2024-03-07 06:33:27.747628+00	1	Недвижимость	2	[{"added": {"name": "\\u041f\\u043e\\u0434\\u043a\\u0430\\u0442\\u0435\\u0433\\u043e\\u0440\\u0438\\u044f", "object": "\\u0421\\u043f\\u0430-\\u0441\\u0430\\u043b\\u043e\\u043d\\u044b"}}, {"changed": {"name": "\\u041f\\u043e\\u0434\\u043a\\u0430\\u0442\\u0435\\u0433\\u043e\\u0440\\u0438\\u044f", "object": "\\u041e\\u0442\\u0435\\u043b\\u044c", "fields": ["\\u041d\\u0430\\u0437\\u0432\\u0430\\u043d\\u0438\\u0435"]}}, {"changed": {"name": "\\u041f\\u043e\\u0434\\u043a\\u0430\\u0442\\u0435\\u0433\\u043e\\u0440\\u0438\\u044f", "object": "\\u0420\\u0435\\u0441\\u0442\\u043e\\u0440\\u0430\\u043d", "fields": ["\\u041d\\u0430\\u0437\\u0432\\u0430\\u043d\\u0438\\u0435"]}}]	8	1
42	2024-03-07 06:33:50.829552+00	4	Секреты Дубай, недвижимость за рубежом	2	[{"changed": {"fields": ["\\u0418\\u0437\\u043e\\u0431\\u0440\\u0430\\u0436\\u0435\\u043d\\u0438\\u0435"]}}]	13	1
43	2024-03-07 06:34:30.181297+00	3	Взять квартиру в ипотеку в Бишкеке: миссия выполнима?	2	[{"changed": {"fields": ["\\u0418\\u0437\\u043e\\u0431\\u0440\\u0430\\u0436\\u0435\\u043d\\u0438\\u0435"]}}]	13	1
44	2024-03-07 06:34:38.30888+00	4	Секреты Дубай, недвижимость за рубежом	2	[{"changed": {"fields": ["\\u0418\\u0437\\u043e\\u0431\\u0440\\u0430\\u0436\\u0435\\u043d\\u0438\\u0435"]}}]	13	1
45	2024-03-07 06:35:23.872996+00	5	Palazzo - ресторан премиум-класса	1	[{"added": {}}]	13	1
46	2024-03-07 06:37:18.350381+00	6	Москва - жилой дом премиум-класс	1	[{"added": {}}]	13	1
47	2024-03-07 06:37:45.173574+00	7	Sumbule - SPA центр незабываемого отдыха, красоты и здоровья	1	[{"added": {}}]	13	1
48	2024-03-07 06:37:55.938799+00	7	Sumbule - SPA центр незабываемого отдыха, красоты и здоровья	2	[{"changed": {"fields": ["\\u0418\\u0437\\u043e\\u0431\\u0440\\u0430\\u0436\\u0435\\u043d\\u0438\\u0435"]}}]	13	1
49	2024-03-07 06:38:05.856152+00	4	Секреты Дубай, недвижимость за рубежом	2	[{"changed": {"fields": ["\\u0418\\u0437\\u043e\\u0431\\u0440\\u0430\\u0436\\u0435\\u043d\\u0438\\u0435"]}}]	13	1
50	2024-03-07 06:38:16.806468+00	4	Секреты Дубай, недвижимость за рубежом	2	[{"changed": {"fields": ["\\u0418\\u0437\\u043e\\u0431\\u0440\\u0430\\u0436\\u0435\\u043d\\u0438\\u0435"]}}]	13	1
51	2024-03-07 06:38:27.251563+00	2	UNO City - новый город-курорт в Кыргызстане	2	[{"changed": {"fields": ["\\u0418\\u0437\\u043e\\u0431\\u0440\\u0430\\u0436\\u0435\\u043d\\u0438\\u0435"]}}]	13	1
52	2024-03-07 06:39:23.226911+00	8	Галерея - отделочные материалы оптом и в розницу	1	[{"added": {}}]	13	1
53	2024-03-07 06:40:12.711801+00	2	Роскошный отдых	2	[{"changed": {"fields": ["\\u0412\\u044b\\u0431\\u0435\\u0440\\u0438\\u0442\\u0435 \\u0440\\u0443\\u0441\\u0441\\u043a\\u0443\\u044e \\u0432\\u0435\\u0440\\u0441\\u0438\\u044e \\u043a\\u0430\\u0442\\u0435\\u0433\\u043e\\u0440\\u0438\\u0438!"]}}, {"changed": {"name": "\\u041f\\u043e\\u0434\\u043a\\u0430\\u0442\\u0435\\u0433\\u043e\\u0440\\u0438\\u044f", "object": "\\u041e\\u0442\\u0435\\u043b\\u0438", "fields": ["\\u041d\\u0430\\u0437\\u0432\\u0430\\u043d\\u0438\\u0435"]}}, {"changed": {"name": "\\u041f\\u043e\\u0434\\u043a\\u0430\\u0442\\u0435\\u0433\\u043e\\u0440\\u0438\\u044f", "object": "\\u0420\\u0435\\u0441\\u0442\\u043e\\u0440\\u0430\\u043d\\u044b", "fields": ["\\u041d\\u0430\\u0437\\u0432\\u0430\\u043d\\u0438\\u0435"]}}, {"changed": {"name": "\\u041f\\u043e\\u0434\\u043a\\u0430\\u0442\\u0435\\u0433\\u043e\\u0440\\u0438\\u044f", "object": "\\u0421\\u043f\\u0430-\\u0441\\u0430\\u043b\\u043e\\u043d\\u044b", "fields": ["\\u041d\\u0430\\u0437\\u0432\\u0430\\u043d\\u0438\\u0435"]}}]	8	1
54	2024-03-07 06:40:45.61813+00	9	Галерея - отделочные материалы оптом и  розницу	1	[{"added": {}}]	13	1
55	2024-03-07 06:41:15.19556+00	10	Все под одной крышей: стройматериалы, сантехника, инструменты, электротовары и мн.	1	[{"added": {}}]	13	1
56	2024-03-07 06:41:36.355829+00	11	Все под одной крышей: стройматериалы, сантехника, электротовары и мн.	1	[{"added": {}}]	13	1
57	2024-03-07 06:41:58.966379+00	12	Все под одной крышей: стройматериалы,, инструменты, электротовары и мн.	1	[{"added": {}}]	13	1
58	2024-03-07 06:42:13.531627+00	11	Все под одной крышей: стройматериалы, сантехника, электротовары и мн.	2	[{"changed": {"fields": ["\\u041a\\u0430\\u0442\\u0435\\u0433\\u043e\\u0440\\u0438\\u044f", "\\u041f\\u043e\\u0434\\u043a\\u0430\\u0442\\u0435\\u0433\\u043e\\u0440\\u0438\\u044f"]}}]	13	1
59	2024-03-07 06:42:24.695672+00	11	Все под одной крышей: стройматериалы, сантехника, электротовары и мн.	2	[{"changed": {"fields": ["\\u041f\\u043e\\u0434\\u043a\\u0430\\u0442\\u0435\\u0433\\u043e\\u0440\\u0438\\u044f"]}}]	13	1
60	2024-03-07 06:42:50.100848+00	13	Все под одной крышей: , сантехника, инструменты, электротовары и мн.	1	[{"added": {}}]	13	1
61	2024-03-07 06:43:09.972534+00	14	Все под одной крышей: стройматериалы, сантехника, инструменты	1	[{"added": {}}]	13	1
62	2024-03-07 06:43:38.006999+00	15	Все под одной крышей: стройматериалы, сантехника, инструменты, электротовары	1	[{"added": {}}]	13	1
63	2024-03-07 06:44:11.213968+00	16	Все под одной крышей:  инструменты, электротовары и мн.	1	[{"added": {}}]	13	1
64	2024-03-07 06:47:13.403654+00	17	Владислав Попов - основатель дизайн-студии Freedom Group	1	[{"added": {}}]	13	1
65	2024-03-07 06:48:13.597858+00	18	Владислав- основатель дизайн-студии Freedom Group	1	[{"added": {}}]	13	1
66	2024-03-07 06:48:35.178612+00	19	Владислав Попов - основатель дизайн Freedom Group	1	[{"added": {}}]	13	1
67	2024-03-07 06:48:58.624136+00	20	Владислав Попов - основатель студии Freedom Group	1	[{"added": {}}]	13	1
68	2024-03-07 06:49:11.000807+00	20	Владислав Попов - основатель студии Freedom Group	2	[{"changed": {"fields": ["\\u0418\\u0437\\u043e\\u0431\\u0440\\u0430\\u0436\\u0435\\u043d\\u0438\\u0435"]}}]	13	1
69	2024-03-07 06:49:59.454098+00	21	Отель Орион - не только место для отдыха	1	[{"added": {}}]	13	1
70	2024-03-07 06:50:23.121787+00	22	Отель Орион -  только место для отдыха	1	[{"added": {}}]	13	1
71	2024-03-07 06:50:49.025687+00	23	Отель Орион - не только место  отдыха	1	[{"added": {}}]	13	1
72	2024-03-07 06:51:13.169411+00	24	Sumbule - центр незабываемого отдыха, красоты и здоровья	1	[{"added": {}}]	13	1
73	2024-03-07 06:51:30.823374+00	25	Sumbule - SPA  незабываемого отдыха, красоты и здоровья	1	[{"added": {}}]	13	1
74	2024-03-07 06:51:49.54123+00	26	Sumbule - SPA центр незабываемого отдыха, красоты	1	[{"added": {}}]	13	1
75	2024-03-07 06:52:10.343185+00	27	Sumbule - SPA центр незабываемого красоты и здоровья	1	[{"added": {}}]	13	1
76	2024-03-07 06:52:31.477633+00	28	SPA центр незабываемого отдыха, красоты и здоровья	1	[{"added": {}}]	13	1
77	2024-03-07 06:53:19.977752+00	11	Популярные	1	[{"added": {}}, {"added": {"name": "\\u041f\\u043e\\u0434\\u043a\\u0430\\u0442\\u0435\\u0433\\u043e\\u0440\\u0438\\u044f", "object": "\\u041e\\u0442\\u0435\\u043b\\u044c"}}, {"added": {"name": "\\u041f\\u043e\\u0434\\u043a\\u0430\\u0442\\u0435\\u0433\\u043e\\u0440\\u0438\\u044f", "object": "\\u0420\\u0435\\u0441\\u0442\\u043e\\u0440\\u0430\\u043d"}}, {"added": {"name": "\\u041f\\u043e\\u0434\\u043a\\u0430\\u0442\\u0435\\u0433\\u043e\\u0440\\u0438\\u044f", "object": "\\u0421\\u043f\\u0430-\\u0441\\u0430\\u043b\\u043e\\u043d\\u044b"}}]	8	1
78	2024-03-07 06:53:44.211609+00	29	Sumbule - SPA центр незабываемого отдыха, красоты здоровья	1	[{"added": {}}]	13	1
79	2024-03-07 06:54:09.562499+00	30	Sumbule - SPA центр незабываемого отдых  красоты и здоровья	1	[{"added": {}}]	13	1
80	2024-03-07 06:54:40.77961+00	31	Palazzo - ресторан премиум-класа	1	[{"added": {}}]	13	1
81	2024-03-07 06:55:07.625249+00	32	Palazzo - ресторан лучшего-класса	1	[{"added": {}}]	13	1
82	2024-03-07 06:55:15.663653+00	32	Palazzo - ресторан лучшего-класса	2	[{"changed": {"fields": ["\\u041f\\u043e\\u0434\\u043a\\u0430\\u0442\\u0435\\u0433\\u043e\\u0440\\u0438\\u044f"]}}]	13	1
83	2024-03-07 06:55:46.752305+00	33	UNO City - новый город-курорт в Кыргызстан	1	[{"added": {}}]	13	1
84	2024-03-07 06:56:10.346363+00	34	UNO City - новый город-курорт  Кыргызстане	1	[{"added": {}}]	13	1
85	2024-03-07 06:56:32.511601+00	35	UNO City - новый курорт в Кыргызстане	1	[{"added": {}}]	13	1
86	2024-03-07 06:57:01.895025+00	36	UNO - новый город-курорт в Кыргызстане	1	[{"added": {}}]	13	1
87	2024-03-07 06:57:38.661307+00	12	Предложение от компании	1	[{"added": {}}]	8	1
88	2024-03-07 06:57:57.731203+00	12	Предложение от компании	2	[]	8	1
89	2024-03-07 06:58:45.198522+00	38	Взять квартиру в ипотеку в Бишкек: миссия выполнима?	1	[{"added": {}}]	13	1
90	2024-03-07 06:59:09.913137+00	39	Взять квартиру  ипотеку в Бишкеке: миссия выполнима?	1	[{"added": {}}]	13	1
91	2024-03-07 06:59:36.048644+00	40	Взять квартиру на ипотеку в Бишкеке: миссия выполнима?	1	[{"added": {}}]	13	1
92	2024-03-07 06:59:56.672649+00	41	Взять квартиру в ипотеку в Бишкеке:  выполнима?	1	[{"added": {}}]	13	1
93	2024-03-07 07:00:25.40703+00	42	Взять квартира в ипотеку в Бишкеке: миссия выполнима?	1	[{"added": {}}]	13	1
94	2024-03-07 07:00:45.540603+00	43	Взять квартиру в ипотеку в Бишкеке: миссия выполним?	1	[{"added": {}}]	13	1
95	2024-03-07 07:04:11.962502+00	10	Кыймылсыз мүлк	2	[{"added": {"name": "\\u041f\\u043e\\u0434\\u043a\\u0430\\u0442\\u0435\\u0433\\u043e\\u0440\\u0438\\u044f", "object": "\\u041c\\u0435\\u0439\\u043c\\u0430\\u043d\\u043a\\u0430\\u043d\\u0430"}}, {"added": {"name": "\\u041f\\u043e\\u0434\\u043a\\u0430\\u0442\\u0435\\u0433\\u043e\\u0440\\u0438\\u044f", "object": "\\u0420\\u0435\\u0441\\u0442\\u043e\\u0440\\u0430\\u043d"}}, {"added": {"name": "\\u041f\\u043e\\u0434\\u043a\\u0430\\u0442\\u0435\\u0433\\u043e\\u0440\\u0438\\u044f", "object": "\\u0421\\u043f\\u0430-\\u0441\\u0430\\u043b\\u043e\\u043d\\u0434\\u043e\\u0440"}}]	8	1
96	2024-03-07 07:05:00.970249+00	13	Люкс майрам	1	[{"added": {}}, {"added": {"name": "\\u041f\\u043e\\u0434\\u043a\\u0430\\u0442\\u0435\\u0433\\u043e\\u0440\\u0438\\u044f", "object": "\\u041c\\u0435\\u0439\\u043c\\u0430\\u043d\\u043a\\u0430\\u043d\\u0430"}}, {"added": {"name": "\\u041f\\u043e\\u0434\\u043a\\u0430\\u0442\\u0435\\u0433\\u043e\\u0440\\u0438\\u044f", "object": "\\u0420\\u0435\\u0441\\u0442\\u043e\\u0440\\u0430\\u043d"}}, {"added": {"name": "\\u041f\\u043e\\u0434\\u043a\\u0430\\u0442\\u0435\\u0433\\u043e\\u0440\\u0438\\u044f", "object": "\\u0421\\u043f\\u0430-\\u0441\\u0430\\u043b\\u043e\\u043d\\u0434\\u043e\\u0440"}}]	8	1
97	2024-03-07 07:05:47.453211+00	44	Москва - премиум турак жай имараты	1	[{"added": {}}]	13	1
98	2024-03-07 07:06:10.346299+00	45	Москва - премиум турак жай имараттар	1	[{"added": {}}]	13	1
99	2024-03-07 07:06:32.68367+00	46	Москва - премиум турак имараты	1	[{"added": {}}]	13	1
100	2024-03-07 07:07:51.231488+00	47	Мовква - премиум турак жай имараты	1	[{"added": {}}]	13	1
101	2024-03-07 07:08:28.262564+00	48	UNO City - Кыргызстандагы жаңы курорттук шаар	1	[{"added": {}}]	13	1
102	2024-03-07 07:08:52.437063+00	49	UNO City - Кыргызстандагы жаңы курортук шаар	1	[{"added": {}}]	13	1
103	2024-03-07 07:09:04.026936+00	13	Люкс майрам	2	[]	8	1
104	2024-03-07 07:09:32.19003+00	50	UNO City - Кыргызстандагы  курорттук шаар	1	[{"added": {}}]	13	1
105	2024-03-07 07:09:53.927255+00	51	UNO - Кыргызстандагы жаңы курорттук шаар	1	[{"added": {}}]	13	1
106	2024-03-07 07:10:11.576918+00	52	UNO City - Кыргызстанда жаңы курорттук шаар	1	[{"added": {}}]	13	1
107	2024-03-07 07:10:33.097029+00	53	City - Кыргызстандагы жаңы курорттук шаар	1	[{"added": {}}]	13	1
108	2024-03-07 07:11:08.267641+00	54	Бишкектен ипотека менен батир алуу: миссия мүмкүнбү?	1	[{"added": {}}]	13	1
109	2024-03-07 07:11:29.071692+00	55	Бишкектен ипотека батир алуу: миссия мүмкүнбү?	1	[{"added": {}}]	13	1
110	2024-03-07 07:12:00.621525+00	56	Бишкектен ипотека менен батир : миссия мүмкүнбү?	1	[{"added": {}}]	13	1
111	2024-03-07 07:12:48.822985+00	14	Популярдуу	1	[{"added": {}}]	8	1
112	2024-03-07 07:13:54.419886+00	15	Компаниеден сунуштар	1	[{"added": {}}]	8	1
113	2024-03-07 07:14:07.542305+00	16	Продукттар	1	[{"added": {}}]	8	1
114	2024-03-07 07:14:52.37815+00	15	Компанияден сунуштар	2	[{"changed": {"fields": ["\\u041d\\u0430\\u0437\\u0432\\u0430\\u043d\\u0438\\u0435"]}}, {"added": {"name": "\\u041f\\u043e\\u0434\\u043a\\u0430\\u0442\\u0435\\u0433\\u043e\\u0440\\u0438\\u044f", "object": "\\u041c\\u0435\\u0439\\u043c\\u0430\\u043d\\u043a\\u0430\\u043d\\u0430"}}, {"added": {"name": "\\u041f\\u043e\\u0434\\u043a\\u0430\\u0442\\u0435\\u0433\\u043e\\u0440\\u0438\\u044f", "object": "\\u0420\\u0435\\u0441\\u0442\\u043e\\u0440\\u0430\\u043d"}}, {"added": {"name": "\\u041f\\u043e\\u0434\\u043a\\u0430\\u0442\\u0435\\u0433\\u043e\\u0440\\u0438\\u044f", "object": "\\u0421\\u043f\\u0430-\\u0441\\u0430\\u043b\\u043e\\u043d\\u0434\\u043e\\u0440"}}]	8	1
115	2024-03-07 07:15:07.984028+00	14	Популярдуу	2	[{"added": {"name": "\\u041f\\u043e\\u0434\\u043a\\u0430\\u0442\\u0435\\u0433\\u043e\\u0440\\u0438\\u044f", "object": "\\u041c\\u0435\\u0439\\u043c\\u0430\\u043d\\u043a\\u0430\\u043d\\u0430"}}, {"added": {"name": "\\u041f\\u043e\\u0434\\u043a\\u0430\\u0442\\u0435\\u0433\\u043e\\u0440\\u0438\\u044f", "object": "\\u0420\\u0435\\u0441\\u0442\\u043e\\u0440\\u0430\\u043d"}}, {"added": {"name": "\\u041f\\u043e\\u0434\\u043a\\u0430\\u0442\\u0435\\u0433\\u043e\\u0440\\u0438\\u044f", "object": "\\u0421\\u043f\\u0430-\\u0441\\u0430\\u043b\\u043e\\u043d\\u0434\\u043e\\u0440"}}]	8	1
116	2024-03-07 07:15:58.645642+00	57	Бишкектен ипотека менен батир алуу: миссия мүмкүн?	1	[{"added": {}}]	13	1
117	2024-03-07 07:16:59.417568+00	58	Дубайдын сырлары, чет өлкөдөгү кыймылсыз мүлк	1	[{"added": {}}]	13	1
118	2024-03-07 07:17:22.820681+00	59	Дубайдын сырлары, чет  кыймылсыз мүлк	1	[{"added": {}}]	13	1
119	2024-03-07 07:17:42.582513+00	60	Дубайдын сырлары, чет өлкөдөгү кыймылсыз	1	[{"added": {}}]	13	1
120	2024-03-07 07:18:18.322737+00	61	Дубайдын сыры, чет өлкөдөгү кыймылсыз мүлк	1	[{"added": {}}]	13	1
121	2024-03-07 07:19:02.936992+00	62	Галерея - бүтүрүү материалдары дүң жана чекене	1	[{"added": {}}]	13	1
122	2024-03-07 07:19:23.952181+00	63	Галерея - бүтүрүү материалдары дүң	1	[{"added": {}}]	13	1
123	2024-03-07 07:19:44.352813+00	64	Галерея - материалдары дүң жана чекене	1	[{"added": {}}]	13	1
124	2024-03-07 07:20:08.075451+00	65	Галерея - бүтүрүү материалдары жана чекене	1	[{"added": {}}]	13	1
125	2024-03-07 07:20:39.728136+00	67	Галерея - бүтүрү материлдары дүң жана чекене	1	[{"added": {}}]	13	1
126	2024-03-07 07:21:26.840483+00	3	Дизайн	3		8	1
127	2024-03-07 07:49:01.282273+00	67	Галерея - бүтүрү материлдары дүң жана чекене	2	[{"changed": {"fields": ["\\u0418\\u0437\\u043e\\u0431\\u0440\\u0430\\u0436\\u0435\\u043d\\u0438\\u0435"]}}]	13	1
128	2024-03-07 08:16:08.395394+00	65	Галерея - бүтүрүү материалдары жана чекене	2	[{"changed": {"fields": ["\\u0418\\u0437\\u043e\\u0431\\u0440\\u0430\\u0436\\u0435\\u043d\\u0438\\u0435"]}}]	13	1
129	2024-03-07 08:16:17.282723+00	64	Галерея - материалдары дүң жана чекене	2	[{"changed": {"fields": ["\\u0418\\u0437\\u043e\\u0431\\u0440\\u0430\\u0436\\u0435\\u043d\\u0438\\u0435"]}}]	13	1
130	2024-03-07 08:16:27.022217+00	63	Галерея - бүтүрүү материалдары дүң	2	[{"changed": {"fields": ["\\u0418\\u0437\\u043e\\u0431\\u0440\\u0430\\u0436\\u0435\\u043d\\u0438\\u0435"]}}]	13	1
131	2024-03-07 08:16:36.519231+00	62	Галерея - бүтүрүү материалдары дүң жана чекене	2	[{"changed": {"fields": ["\\u0418\\u0437\\u043e\\u0431\\u0440\\u0430\\u0436\\u0435\\u043d\\u0438\\u0435"]}}]	13	1
132	2024-03-07 08:16:46.584775+00	61	Дубайдын сыры, чет өлкөдөгү кыймылсыз мүлк	2	[{"changed": {"fields": ["\\u0418\\u0437\\u043e\\u0431\\u0440\\u0430\\u0436\\u0435\\u043d\\u0438\\u0435"]}}]	13	1
133	2024-03-07 08:16:55.486856+00	60	Дубайдын сырлары, чет өлкөдөгү кыймылсыз	2	[{"changed": {"fields": ["\\u0418\\u0437\\u043e\\u0431\\u0440\\u0430\\u0436\\u0435\\u043d\\u0438\\u0435"]}}]	13	1
134	2024-03-07 08:17:05.893717+00	59	Дубайдын сырлары, чет  кыймылсыз мүлк	2	[{"changed": {"fields": ["\\u0418\\u0437\\u043e\\u0431\\u0440\\u0430\\u0436\\u0435\\u043d\\u0438\\u0435"]}}]	13	1
135	2024-03-07 08:17:14.669835+00	58	Дубайдын сырлары, чет өлкөдөгү кыймылсыз мүлк	2	[{"changed": {"fields": ["\\u0418\\u0437\\u043e\\u0431\\u0440\\u0430\\u0436\\u0435\\u043d\\u0438\\u0435"]}}]	13	1
136	2024-03-07 08:17:29.91748+00	8	Галерея - отделочные материалы оптом и в розницу	2	[{"changed": {"fields": ["\\u0418\\u0437\\u043e\\u0431\\u0440\\u0430\\u0436\\u0435\\u043d\\u0438\\u0435"]}}]	13	1
137	2024-03-07 08:17:40.174343+00	7	Sumbule - SPA центр незабываемого отдыха, красоты и здоровья	2	[{"changed": {"fields": ["\\u0418\\u0437\\u043e\\u0431\\u0440\\u0430\\u0436\\u0435\\u043d\\u0438\\u0435"]}}]	13	1
138	2024-03-07 08:17:49.155527+00	6	Москва - жилой дом премиум-класс	2	[{"changed": {"fields": ["\\u0418\\u0437\\u043e\\u0431\\u0440\\u0430\\u0436\\u0435\\u043d\\u0438\\u0435"]}}]	13	1
139	2024-03-07 08:17:57.762687+00	5	Palazzo - ресторан премиум-класса	2	[{"changed": {"fields": ["\\u0418\\u0437\\u043e\\u0431\\u0440\\u0430\\u0436\\u0435\\u043d\\u0438\\u0435"]}}]	13	1
140	2024-03-07 08:19:39.93628+00	1	Москва - жилой дом премиум-класса	2	[{"changed": {"fields": ["\\u0418\\u0437\\u043e\\u0431\\u0440\\u0430\\u0436\\u0435\\u043d\\u0438\\u0435", "\\u041e\\u043f\\u0443\\u0431\\u043b\\u0438\\u043a\\u043e\\u0432\\u0430\\u0442\\u044c"]}}]	13	1
141	2024-03-07 08:19:40.187526+00	1	Москва - жилой дом премиум-класса	2	[{"changed": {"fields": ["\\u0418\\u0437\\u043e\\u0431\\u0440\\u0430\\u0436\\u0435\\u043d\\u0438\\u0435"]}}]	13	1
142	2024-03-07 08:20:03.223509+00	2	UNO City - новый город-курорт в Кыргызстане	3		13	1
143	2024-03-07 08:20:23.748101+00	3	Взять квартиру в ипотеку в Бишкеке: миссия выполнима?	2	[{"changed": {"fields": ["\\u0418\\u0437\\u043e\\u0431\\u0440\\u0430\\u0436\\u0435\\u043d\\u0438\\u0435"]}}]	13	1
144	2024-03-07 08:20:33.374624+00	16	Все под одной крышей:  инструменты, электротовары и мн.	2	[{"changed": {"fields": ["\\u0418\\u0437\\u043e\\u0431\\u0440\\u0430\\u0436\\u0435\\u043d\\u0438\\u0435"]}}]	13	1
145	2024-03-07 08:20:42.513727+00	15	Все под одной крышей: стройматериалы, сантехника, инструменты, электротовары	2	[{"changed": {"fields": ["\\u0418\\u0437\\u043e\\u0431\\u0440\\u0430\\u0436\\u0435\\u043d\\u0438\\u0435"]}}]	13	1
146	2024-03-07 08:20:50.160986+00	14	Все под одной крышей: стройматериалы, сантехника, инструменты	2	[{"changed": {"fields": ["\\u0418\\u0437\\u043e\\u0431\\u0440\\u0430\\u0436\\u0435\\u043d\\u0438\\u0435"]}}]	13	1
147	2024-03-07 08:21:26.110936+00	4	Секреты Дубай, недвижимость за рубежом	3		13	1
148	2024-03-07 08:21:35.521695+00	10	Все под одной крышей: стройматериалы, сантехника, инструменты, электротовары и мн.	2	[{"changed": {"fields": ["\\u0418\\u0437\\u043e\\u0431\\u0440\\u0430\\u0436\\u0435\\u043d\\u0438\\u0435"]}}]	13	1
149	2024-03-07 08:21:43.137286+00	12	Все под одной крышей: стройматериалы,, инструменты, электротовары и мн.	2	[{"changed": {"fields": ["\\u0418\\u0437\\u043e\\u0431\\u0440\\u0430\\u0436\\u0435\\u043d\\u0438\\u0435"]}}]	13	1
150	2024-03-07 08:21:52.597976+00	13	Все под одной крышей: , сантехника, инструменты, электротовары и мн.	2	[{"changed": {"fields": ["\\u0418\\u0437\\u043e\\u0431\\u0440\\u0430\\u0436\\u0435\\u043d\\u0438\\u0435"]}}]	13	1
151	2024-03-07 08:22:00.012555+00	17	Владислав Попов - основатель дизайн-студии Freedom Group	2	[{"changed": {"fields": ["\\u0418\\u0437\\u043e\\u0431\\u0440\\u0430\\u0436\\u0435\\u043d\\u0438\\u0435"]}}]	13	1
152	2024-03-07 08:22:07.910489+00	18	Владислав- основатель дизайн-студии Freedom Group	2	[{"changed": {"fields": ["\\u0418\\u0437\\u043e\\u0431\\u0440\\u0430\\u0436\\u0435\\u043d\\u0438\\u0435"]}}]	13	1
153	2024-03-07 08:22:16.89625+00	19	Владислав Попов - основатель дизайн Freedom Group	2	[{"changed": {"fields": ["\\u0418\\u0437\\u043e\\u0431\\u0440\\u0430\\u0436\\u0435\\u043d\\u0438\\u0435"]}}]	13	1
154	2024-03-07 08:22:23.991571+00	20	Владислав Попов - основатель студии Freedom Group	2	[{"changed": {"fields": ["\\u0418\\u0437\\u043e\\u0431\\u0440\\u0430\\u0436\\u0435\\u043d\\u0438\\u0435"]}}]	13	1
155	2024-03-07 08:23:33.488057+00	57	Бишкектен ипотека менен батир алуу: миссия мүмкүн?	2	[{"changed": {"fields": ["\\u0418\\u0437\\u043e\\u0431\\u0440\\u0430\\u0436\\u0435\\u043d\\u0438\\u0435"]}}]	13	1
156	2024-03-07 08:24:33.240858+00	21	Отель Орион - не только место для отдыха	2	[{"changed": {"fields": ["\\u0418\\u0437\\u043e\\u0431\\u0440\\u0430\\u0436\\u0435\\u043d\\u0438\\u0435"]}}]	13	1
157	2024-03-07 08:24:42.297757+00	22	Отель Орион -  только место для отдыха	2	[{"changed": {"fields": ["\\u0418\\u0437\\u043e\\u0431\\u0440\\u0430\\u0436\\u0435\\u043d\\u0438\\u0435"]}}]	13	1
158	2024-03-07 08:24:50.575021+00	23	Отель Орион - не только место  отдыха	2	[{"changed": {"fields": ["\\u0418\\u0437\\u043e\\u0431\\u0440\\u0430\\u0436\\u0435\\u043d\\u0438\\u0435"]}}]	13	1
159	2024-03-07 08:25:00.97611+00	24	Sumbule - центр незабываемого отдыха, красоты и здоровья	2	[{"changed": {"fields": ["\\u0418\\u0437\\u043e\\u0431\\u0440\\u0430\\u0436\\u0435\\u043d\\u0438\\u0435"]}}]	13	1
160	2024-03-07 08:25:10.987147+00	25	Sumbule - SPA  незабываемого отдыха, красоты и здоровья	2	[{"changed": {"fields": ["\\u0418\\u0437\\u043e\\u0431\\u0440\\u0430\\u0436\\u0435\\u043d\\u0438\\u0435"]}}]	13	1
161	2024-03-07 08:25:19.715398+00	26	Sumbule - SPA центр незабываемого отдыха, красоты	2	[{"changed": {"fields": ["\\u0418\\u0437\\u043e\\u0431\\u0440\\u0430\\u0436\\u0435\\u043d\\u0438\\u0435"]}}]	13	1
162	2024-03-07 08:25:31.096165+00	28	SPA центр незабываемого отдыха, красоты и здоровья	2	[{"changed": {"fields": ["\\u0418\\u0437\\u043e\\u0431\\u0440\\u0430\\u0436\\u0435\\u043d\\u0438\\u0435"]}}]	13	1
163	2024-03-07 08:25:39.768119+00	27	Sumbule - SPA центр незабываемого красоты и здоровья	2	[{"changed": {"fields": ["\\u0418\\u0437\\u043e\\u0431\\u0440\\u0430\\u0436\\u0435\\u043d\\u0438\\u0435"]}}]	13	1
164	2024-03-07 08:25:49.738286+00	30	Sumbule - SPA центр незабываемого отдых  красоты и здоровья	2	[{"changed": {"fields": ["\\u0418\\u0437\\u043e\\u0431\\u0440\\u0430\\u0436\\u0435\\u043d\\u0438\\u0435"]}}]	13	1
165	2024-03-07 08:25:58.961307+00	29	Sumbule - SPA центр незабываемого отдыха, красоты здоровья	2	[{"changed": {"fields": ["\\u0418\\u0437\\u043e\\u0431\\u0440\\u0430\\u0436\\u0435\\u043d\\u0438\\u0435"]}}]	13	1
166	2024-03-07 08:26:07.57415+00	31	Palazzo - ресторан премиум-класа	2	[{"changed": {"fields": ["\\u0418\\u0437\\u043e\\u0431\\u0440\\u0430\\u0436\\u0435\\u043d\\u0438\\u0435"]}}]	13	1
167	2024-03-07 08:26:26.127014+00	9	Галерея - отделочные материалы оптом и  розницу	2	[{"changed": {"fields": ["\\u0418\\u0437\\u043e\\u0431\\u0440\\u0430\\u0436\\u0435\\u043d\\u0438\\u0435"]}}]	13	1
168	2024-03-07 08:26:39.960423+00	56	Бишкектен ипотека менен батир : миссия мүмкүнбү?	2	[{"changed": {"fields": ["\\u0418\\u0437\\u043e\\u0431\\u0440\\u0430\\u0436\\u0435\\u043d\\u0438\\u0435"]}}]	13	1
169	2024-03-07 08:26:47.826452+00	32	Palazzo - ресторан лучшего-класса	2	[{"changed": {"fields": ["\\u0418\\u0437\\u043e\\u0431\\u0440\\u0430\\u0436\\u0435\\u043d\\u0438\\u0435"]}}]	13	1
170	2024-03-07 08:26:57.095107+00	38	Взять квартиру в ипотеку в Бишкек: миссия выполнима?	2	[{"changed": {"fields": ["\\u0418\\u0437\\u043e\\u0431\\u0440\\u0430\\u0436\\u0435\\u043d\\u0438\\u0435"]}}]	13	1
171	2024-03-07 08:27:07.276293+00	39	Взять квартиру  ипотеку в Бишкеке: миссия выполнима?	2	[{"changed": {"fields": ["\\u0418\\u0437\\u043e\\u0431\\u0440\\u0430\\u0436\\u0435\\u043d\\u0438\\u0435"]}}]	13	1
172	2024-03-07 08:27:14.877503+00	33	UNO City - новый город-курорт в Кыргызстан	2	[{"changed": {"fields": ["\\u0418\\u0437\\u043e\\u0431\\u0440\\u0430\\u0436\\u0435\\u043d\\u0438\\u0435"]}}]	13	1
173	2024-03-07 08:27:24.93144+00	35	UNO City - новый курорт в Кыргызстане	2	[{"changed": {"fields": ["\\u0418\\u0437\\u043e\\u0431\\u0440\\u0430\\u0436\\u0435\\u043d\\u0438\\u0435"]}}]	13	1
174	2024-03-07 08:27:33.816591+00	34	UNO City - новый город-курорт  Кыргызстане	2	[{"changed": {"fields": ["\\u0418\\u0437\\u043e\\u0431\\u0440\\u0430\\u0436\\u0435\\u043d\\u0438\\u0435"]}}]	13	1
175	2024-03-07 08:27:42.091459+00	11	Все под одной крышей: стройматериалы, сантехника, электротовары и мн.	2	[{"changed": {"fields": ["\\u0418\\u0437\\u043e\\u0431\\u0440\\u0430\\u0436\\u0435\\u043d\\u0438\\u0435"]}}]	13	1
176	2024-03-07 08:27:49.894842+00	41	Взять квартиру в ипотеку в Бишкеке:  выполнима?	2	[{"changed": {"fields": ["\\u0418\\u0437\\u043e\\u0431\\u0440\\u0430\\u0436\\u0435\\u043d\\u0438\\u0435"]}}]	13	1
177	2024-03-07 08:27:56.91776+00	40	Взять квартиру на ипотеку в Бишкеке: миссия выполнима?	2	[{"changed": {"fields": ["\\u0418\\u0437\\u043e\\u0431\\u0440\\u0430\\u0436\\u0435\\u043d\\u0438\\u0435"]}}]	13	1
178	2024-03-07 08:28:04.792348+00	42	Взять квартира в ипотеку в Бишкеке: миссия выполнима?	2	[{"changed": {"fields": ["\\u0418\\u0437\\u043e\\u0431\\u0440\\u0430\\u0436\\u0435\\u043d\\u0438\\u0435"]}}]	13	1
179	2024-03-07 08:28:13.602942+00	44	Москва - премиум турак жай имараты	2	[{"changed": {"fields": ["\\u0418\\u0437\\u043e\\u0431\\u0440\\u0430\\u0436\\u0435\\u043d\\u0438\\u0435"]}}]	13	1
180	2024-03-07 08:28:20.746013+00	36	UNO - новый город-курорт в Кыргызстане	2	[{"changed": {"fields": ["\\u0418\\u0437\\u043e\\u0431\\u0440\\u0430\\u0436\\u0435\\u043d\\u0438\\u0435"]}}]	13	1
181	2024-03-07 08:28:30.310627+00	45	Москва - премиум турак жай имараттар	2	[{"changed": {"fields": ["\\u0418\\u0437\\u043e\\u0431\\u0440\\u0430\\u0436\\u0435\\u043d\\u0438\\u0435"]}}]	13	1
182	2024-03-07 08:28:37.187315+00	43	Взять квартиру в ипотеку в Бишкеке: миссия выполним?	2	[{"changed": {"fields": ["\\u0418\\u0437\\u043e\\u0431\\u0440\\u0430\\u0436\\u0435\\u043d\\u0438\\u0435"]}}]	13	1
183	2024-03-07 08:28:44.049843+00	48	UNO City - Кыргызстандагы жаңы курорттук шаар	2	[{"changed": {"fields": ["\\u0418\\u0437\\u043e\\u0431\\u0440\\u0430\\u0436\\u0435\\u043d\\u0438\\u0435"]}}]	13	1
184	2024-03-07 08:28:52.709948+00	49	UNO City - Кыргызстандагы жаңы курортук шаар	2	[{"changed": {"fields": ["\\u0418\\u0437\\u043e\\u0431\\u0440\\u0430\\u0436\\u0435\\u043d\\u0438\\u0435"]}}]	13	1
185	2024-03-07 08:29:03.017042+00	46	Москва - премиум турак имараты	2	[{"changed": {"fields": ["\\u0418\\u0437\\u043e\\u0431\\u0440\\u0430\\u0436\\u0435\\u043d\\u0438\\u0435"]}}]	13	1
186	2024-03-07 08:29:10.035178+00	51	UNO - Кыргызстандагы жаңы курорттук шаар	2	[{"changed": {"fields": ["\\u0418\\u0437\\u043e\\u0431\\u0440\\u0430\\u0436\\u0435\\u043d\\u0438\\u0435"]}}]	13	1
187	2024-03-07 08:29:17.095302+00	52	UNO City - Кыргызстанда жаңы курорттук шаар	2	[{"changed": {"fields": ["\\u0418\\u0437\\u043e\\u0431\\u0440\\u0430\\u0436\\u0435\\u043d\\u0438\\u0435"]}}]	13	1
188	2024-03-07 08:29:25.965036+00	50	UNO City - Кыргызстандагы  курорттук шаар	2	[{"changed": {"fields": ["\\u0418\\u0437\\u043e\\u0431\\u0440\\u0430\\u0436\\u0435\\u043d\\u0438\\u0435"]}}]	13	1
189	2024-03-07 08:29:52.245067+00	47	Мовква - премиум турак жай имараты	3		13	1
190	2024-03-07 08:29:58.975462+00	53	City - Кыргызстандагы жаңы курорттук шаар	2	[{"changed": {"fields": ["\\u0418\\u0437\\u043e\\u0431\\u0440\\u0430\\u0436\\u0435\\u043d\\u0438\\u0435"]}}]	13	1
191	2024-03-07 08:30:09.730927+00	54	Бишкектен ипотека менен батир алуу: миссия мүмкүнбү?	2	[{"changed": {"fields": ["\\u0418\\u0437\\u043e\\u0431\\u0440\\u0430\\u0436\\u0435\\u043d\\u0438\\u0435"]}}]	13	1
192	2024-03-07 08:30:19.028117+00	55	Бишкектен ипотека батир алуу: миссия мүмкүнбү?	2	[{"changed": {"fields": ["\\u0418\\u0437\\u043e\\u0431\\u0440\\u0430\\u0436\\u0435\\u043d\\u0438\\u0435"]}}]	13	1
193	2024-03-07 08:35:07.569209+00	45	Москва - премиум турак жай имараттар	2	[{"changed": {"fields": ["\\u042f\\u0437\\u044b\\u043a"]}}]	13	1
194	2024-03-07 08:35:17.319123+00	60	Дубайдын сырлары, чет өлкөдөгү кыймылсыз	2	[{"changed": {"fields": ["\\u042f\\u0437\\u044b\\u043a"]}}]	13	1
195	2024-03-07 08:35:25.143507+00	63	Галерея - бүтүрүү материалдары дүң	2	[{"changed": {"fields": ["\\u042f\\u0437\\u044b\\u043a"]}}]	13	1
196	2024-03-07 08:35:46.935705+00	67	Галерея - бүтүрү материлдары дүң жана чекене	2	[{"changed": {"fields": ["\\u042f\\u0437\\u044b\\u043a"]}}]	13	1
197	2024-03-07 08:35:52.196364+00	65	Галерея - бүтүрүү материалдары жана чекене	2	[{"changed": {"fields": ["\\u042f\\u0437\\u044b\\u043a"]}}]	13	1
198	2024-03-07 08:36:00.082999+00	62	Галерея - бүтүрүү материалдары дүң жана чекене	2	[{"changed": {"fields": ["\\u042f\\u0437\\u044b\\u043a"]}}]	13	1
199	2024-03-07 08:36:06.362995+00	61	Дубайдын сыры, чет өлкөдөгү кыймылсыз мүлк	2	[{"changed": {"fields": ["\\u042f\\u0437\\u044b\\u043a"]}}]	13	1
200	2024-03-07 08:36:13.423288+00	59	Дубайдын сырлары, чет  кыймылсыз мүлк	2	[{"changed": {"fields": ["\\u042f\\u0437\\u044b\\u043a"]}}]	13	1
201	2024-03-07 08:36:18.967241+00	58	Дубайдын сырлары, чет өлкөдөгү кыймылсыз мүлк	2	[{"changed": {"fields": ["\\u042f\\u0437\\u044b\\u043a"]}}]	13	1
202	2024-03-07 08:36:33.897304+00	57	Бишкектен ипотека менен батир алуу: миссия мүмкүн?	2	[{"changed": {"fields": ["\\u042f\\u0437\\u044b\\u043a"]}}]	13	1
203	2024-03-07 08:36:47.980091+00	56	Бишкектен ипотека менен батир : миссия мүмкүнбү?	2	[{"changed": {"fields": ["\\u042f\\u0437\\u044b\\u043a"]}}]	13	1
204	2024-03-07 08:36:58.243027+00	56	Бишкектен ипотека менен батир : миссия мүмкүнбү?	2	[]	13	1
205	2024-03-07 08:37:18.665634+00	44	Москва - премиум турак жай имараты	2	[]	13	1
206	2024-03-07 08:37:42.851701+00	16	Продукттар	2	[{"changed": {"fields": ["\\u042f\\u0437\\u044b\\u043a"]}}]	8	1
207	2024-03-07 08:41:09.873416+00	67	Галерея - бүтүрү материлдары дүң жана чекене	2	[{"added": {"name": "\\u0414\\u043e\\u043f\\u043e\\u043b\\u043d\\u0438\\u0442\\u0435\\u043b\\u044c\\u043d\\u043e", "object": "PostDetail object (5)"}}]	13	1
208	2024-03-07 08:42:15.093439+00	65	Галерея - бүтүрүү материалдары жана чекене	2	[{"added": {"name": "\\u0414\\u043e\\u043f\\u043e\\u043b\\u043d\\u0438\\u0442\\u0435\\u043b\\u044c\\u043d\\u043e", "object": "PostDetail object (6)"}}]	13	1
209	2024-03-07 08:43:38.059684+00	64	Галерея - материалдары дүң жана чекене	2	[{"added": {"name": "\\u0414\\u043e\\u043f\\u043e\\u043b\\u043d\\u0438\\u0442\\u0435\\u043b\\u044c\\u043d\\u043e", "object": "PostDetail object (7)"}}]	13	1
210	2024-03-07 08:44:45.360981+00	63	Галерея - бүтүрүү материалдары дүң	2	[{"added": {"name": "\\u0414\\u043e\\u043f\\u043e\\u043b\\u043d\\u0438\\u0442\\u0435\\u043b\\u044c\\u043d\\u043e", "object": "PostDetail object (8)"}}]	13	1
211	2024-03-07 08:46:06.146924+00	8	Галерея - отделочные материалы оптом и в розницу	2	[{"added": {"name": "\\u0414\\u043e\\u043f\\u043e\\u043b\\u043d\\u0438\\u0442\\u0435\\u043b\\u044c\\u043d\\u043e", "object": "PostDetail object (9)"}}]	13	1
212	2024-03-07 08:48:30.462019+00	7	Sumbule - SPA центр незабываемого отдыха, красоты и здоровья	2	[{"added": {"name": "\\u0414\\u043e\\u043f\\u043e\\u043b\\u043d\\u0438\\u0442\\u0435\\u043b\\u044c\\u043d\\u043e", "object": "PostDetail object (10)"}}]	13	1
213	2024-03-07 08:49:25.167221+00	6	Москва - жилой дом премиум-класс	2	[{"added": {"name": "\\u0414\\u043e\\u043f\\u043e\\u043b\\u043d\\u0438\\u0442\\u0435\\u043b\\u044c\\u043d\\u043e", "object": "PostDetail object (11)"}}]	13	1
214	2024-03-07 08:50:11.638791+00	5	Palazzo - ресторан премиум-класса	2	[{"added": {"name": "\\u0414\\u043e\\u043f\\u043e\\u043b\\u043d\\u0438\\u0442\\u0435\\u043b\\u044c\\u043d\\u043e", "object": "PostDetail object (12)"}}]	13	1
215	2024-03-07 08:51:17.358191+00	1	Москва - жилой дом премиум-класса	2	[{"changed": {"name": "\\u0414\\u043e\\u043f\\u043e\\u043b\\u043d\\u0438\\u0442\\u0435\\u043b\\u044c\\u043d\\u043e", "object": "PostDetail object (2)", "fields": ["\\u041f\\u043e\\u0434\\u0440\\u043e\\u0431\\u043d\\u0435\\u0435"]}}]	13	1
243	2024-03-07 09:21:27.613545+00	39	Взять квартиру  ипотеку в Бишкеке: миссия выполнима?	2	[{"added": {"name": "\\u0414\\u043e\\u043f\\u043e\\u043b\\u043d\\u0438\\u0442\\u0435\\u043b\\u044c\\u043d\\u043e", "object": "PostDetail object (39)"}}]	13	1
216	2024-03-07 08:52:26.178901+00	3	Взять квартиру в ипотеку в Бишкеке: миссия выполнима?	2	[{"changed": {"name": "\\u0414\\u043e\\u043f\\u043e\\u043b\\u043d\\u0438\\u0442\\u0435\\u043b\\u044c\\u043d\\u043e", "object": "PostDetail object (3)", "fields": ["\\u041f\\u043e\\u0434\\u0440\\u043e\\u0431\\u043d\\u0435\\u0435"]}}]	13	1
217	2024-03-07 08:53:15.613677+00	16	Все под одной крышей:  инструменты, электротовары и мн.	2	[{"added": {"name": "\\u0414\\u043e\\u043f\\u043e\\u043b\\u043d\\u0438\\u0442\\u0435\\u043b\\u044c\\u043d\\u043e", "object": "PostDetail object (13)"}}]	13	1
218	2024-03-07 08:54:08.103818+00	15	Все под одной крышей: стройматериалы, сантехника, инструменты, электротовары	2	[{"added": {"name": "\\u0414\\u043e\\u043f\\u043e\\u043b\\u043d\\u0438\\u0442\\u0435\\u043b\\u044c\\u043d\\u043e", "object": "PostDetail object (14)"}}]	13	1
219	2024-03-07 08:55:05.396697+00	14	Все под одной крышей: стройматериалы, сантехника, инструменты	2	[{"added": {"name": "\\u0414\\u043e\\u043f\\u043e\\u043b\\u043d\\u0438\\u0442\\u0435\\u043b\\u044c\\u043d\\u043e", "object": "PostDetail object (15)"}}]	13	1
220	2024-03-07 08:56:53.091221+00	10	Все под одной крышей: стройматериалы, сантехника, инструменты, электротовары и мн.	2	[{"added": {"name": "\\u0414\\u043e\\u043f\\u043e\\u043b\\u043d\\u0438\\u0442\\u0435\\u043b\\u044c\\u043d\\u043e", "object": "PostDetail object (16)"}}]	13	1
221	2024-03-07 08:57:54.049056+00	12	Все под одной крышей: стройматериалы,, инструменты, электротовары и мн.	2	[{"added": {"name": "\\u0414\\u043e\\u043f\\u043e\\u043b\\u043d\\u0438\\u0442\\u0435\\u043b\\u044c\\u043d\\u043e", "object": "PostDetail object (17)"}}]	13	1
222	2024-03-07 08:58:53.679831+00	13	Все под одной крышей: , сантехника, инструменты, электротовары и мн.	2	[{"added": {"name": "\\u0414\\u043e\\u043f\\u043e\\u043b\\u043d\\u0438\\u0442\\u0435\\u043b\\u044c\\u043d\\u043e", "object": "PostDetail object (18)"}}]	13	1
223	2024-03-07 08:59:57.616776+00	17	Владислав Попов - основатель дизайн-студии Freedom Group	2	[{"added": {"name": "\\u0414\\u043e\\u043f\\u043e\\u043b\\u043d\\u0438\\u0442\\u0435\\u043b\\u044c\\u043d\\u043e", "object": "PostDetail object (19)"}}]	13	1
224	2024-03-07 09:00:49.517419+00	18	Владислав- основатель дизайн-студии Freedom Group	2	[{"added": {"name": "\\u0414\\u043e\\u043f\\u043e\\u043b\\u043d\\u0438\\u0442\\u0435\\u043b\\u044c\\u043d\\u043e", "object": "PostDetail object (20)"}}]	13	1
225	2024-03-07 09:02:00.947131+00	19	Владислав Попов - основатель дизайн Freedom Group	2	[{"added": {"name": "\\u0414\\u043e\\u043f\\u043e\\u043b\\u043d\\u0438\\u0442\\u0435\\u043b\\u044c\\u043d\\u043e", "object": "PostDetail object (21)"}}]	13	1
226	2024-03-07 09:02:58.649198+00	20	Владислав Попов - основатель студии Freedom Group	2	[{"added": {"name": "\\u0414\\u043e\\u043f\\u043e\\u043b\\u043d\\u0438\\u0442\\u0435\\u043b\\u044c\\u043d\\u043e", "object": "PostDetail object (22)"}}]	13	1
227	2024-03-07 09:04:06.29419+00	21	Отель Орион - не только место для отдыха	2	[{"added": {"name": "\\u0414\\u043e\\u043f\\u043e\\u043b\\u043d\\u0438\\u0442\\u0435\\u043b\\u044c\\u043d\\u043e", "object": "PostDetail object (23)"}}]	13	1
228	2024-03-07 09:05:25.120981+00	22	Отель Орион -  только место для отдыха	2	[{"added": {"name": "\\u0414\\u043e\\u043f\\u043e\\u043b\\u043d\\u0438\\u0442\\u0435\\u043b\\u044c\\u043d\\u043e", "object": "PostDetail object (24)"}}]	13	1
229	2024-03-07 09:06:25.176803+00	23	Отель Орион - не только место  отдыха	2	[{"added": {"name": "\\u0414\\u043e\\u043f\\u043e\\u043b\\u043d\\u0438\\u0442\\u0435\\u043b\\u044c\\u043d\\u043e", "object": "PostDetail object (25)"}}]	13	1
230	2024-03-07 09:07:19.682617+00	24	Sumbule - центр незабываемого отдыха, красоты и здоровья	2	[{"added": {"name": "\\u0414\\u043e\\u043f\\u043e\\u043b\\u043d\\u0438\\u0442\\u0435\\u043b\\u044c\\u043d\\u043e", "object": "PostDetail object (26)"}}]	13	1
231	2024-03-07 09:08:37.006737+00	25	Sumbule - SPA  незабываемого отдыха, красоты и здоровья	2	[{"added": {"name": "\\u0414\\u043e\\u043f\\u043e\\u043b\\u043d\\u0438\\u0442\\u0435\\u043b\\u044c\\u043d\\u043e", "object": "PostDetail object (27)"}}]	13	1
232	2024-03-07 09:09:49.997225+00	26	Sumbule - SPA центр незабываемого отдыха, красоты	2	[{"added": {"name": "\\u0414\\u043e\\u043f\\u043e\\u043b\\u043d\\u0438\\u0442\\u0435\\u043b\\u044c\\u043d\\u043e", "object": "PostDetail object (28)"}}]	13	1
233	2024-03-07 09:11:02.70373+00	28	SPA центр незабываемого отдыха, красоты и здоровья	2	[{"added": {"name": "\\u0414\\u043e\\u043f\\u043e\\u043b\\u043d\\u0438\\u0442\\u0435\\u043b\\u044c\\u043d\\u043e", "object": "PostDetail object (29)"}}]	13	1
234	2024-03-07 09:11:57.843944+00	27	Sumbule - SPA центр незабываемого красоты и здоровья	2	[{"added": {"name": "\\u0414\\u043e\\u043f\\u043e\\u043b\\u043d\\u0438\\u0442\\u0435\\u043b\\u044c\\u043d\\u043e", "object": "PostDetail object (30)"}}]	13	1
235	2024-03-07 09:12:58.867837+00	30	Sumbule - SPA центр незабываемого отдых  красоты и здоровья	2	[{"added": {"name": "\\u0414\\u043e\\u043f\\u043e\\u043b\\u043d\\u0438\\u0442\\u0435\\u043b\\u044c\\u043d\\u043e", "object": "PostDetail object (31)"}}]	13	1
236	2024-03-07 09:14:13.15715+00	29	Sumbule - SPA центр незабываемого отдыха, красоты здоровья	2	[{"added": {"name": "\\u0414\\u043e\\u043f\\u043e\\u043b\\u043d\\u0438\\u0442\\u0435\\u043b\\u044c\\u043d\\u043e", "object": "PostDetail object (32)"}}]	13	1
237	2024-03-07 09:15:17.076653+00	31	Palazzo - ресторан премиум-класа	2	[{"added": {"name": "\\u0414\\u043e\\u043f\\u043e\\u043b\\u043d\\u0438\\u0442\\u0435\\u043b\\u044c\\u043d\\u043e", "object": "PostDetail object (33)"}}]	13	1
238	2024-03-07 09:16:23.573597+00	9	Галерея - отделочные материалы оптом и  розницу	2	[{"added": {"name": "\\u0414\\u043e\\u043f\\u043e\\u043b\\u043d\\u0438\\u0442\\u0435\\u043b\\u044c\\u043d\\u043e", "object": "PostDetail object (34)"}}]	13	1
239	2024-03-07 09:17:15.148452+00	32	Palazzo - ресторан лучшего-класса	2	[{"added": {"name": "\\u0414\\u043e\\u043f\\u043e\\u043b\\u043d\\u0438\\u0442\\u0435\\u043b\\u044c\\u043d\\u043e", "object": "PostDetail object (35)"}}]	13	1
240	2024-03-07 09:18:27.904137+00	49	UNO City - Кыргызстандагы жаңы курортук шаар	2	[{"added": {"name": "\\u0414\\u043e\\u043f\\u043e\\u043b\\u043d\\u0438\\u0442\\u0435\\u043b\\u044c\\u043d\\u043e", "object": "PostDetail object (36)"}}]	13	1
241	2024-03-07 09:19:21.127652+00	38	Взять квартиру в ипотеку в Бишкек: миссия выполнима?	2	[{"added": {"name": "\\u0414\\u043e\\u043f\\u043e\\u043b\\u043d\\u0438\\u0442\\u0435\\u043b\\u044c\\u043d\\u043e", "object": "PostDetail object (37)"}}]	13	1
242	2024-03-07 09:20:26.030874+00	45	Москва - премиум турак жай имараттар	2	[{"added": {"name": "\\u0414\\u043e\\u043f\\u043e\\u043b\\u043d\\u0438\\u0442\\u0435\\u043b\\u044c\\u043d\\u043e", "object": "PostDetail object (38)"}}]	13	1
244	2024-03-07 09:23:13.430132+00	33	UNO City - новый город-курорт в Кыргызстан	2	[{"added": {"name": "\\u0414\\u043e\\u043f\\u043e\\u043b\\u043d\\u0438\\u0442\\u0435\\u043b\\u044c\\u043d\\u043e", "object": "PostDetail object (40)"}}]	13	1
245	2024-03-07 09:28:14.935757+00	35	UNO City - новый курорт в Кыргызстане	2	[{"added": {"name": "\\u0414\\u043e\\u043f\\u043e\\u043b\\u043d\\u0438\\u0442\\u0435\\u043b\\u044c\\u043d\\u043e", "object": "PostDetail object (41)"}}]	13	1
246	2024-03-07 09:32:22.452667+00	34	UNO City - новый город-курорт  Кыргызстане	2	[{"added": {"name": "\\u0414\\u043e\\u043f\\u043e\\u043b\\u043d\\u0438\\u0442\\u0435\\u043b\\u044c\\u043d\\u043e", "object": "PostDetail object (42)"}}]	13	1
247	2024-03-07 09:33:44.981821+00	11	Все под одной крышей: стройматериалы, сантехника, электротовары и мн.	2	[{"added": {"name": "\\u0414\\u043e\\u043f\\u043e\\u043b\\u043d\\u0438\\u0442\\u0435\\u043b\\u044c\\u043d\\u043e", "object": "PostDetail object (43)"}}]	13	1
248	2024-03-07 09:35:11.851594+00	41	Взять квартиру в ипотеку в Бишкеке:  выполнима?	2	[{"added": {"name": "\\u0414\\u043e\\u043f\\u043e\\u043b\\u043d\\u0438\\u0442\\u0435\\u043b\\u044c\\u043d\\u043e", "object": "PostDetail object (44)"}}]	13	1
249	2024-03-07 09:36:30.348789+00	44	Москва - премиум турак жай имараты	2	[{"added": {"name": "\\u0414\\u043e\\u043f\\u043e\\u043b\\u043d\\u0438\\u0442\\u0435\\u043b\\u044c\\u043d\\u043e", "object": "PostDetail object (45)"}}]	13	1
250	2024-03-07 09:37:37.164926+00	53	City - Кыргызстандагы жаңы курорттук шаар	2	[{"added": {"name": "\\u0414\\u043e\\u043f\\u043e\\u043b\\u043d\\u0438\\u0442\\u0435\\u043b\\u044c\\u043d\\u043e", "object": "PostDetail object (46)"}}]	13	1
251	2024-03-07 09:38:33.551517+00	40	Взять квартиру на ипотеку в Бишкеке: миссия выполнима?	2	[{"added": {"name": "\\u0414\\u043e\\u043f\\u043e\\u043b\\u043d\\u0438\\u0442\\u0435\\u043b\\u044c\\u043d\\u043e", "object": "PostDetail object (47)"}}]	13	1
252	2024-03-07 09:39:29.552405+00	42	Взять квартира в ипотеку в Бишкеке: миссия выполнима?	2	[{"added": {"name": "\\u0414\\u043e\\u043f\\u043e\\u043b\\u043d\\u0438\\u0442\\u0435\\u043b\\u044c\\u043d\\u043e", "object": "PostDetail object (48)"}}]	13	1
253	2024-03-07 09:40:20.834155+00	36	UNO - новый город-курорт в Кыргызстане	2	[{"added": {"name": "\\u0414\\u043e\\u043f\\u043e\\u043b\\u043d\\u0438\\u0442\\u0435\\u043b\\u044c\\u043d\\u043e", "object": "PostDetail object (49)"}}]	13	1
254	2024-03-07 09:41:30.773091+00	43	Взять квартиру в ипотеку в Бишкеке: миссия выполним?	2	[{"added": {"name": "\\u0414\\u043e\\u043f\\u043e\\u043b\\u043d\\u0438\\u0442\\u0435\\u043b\\u044c\\u043d\\u043e", "object": "PostDetail object (50)"}}]	13	1
255	2024-03-07 09:42:21.466724+00	48	UNO City - Кыргызстандагы жаңы курорттук шаар	2	[{"added": {"name": "\\u0414\\u043e\\u043f\\u043e\\u043b\\u043d\\u0438\\u0442\\u0435\\u043b\\u044c\\u043d\\u043e", "object": "PostDetail object (51)"}}]	13	1
256	2024-03-07 09:43:07.345381+00	46	Москва - премиум турак имараты	2	[{"added": {"name": "\\u0414\\u043e\\u043f\\u043e\\u043b\\u043d\\u0438\\u0442\\u0435\\u043b\\u044c\\u043d\\u043e", "object": "PostDetail object (52)"}}]	13	1
257	2024-03-07 09:44:13.215807+00	15	Компанияден сунуштар	2	[{"changed": {"fields": ["\\u042f\\u0437\\u044b\\u043a"]}}]	8	1
258	2024-03-07 09:44:19.398191+00	13	Люкс майрам	2	[{"changed": {"fields": ["\\u042f\\u0437\\u044b\\u043a"]}}]	8	1
259	2024-03-07 09:47:38.476578+00	15	Компанияден сунуштар	2	[{"changed": {"fields": ["\\u0410\\u043a\\u0442\\u0438\\u0432\\u043d\\u043e"]}}]	8	1
260	2024-03-07 09:47:38.478631+00	12	Предложение от компании	2	[{"changed": {"fields": ["\\u0410\\u043a\\u0442\\u0438\\u0432\\u043d\\u043e"]}}]	8	1
261	2024-03-07 09:48:44.289676+00	51	UNO - Кыргызстандагы жаңы курорттук шаар	2	[{"added": {"name": "\\u0414\\u043e\\u043f\\u043e\\u043b\\u043d\\u0438\\u0442\\u0435\\u043b\\u044c\\u043d\\u043e", "object": "PostDetail object (53)"}}]	13	1
262	2024-03-07 09:49:27.993507+00	15	Компаниядан сунуштар	2	[{"changed": {"fields": ["\\u041d\\u0430\\u0437\\u0432\\u0430\\u043d\\u0438\\u0435", "\\u0410\\u043a\\u0442\\u0438\\u0432\\u043d\\u043e"]}}]	8	1
263	2024-03-07 09:49:57.729772+00	52	UNO City - Кыргызстанда жаңы курорттук шаар	2	[{"added": {"name": "\\u0414\\u043e\\u043f\\u043e\\u043b\\u043d\\u0438\\u0442\\u0435\\u043b\\u044c\\u043d\\u043e", "object": "PostDetail object (54)"}}]	13	1
264	2024-03-07 09:52:59.76149+00	50	UNO City - Кыргызстандагы  курорттук шаар	2	[{"added": {"name": "\\u0414\\u043e\\u043f\\u043e\\u043b\\u043d\\u0438\\u0442\\u0435\\u043b\\u044c\\u043d\\u043e", "object": "PostDetail object (55)"}}]	13	1
265	2024-03-07 09:54:24.148528+00	55	Бишкектен ипотека батир алуу: миссия мүмкүнбү?	2	[]	13	1
266	2024-03-07 09:55:09.839989+00	68	Максаты кадимки жашоого кайтуу	1	[{"added": {}}]	13	1
267	2024-03-07 10:01:07.080838+00	54	Бишкектен ипотека менен батир алуу: миссия мүмкүнбү?	2	[{"added": {"name": "\\u0414\\u043e\\u043f\\u043e\\u043b\\u043d\\u0438\\u0442\\u0435\\u043b\\u044c\\u043d\\u043e", "object": "PostDetail object (56)"}}]	13	1
268	2024-03-07 10:03:55.187536+00	60	Дубайдын сырлары, чет өлкөдөгү кыймылсыз	2	[{"added": {"name": "\\u0414\\u043e\\u043f\\u043e\\u043b\\u043d\\u0438\\u0442\\u0435\\u043b\\u044c\\u043d\\u043e", "object": "PostDetail object (57)"}}]	13	1
269	2024-03-07 10:05:11.178309+00	62	Галерея - бүтүрүү материалдары дүң жана чекене	2	[{"added": {"name": "\\u0414\\u043e\\u043f\\u043e\\u043b\\u043d\\u0438\\u0442\\u0435\\u043b\\u044c\\u043d\\u043e", "object": "PostDetail object (58)"}}]	13	1
270	2024-03-07 10:06:42.966623+00	57	Бишкектен ипотека менен батир алуу: миссия мүмкүн?	2	[{"added": {"name": "\\u0414\\u043e\\u043f\\u043e\\u043b\\u043d\\u0438\\u0442\\u0435\\u043b\\u044c\\u043d\\u043e", "object": "PostDetail object (59)"}}]	13	1
271	2024-03-07 10:06:55.867018+00	61	Дубайдын сыры, чет өлкөдөгү кыймылсыз мүлк	2	[{"added": {"name": "\\u0414\\u043e\\u043f\\u043e\\u043b\\u043d\\u0438\\u0442\\u0435\\u043b\\u044c\\u043d\\u043e", "object": "PostDetail object (60)"}}]	13	1
272	2024-03-07 10:08:07.975201+00	1	Монолит - создаем надежность и комфорт вместе!	2	[{"changed": {"fields": ["\\u0418\\u0437\\u043e\\u0431\\u0440\\u0430\\u0436\\u0435\\u043d\\u0438\\u0435"]}}]	12	1
273	2024-03-07 10:08:09.364653+00	61	Дубайдын сыры, чет өлкөдөгү кыймылсыз мүлк	2	[{"added": {"name": "\\u0414\\u043e\\u043f\\u043e\\u043b\\u043d\\u0438\\u0442\\u0435\\u043b\\u044c\\u043d\\u043e", "object": "PostDetail object (61)"}}]	13	1
274	2024-03-07 10:08:12.70582+00	2	Монолит - ишенимдүүлүк менен комфортту чогуу жаратабыз!	2	[]	12	1
275	2024-03-07 10:09:09.287696+00	59	Дубайдын сырлары, чет  кыймылсыз мүлк	2	[{"added": {"name": "\\u0414\\u043e\\u043f\\u043e\\u043b\\u043d\\u0438\\u0442\\u0435\\u043b\\u044c\\u043d\\u043e", "object": "PostDetail object (62)"}}]	13	1
276	2024-03-07 10:09:25.018458+00	56	Бишкектен ипотека менен батир : миссия мүмкүнбү?	2	[{"added": {"name": "\\u0414\\u043e\\u043f\\u043e\\u043b\\u043d\\u0438\\u0442\\u0435\\u043b\\u044c\\u043d\\u043e", "object": "PostDetail object (63)"}}]	13	1
277	2024-03-07 10:09:55.49931+00	68	Максаты кадимки жашоого кайтуу	2	[{"changed": {"fields": ["\\u041f\\u043e\\u0434\\u043a\\u0430\\u0442\\u0435\\u0433\\u043e\\u0440\\u0438\\u044f"]}}]	13	1
278	2024-03-07 10:10:02.137269+00	8	Галерея - отделочные материалы оптом и в розницу	2	[{"changed": {"fields": ["\\u041f\\u043e\\u0434\\u043a\\u0430\\u0442\\u0435\\u0433\\u043e\\u0440\\u0438\\u044f"]}}]	13	1
279	2024-03-07 10:10:15.395664+00	1	Монолит - создаем надежность и комфорт вместе!	2	[{"changed": {"fields": ["\\u0418\\u0437\\u043e\\u0431\\u0440\\u0430\\u0436\\u0435\\u043d\\u0438\\u0435"]}}]	12	1
280	2024-03-07 10:10:17.882125+00	69	Бишкектен ипотекага батир алуу: миссия мүмкүнбү?	1	[{"added": {}}, {"added": {"name": "\\u0414\\u043e\\u043f\\u043e\\u043b\\u043d\\u0438\\u0442\\u0435\\u043b\\u044c\\u043d\\u043e", "object": "PostDetail object (64)"}}]	13	1
281	2024-03-07 10:10:23.789076+00	2	Монолит - ишенимдүүлүк менен комфортту чогуу жаратабыз!	2	[]	12	1
282	2024-03-07 10:10:37.76793+00	58	Дубайдын сырлары, чет өлкөдөгү кыймылсыз мүлк	2	[{"added": {"name": "\\u0414\\u043e\\u043f\\u043e\\u043b\\u043d\\u0438\\u0442\\u0435\\u043b\\u044c\\u043d\\u043e", "object": "PostDetail object (65)"}}]	13	1
283	2024-03-07 10:11:09.505365+00	1	Монолит - создаем надежность и комфорт вместе!	2	[{"changed": {"fields": ["\\u0418\\u0437\\u043e\\u0431\\u0440\\u0430\\u0436\\u0435\\u043d\\u0438\\u0435"]}}]	12	1
284	2024-03-07 10:11:47.413532+00	3	Орион - первый и единственный отель с сертификатом в Кыргызстане	1	[{"added": {}}]	12	1
285	2024-03-07 10:13:15.094668+00	4	Орион – Кыргызстандагы сертификаты бар биринчи жана жалгыз мейманкана	1	[{"added": {}}]	12	1
286	2024-03-07 10:13:25.134799+00	70	Максаты кадимки жашоого кайту	1	[{"added": {}}, {"added": {"name": "\\u0414\\u043e\\u043f\\u043e\\u043b\\u043d\\u0438\\u0442\\u0435\\u043b\\u044c\\u043d\\u043e", "object": "PostDetail object (66)"}}]	13	1
287	2024-03-07 10:13:35.632952+00	4	Орион – Кыргызстандагы сертификаты бар биринчи жана жалгыз мейманкана	2	[{"changed": {"fields": ["\\u042f\\u0437\\u044b\\u043a"]}}]	12	1
288	2024-03-07 10:15:20.669481+00	71	Бизнес жолугушуулар үчүн жер	1	[{"added": {}}, {"added": {"name": "\\u0414\\u043e\\u043f\\u043e\\u043b\\u043d\\u0438\\u0442\\u0435\\u043b\\u044c\\u043d\\u043e", "object": "PostDetail object (67)"}}]	13	1
289	2024-03-07 10:15:25.398962+00	72	Миссия - кадимкиден тышкары	1	[{"added": {}}, {"added": {"name": "\\u0414\\u043e\\u043f\\u043e\\u043b\\u043d\\u0438\\u0442\\u0435\\u043b\\u044c\\u043d\\u043e", "object": "PostDetail object (68)"}}]	13	1
290	2024-03-07 10:21:15.833763+00	74	Бизнес жолугушуулар үчүн жерb	1	[{"added": {}}, {"added": {"name": "\\u0414\\u043e\\u043f\\u043e\\u043b\\u043d\\u0438\\u0442\\u0435\\u043b\\u044c\\u043d\\u043e", "object": "PostDetail object (69)"}}]	13	1
291	2024-03-07 10:27:25.329891+00	13	Люкс майрам	2	[{"changed": {"fields": ["\\u0412\\u044b\\u0431\\u0435\\u0440\\u0438\\u0442\\u0435 \\u0440\\u0443\\u0441\\u0441\\u043a\\u0443\\u044e \\u0432\\u0435\\u0440\\u0441\\u0438\\u044e \\u043a\\u0430\\u0442\\u0435\\u0433\\u043e\\u0440\\u0438\\u0438!"]}}]	8	1
292	2024-03-07 10:30:49.370915+00	75	123	1	[{"added": {}}]	13	1
293	2024-03-07 10:30:58.369794+00	75	123	3		13	1
294	2024-03-07 10:33:17.494718+00	51	UNO - Кыргызстандагы жаңы курорттук шаар	2	[{"changed": {"fields": ["\\u042f\\u0437\\u044b\\u043a"]}}]	13	1
295	2024-03-07 10:33:27.516308+00	52	UNO City - Кыргызстанда жаңы курорттук шаар	2	[{"changed": {"fields": ["\\u042f\\u0437\\u044b\\u043a"]}}]	13	1
296	2024-03-07 10:33:37.909015+00	48	UNO City - Кыргызстандагы жаңы курорттук шаар	2	[{"changed": {"fields": ["\\u042f\\u0437\\u044b\\u043a"]}}]	13	1
297	2024-03-07 10:33:47.332192+00	48	UNO City - Кыргызстандагы жаңы курорттук шаар	2	[]	13	1
298	2024-03-07 10:33:57.859048+00	46	Москва - премиум турак имараты	2	[{"changed": {"fields": ["\\u042f\\u0437\\u044b\\u043a"]}}]	13	1
299	2024-03-07 10:40:08.471303+00	5	123	1	[{"added": {}}]	12	1
300	2024-03-07 10:40:37.241779+00	5	123	3		12	1
301	2024-03-07 10:42:12.668674+00	17	123	1	[{"added": {}}]	8	1
302	2024-03-07 10:42:24.887604+00	17	123	2	[{"changed": {"fields": ["\\u042f\\u0437\\u044b\\u043a", "\\u0412\\u044b\\u0431\\u0435\\u0440\\u0438\\u0442\\u0435 \\u0440\\u0443\\u0441\\u0441\\u043a\\u0443\\u044e \\u0432\\u0435\\u0440\\u0441\\u0438\\u044e \\u043a\\u0430\\u0442\\u0435\\u0433\\u043e\\u0440\\u0438\\u0438!"]}}]	8	1
303	2024-03-07 10:42:28.617852+00	17	123	3		8	1
304	2024-03-07 10:42:59.111042+00	18	Интервью	1	[{"added": {}}]	8	1
305	2024-03-07 10:43:37.712651+00	15	Компаниядан сунуштар	2	[{"changed": {"fields": ["\\u0410\\u043a\\u0442\\u0438\\u0432\\u043d\\u043e"]}}]	8	1
306	2024-03-07 10:43:50.140082+00	19	Байланыш	1	[{"added": {}}]	8	1
307	2024-03-07 10:44:03.504899+00	19	Байланыш	2	[{"changed": {"fields": ["\\u042f\\u0437\\u044b\\u043a"]}}]	8	1
308	2024-03-07 10:48:01.374851+00	18	Маектешүү	2	[{"changed": {"fields": ["\\u041d\\u0430\\u0437\\u0432\\u0430\\u043d\\u0438\\u0435"]}}]	8	1
309	2024-03-07 10:52:33.919958+00	76	Анна Шишкина - Freedom Group дизайн студиясынын негиздөөчүсү.	1	[{"added": {}}, {"added": {"name": "\\u0414\\u043e\\u043f\\u043e\\u043b\\u043d\\u0438\\u0442\\u0435\\u043b\\u044c\\u043d\\u043e", "object": "PostDetail object (70)"}}]	13	1
310	2024-03-07 10:52:40.634598+00	77	кызыктуу темалар боюнча макалалар	1	[{"added": {}}, {"added": {"name": "\\u0414\\u043e\\u043f\\u043e\\u043b\\u043d\\u0438\\u0442\\u0435\\u043b\\u044c\\u043d\\u043e", "object": "PostDetail object (71)"}}]	13	1
311	2024-03-07 10:53:44.561692+00	78	Анна Шишкина - Freedom дизайн студиясынын негиздөөчүсү.	1	[{"added": {}}, {"added": {"name": "\\u0414\\u043e\\u043f\\u043e\\u043b\\u043d\\u0438\\u0442\\u0435\\u043b\\u044c\\u043d\\u043e", "object": "PostDetail object (72)"}}]	13	1
312	2024-03-07 10:54:47.813787+00	79	жума сайын жаңы кабар	1	[{"added": {}}, {"added": {"name": "\\u0414\\u043e\\u043f\\u043e\\u043b\\u043d\\u0438\\u0442\\u0435\\u043b\\u044c\\u043d\\u043e", "object": "PostDetail object (73)"}}]	13	1
313	2024-03-07 10:58:16.464341+00	80	Баары бир чатырдын астында: курулуш материалдары, сантехника, шаймандар, электр буюмдары жана башкалар.	1	[{"added": {}}]	13	1
314	2024-03-07 10:58:43.307043+00	81	Баары бир чатырдын астында: курулуш материалдары, сантехника,  электр буюмдары жана башкалар.	1	[{"added": {}}]	13	1
315	2024-03-07 10:59:09.170707+00	82	Баары бир чатырдын астында: курулуш материалдары,  шаймандар, электр буюмдары жана башкалар.	1	[{"added": {}}]	13	1
316	2024-03-07 10:59:44.031466+00	83	Баары бир чатырдын астында: курулуш материалдары, сантехника, шаймандар,  жана башкалар.	1	[{"added": {}}]	13	1
317	2024-03-07 11:26:33.668789+00	22	Отель Орион -  только место для отдыха	2	[{"changed": {"fields": ["\\u041f\\u0440\\u043e\\u0441\\u043c\\u043e\\u0442\\u0440\\u044b"]}}]	13	1
318	2024-03-07 11:26:56.297274+00	22	Отель Орион -  только место для отдыха	2	[{"changed": {"fields": ["\\u041f\\u0440\\u043e\\u0441\\u043c\\u043e\\u0442\\u0440\\u044b"]}}]	13	1
319	2024-03-07 11:29:11.401883+00	22	Отель Орион -  только место для отдыха	2	[{"changed": {"fields": ["\\u041f\\u0440\\u043e\\u0441\\u043c\\u043e\\u0442\\u0440\\u044b"]}}]	13	1
320	2024-03-07 11:29:22.95902+00	22	Отель Орион -  только место для отдыха	2	[{"changed": {"fields": ["\\u041f\\u0440\\u043e\\u0441\\u043c\\u043e\\u0442\\u0440\\u044b"]}}]	13	1
321	2024-03-07 11:29:45.159484+00	22	Отель Орион -  только место для отдыха	2	[{"changed": {"fields": ["\\u041f\\u0440\\u043e\\u0441\\u043c\\u043e\\u0442\\u0440\\u044b"]}}]	13	1
322	2024-03-07 11:29:59.886458+00	22	Отель Орион -  только место для отдыха	2	[{"changed": {"fields": ["\\u041f\\u0440\\u043e\\u0441\\u043c\\u043e\\u0442\\u0440\\u044b"]}}]	13	1
323	2024-03-07 11:32:28.427772+00	22	Отель Орион -  только место для отдыха	2	[{"changed": {"fields": ["\\u041f\\u0440\\u043e\\u0441\\u043c\\u043e\\u0442\\u0440\\u044b"]}}]	13	1
324	2024-03-07 11:32:40.914031+00	22	Отель Орион -  только место для отдыха	2	[{"changed": {"fields": ["\\u041f\\u0440\\u043e\\u0441\\u043c\\u043e\\u0442\\u0440\\u044b"]}}]	13	1
325	2024-03-07 11:32:54.407669+00	22	Отель Орион -  только место для отдыха	2	[{"changed": {"fields": ["\\u041f\\u0440\\u043e\\u0441\\u043c\\u043e\\u0442\\u0440\\u044b"]}}]	13	1
326	2024-03-07 11:33:06.840692+00	22	Отель Орион -  только место для отдыха	2	[{"changed": {"fields": ["\\u041f\\u0440\\u043e\\u0441\\u043c\\u043e\\u0442\\u0440\\u044b"]}}]	13	1
327	2024-03-07 11:34:54.060897+00	22	Отель Орион -  только место для отдыха	2	[{"changed": {"fields": ["\\u041f\\u0440\\u043e\\u0441\\u043c\\u043e\\u0442\\u0440\\u044b"]}}]	13	1
328	2024-03-07 11:35:31.440065+00	22	Отель Орион -  только место для отдыха	2	[{"changed": {"fields": ["\\u041f\\u0440\\u043e\\u0441\\u043c\\u043e\\u0442\\u0440\\u044b"]}}]	13	1
329	2024-03-07 12:08:30.856611+00	1	Движимость	2	[{"changed": {"fields": ["\\u041d\\u0430\\u0437\\u0432\\u0430\\u043d\\u0438\\u0435"]}}]	8	1
330	2024-03-07 12:09:14.05433+00	1	Движимость	2	[{"added": {"name": "", "object": "\\u0422\\u0435\\u0441\\u0442 \\u043a\\u0430\\u0442\\u0435\\u0433\\u043e\\u0440\\u0438\\u044f"}}]	8	1
331	2024-03-07 12:09:30.012345+00	1	Движимость	2	[{"changed": {"name": "", "object": "\\u0422\\u0435\\u0441\\u0442", "fields": ["\\u041d\\u0430\\u0437\\u0432\\u0430\\u043d\\u0438\\u0435"]}}]	8	1
332	2024-03-07 12:10:40.930056+00	6	Тест название	1	[{"added": {}}]	12	1
333	2024-03-07 12:11:09.091313+00	6	Тест название	2	[{"changed": {"fields": ["\\u0421\\u0443\\u0449\\u0435\\u0441\\u0442\\u0432\\u0443\\u044e\\u0449\\u0430\\u044f \\u0440\\u0443\\u0441\\u0441\\u043a\\u0430\\u044f \\u0432\\u0435\\u0440\\u0441\\u0438\\u044f", "\\u0418\\u0437\\u043e\\u0431\\u0440\\u0430\\u0436\\u0435\\u043d\\u0438\\u0435"]}}]	12	1
334	2024-03-07 12:14:22.39998+00	7	Alma	1	[{"added": {}}]	12	1
335	2024-03-07 12:15:32.688757+00	7	Alma	3		12	1
336	2024-03-07 12:15:43.45516+00	6	Тест название	3		12	1
337	2024-03-07 12:18:04.196486+00	20	персона	1	[{"added": {}}]	8	1
338	2024-03-07 12:19:58.057355+00	20	персона	2	[{"added": {"name": "", "object": "\\u0430\\u0440\\u0445\\u0438\\u0442\\u0435\\u043a\\u0442\\u043e\\u0440"}}]	8	1
339	2024-03-07 12:20:34.147449+00	20	персона	2	[{"added": {"name": "", "object": "\\u0434\\u0438\\u0437\\u0430\\u0439\\u043d\\u0435\\u0440"}}, {"added": {"name": "", "object": "\\u0441\\u0442\\u0440\\u043e\\u0438\\u0442\\u0435\\u043b\\u044c"}}]	8	1
340	2024-03-07 12:21:51.390049+00	84	архитектура основа всего	1	[{"added": {}}]	13	1
341	2024-03-07 12:24:49.742431+00	83	Баары бир чатырдын астында: курулуш материалдары, сантехника, шаймандар,  жана башкалар.	2	[{"changed": {"fields": ["\\u041a\\u0430\\u0442\\u0435\\u0433\\u043e\\u0440\\u0438\\u044f", "\\u041f\\u043e\\u0434\\u043a\\u0430\\u0442\\u0435\\u0433\\u043e\\u0440\\u0438\\u044f"]}}, {"added": {"name": "\\u0414\\u043e\\u043f\\u043e\\u043b\\u043d\\u0438\\u0442\\u0435\\u043b\\u044c\\u043d\\u043e", "object": "PostDetail object (74)"}}]	13	1
342	2024-03-07 12:26:11.517661+00	83	Баары бир чатырдын астында: курулуш материалдары, сантехника, шаймандар,  жана башкалар.	2	[{"changed": {"name": "\\u0414\\u043e\\u043f\\u043e\\u043b\\u043d\\u0438\\u0442\\u0435\\u043b\\u044c\\u043d\\u043e", "object": "PostDetail object (74)", "fields": ["\\u041f\\u043e\\u0434\\u0440\\u043e\\u0431\\u043d\\u0435\\u0435"]}}]	13	1
343	2024-03-07 12:29:32.298439+00	83	Баары бир чатырдын астында: курулуш материалдары, сантехника, шаймандар,  жана башкалар.	2	[{"changed": {"name": "\\u0414\\u043e\\u043f\\u043e\\u043b\\u043d\\u0438\\u0442\\u0435\\u043b\\u044c\\u043d\\u043e", "object": "PostDetail object (74)", "fields": ["\\u041f\\u043e\\u0434\\u0440\\u043e\\u0431\\u043d\\u0435\\u0435"]}}]	13	1
344	2024-03-07 12:33:41.256911+00	83	Баары бир чатырдын астында: курулуш материалдары, сантехника, шаймандар,  жана башкалар.	2	[{"changed": {"name": "\\u0414\\u043e\\u043f\\u043e\\u043b\\u043d\\u0438\\u0442\\u0435\\u043b\\u044c\\u043d\\u043e", "object": "PostDetail object (74)", "fields": ["\\u041f\\u043e\\u0434\\u0440\\u043e\\u0431\\u043d\\u0435\\u0435"]}}]	13	1
345	2024-03-07 12:34:57.408026+00	83	Баары бир чатырдын астында: курулуш материалдары, сантехника, шаймандар,  жана башкалар.	2	[{"changed": {"name": "\\u0414\\u043e\\u043f\\u043e\\u043b\\u043d\\u0438\\u0442\\u0435\\u043b\\u044c\\u043d\\u043e", "object": "PostDetail object (74)", "fields": ["\\u041f\\u043e\\u0434\\u0440\\u043e\\u0431\\u043d\\u0435\\u0435"]}}]	13	1
346	2024-03-07 12:36:21.565356+00	83	Баары бир чатырдын астында: курулуш материалдары, сантехника, шаймандар,  жана башкалар.	2	[{"changed": {"name": "\\u0414\\u043e\\u043f\\u043e\\u043b\\u043d\\u0438\\u0442\\u0435\\u043b\\u044c\\u043d\\u043e", "object": "PostDetail object (74)", "fields": ["\\u041f\\u043e\\u0434\\u0440\\u043e\\u0431\\u043d\\u0435\\u0435"]}}]	13	1
347	2024-03-07 12:38:14.113914+00	83	Баары бир чатырдын астында: курулуш материалдары, сантехника, шаймандар,  жана башкалар.	2	[{"changed": {"name": "\\u0414\\u043e\\u043f\\u043e\\u043b\\u043d\\u0438\\u0442\\u0435\\u043b\\u044c\\u043d\\u043e", "object": "PostDetail object (74)", "fields": ["\\u041f\\u043e\\u0434\\u0440\\u043e\\u0431\\u043d\\u0435\\u0435"]}}]	13	1
348	2024-03-07 12:40:28.42836+00	83	Баары бир чатырдын астында: курулуш материалдары, сантехника, шаймандар,  жана башкалар.	2	[{"changed": {"name": "\\u0414\\u043e\\u043f\\u043e\\u043b\\u043d\\u0438\\u0442\\u0435\\u043b\\u044c\\u043d\\u043e", "object": "PostDetail object (74)", "fields": ["\\u041f\\u043e\\u0434\\u0440\\u043e\\u0431\\u043d\\u0435\\u0435"]}}]	13	1
349	2024-03-07 12:40:36.440304+00	84	архитектура основа всего	2	[{"changed": {"fields": ["\\u0418\\u0437\\u043e\\u0431\\u0440\\u0430\\u0436\\u0435\\u043d\\u0438\\u0435"]}}]	13	1
350	2024-03-07 12:42:08.148781+00	83	Баары бир чатырдын астында: курулуш материалдары, сантехника, шаймандар,  жана башкалар.	2	[{"changed": {"name": "\\u0414\\u043e\\u043f\\u043e\\u043b\\u043d\\u0438\\u0442\\u0435\\u043b\\u044c\\u043d\\u043e", "object": "PostDetail object (74)", "fields": ["\\u041f\\u043e\\u0434\\u0440\\u043e\\u0431\\u043d\\u0435\\u0435"]}}]	13	1
351	2024-03-07 12:44:35.584679+00	1		1	[{"added": {}}]	7	1
352	2024-03-07 12:44:50.547108+00	1	0700102030	2	[{"changed": {"fields": ["First name", "Last name", "\\u0422\\u0435\\u043b\\u0435\\u0444\\u043e\\u043d \\u043d\\u043e\\u043c\\u0435\\u0440"]}}]	7	1
353	2024-03-07 12:58:21.066818+00	83	Баары бир чатырдын астында: курулуш материалдары, сантехника, шаймандар,  жана башкалар.	2	[{"changed": {"name": "\\u0414\\u043e\\u043f\\u043e\\u043b\\u043d\\u0438\\u0442\\u0435\\u043b\\u044c\\u043d\\u043e", "object": "PostDetail object (74)", "fields": ["\\u041f\\u043e\\u0434\\u0440\\u043e\\u0431\\u043d\\u0435\\u0435"]}}]	13	1
354	2024-03-08 08:23:08.978168+00	1	0557541222	1	[{"added": {}}]	7	1
355	2024-03-08 08:24:54.816489+00	1	0557541222	2	[{"changed": {"fields": ["First name", "Last name", "User permissions"]}}]	7	1
356	2024-03-08 08:26:03.575083+00	1	0557541222	2	[{"changed": {"fields": ["Staff status", "Superuser status"]}}]	7	1
357	2024-03-08 08:31:17.817569+00	1	0557541222	2	[{"changed": {"fields": ["Last login"]}}]	7	1
358	2024-03-08 10:35:31.422452+00	1	Журналисты	1	[{"added": {}}]	3	1
359	2024-03-08 10:37:01.43129+00	1	0557541222	2	[{"changed": {"fields": ["Groups"]}}]	7	1
360	2024-03-08 10:52:01.485465+00	1	Журналисты	2	[]	3	1
361	2024-03-08 10:52:28.787319+00	1	Санжарбек Кылычбеков	2	[]	7	1
362	2024-03-08 12:33:09.237798+00	2	Comments object (2)	1	[{"added": {}}]	15	1
363	2024-03-08 12:33:32.547792+00	2	Comments object (2)	2	[]	15	1
364	2024-03-08 12:46:22.127874+00	1	Санжарбек Кылычбеков	3		7	1
365	2024-03-08 12:47:46.05242+00	2	 	1	[{"added": {}}]	7	1
366	2024-03-08 12:49:40.847454+00	2	Санжарбек Кылычбеков	2	[{"changed": {"fields": ["First name", "Last name", "Email address", "Superuser status", "User permissions", "Last login"]}}]	7	1
376	2024-03-08 13:27:22.345011+00	1	Журналисты	2	[{"changed": {"fields": ["Permissions"]}}]	3	1
379	2024-03-08 13:29:46.575158+00	1	Журналисты	2	[{"changed": {"fields": ["Permissions"]}}]	3	1
380	2024-03-08 13:30:05.882328+00	7	 	1	[{"added": {}}]	7	1
383	2024-03-08 13:38:22.895239+00	7	 	3		7	1
384	2024-03-08 13:38:22.897933+00	2	Санжарбек Кылычбеков	3		7	1
385	2024-03-08 13:40:39.571629+00	8	 	1	[{"added": {}}]	7	1
386	2024-03-08 13:42:28.859102+00	8	Санжарбек Кылычбеков	2	[{"changed": {"fields": ["First name", "Last name", "Email address", "Staff status", "Superuser status", "Groups", "User permissions", "Last login"]}}]	7	1
403	2024-03-09 07:37:42.965266+00	25	Материалдары ото мыкты сапатта экен	2	[]	15	1
404	2024-03-09 07:38:17.710228+00	26	Давно хотел купить дом!	2	[]	15	1
405	2024-03-09 07:40:41.036797+00	24	wefwefwef	3		15	1
406	2024-03-09 07:40:45.200801+00	23	wefwefwef	3		15	1
407	2024-03-09 07:40:50.015514+00	2	csacwe	3		15	1
408	2024-03-09 07:41:17.097762+00	8	Санжарбек Кылычбеков	2	[]	7	1
409	2024-03-09 07:51:03.354782+00	3	Группа	1	[{"added": {}}]	3	1
410	2024-03-09 07:51:10.111115+00	3	Группа	2	[]	3	1
411	2024-03-09 08:00:45.029983+00	8	Санжарбек Кылычбеков	2	[]	7	1
415	2024-03-09 08:14:15.908673+00	6	Контакты	3		8	1
416	2024-03-09 08:21:32.235702+00	5	Интервью	2	[{"added": {"name": "", "object": "\\u041e\\u0442\\u0435\\u043b\\u044c"}}]	8	1
417	2024-03-09 08:22:47.675421+00	5	Интервью	2	[]	8	1
418	2024-03-09 08:26:39.244041+00	5	Интервью	2	[{"changed": {"fields": ["\\u0410\\u043a\\u0442\\u0438\\u0432\\u043d\\u043e"]}}]	8	1
419	2024-03-09 08:26:49.736088+00	18	Маектешүү	2	[{"changed": {"fields": ["\\u0410\\u043a\\u0442\\u0438\\u0432\\u043d\\u043e"]}}]	8	1
420	2024-03-09 08:47:04.981742+00	3	Группа	3		3	1
421	2024-03-09 08:50:07.884756+00	1	Журналисты	2	[{"changed": {"fields": ["Permissions"]}}]	3	1
422	2024-03-09 08:53:35.200494+00	8	Санжарбек Кылычбеков	2	[{"changed": {"fields": ["User permissions"]}}]	7	1
427	2024-03-09 09:53:13.197416+00	26	Давно хотел купить дом!	2	[{"changed": {"fields": ["\\u041f\\u0440\\u0438\\u043d\\u044f\\u0442\\u044c"]}}]	15	1
428	2024-03-09 09:55:02.121706+00	28	Много где бывал, много отелей видел. Орион меня удивил. Огромный бассейн, хамам и сауна. Идеальная чистота , в номере также. Завтрак супер! Номер люкс огромный, 70 м2 с гостевой комнатой. Постельное б	2	[{"changed": {"fields": ["\\u041f\\u0440\\u0438\\u043d\\u044f\\u0442\\u044c"]}}]	15	1
433	2024-03-09 10:17:39.80155+00	2	Санжарбек	1	[{"added": {}}]	4	1
434	2024-03-09 10:19:23.470994+00	2	Санжарбек	2	[{"changed": {"fields": ["First name", "Last name", "Email address", "Groups", "User permissions"]}}]	4	1
435	2024-03-09 10:19:35.596303+00	2	Санжарбек	2	[{"changed": {"fields": ["Last login"]}}]	4	1
437	2024-03-09 10:29:32.644537+00	83	Баары бир чатырдын астында: курулуш материалдары, сантехника, шаймандар,  жана башкалар.	2	[]	13	1
439	2024-03-09 10:43:39.69526+00	72	Миссия - кадимкиден тышкары	2	[{"changed": {"fields": ["\\u041f\\u043e\\u043a\\u0430\\u0437\\u0430\\u0442\\u044c \\u043d\\u0430 \\u0433\\u043b\\u0430\\u0432\\u043d\\u043e\\u0439 \\u0441\\u0442\\u0440\\u0430\\u0438\\u043d\\u0446\\u0435"]}}]	13	1
442	2024-03-09 10:50:28.895049+00	83	Баары бир чатырдын астында: курулуш материалдары, сантехника, шаймандар,  жана башкалар.	2	[]	13	1
444	2024-03-09 10:51:53.100141+00	2	Санжарбек	2	[{"changed": {"fields": ["Staff status", "Superuser status"]}}]	4	1
446	2024-03-09 11:03:01.433671+00	3	pepe	1	[{"added": {}}]	4	1
447	2024-03-09 11:05:04.480574+00	3	pepe	2	[{"changed": {"fields": ["First name", "Last name", "Email address"]}}]	4	1
448	2024-03-09 11:05:24.381858+00	3	pepe	2	[{"changed": {"fields": ["Staff status", "Superuser status"]}}]	4	1
449	2024-03-09 11:06:34.134551+00	1	Журналисты	2	[]	3	1
450	2024-03-09 11:11:21.922209+00	5	sanjarbek	1	[{"added": {}}]	4	1
453	2024-03-09 11:46:32.033288+00	7	nurbek	1	[{"added": {}}]	4	1
454	2024-03-09 11:47:33.380831+00	4	Айбек	1	[{"added": {}}]	3	1
455	2024-03-09 11:47:38.920036+00	7	nurbek	2	[{"changed": {"fields": ["Staff status", "Groups"]}}]	4	1
456	2024-03-09 14:14:04.599545+00	41	Очень комфортный номер, удобная большая кровать, удобные подушки, ароматная косметика, вода, чай, кофе в номере, а также утюг, халат, тапочки и принадлежности для чистки обуви.	2	[{"changed": {"fields": ["\\u041f\\u0440\\u0438\\u043d\\u044f\\u0442\\u044c"]}}]	15	1
476	2024-03-10 07:41:50.795606+00	1	Журналисты	2	[{"changed": {"fields": ["Permissions"]}}]	3	1
477	2024-03-10 07:42:13.028338+00	2	Санжарбек	2	[{"changed": {"fields": ["User permissions"]}}]	4	1
479	2024-03-10 07:55:29.326414+00	31	kc	2	[]	15	1
481	2024-03-10 08:02:09.228868+00	9	ad	1	[{"added": {}}]	4	1
482	2024-03-10 08:02:24.111817+00	9	ad	2	[{"changed": {"fields": ["Staff status", "Superuser status", "Groups", "User permissions"]}}]	4	1
488	2024-03-10 14:11:51.627067+00	9	ad	3		4	1
489	2024-03-10 14:11:51.628504+00	3	pepe	3		4	1
490	2024-03-10 14:11:51.629445+00	2	Санжарбек	3		4	1
491	2024-03-10 14:12:19.74015+00	10	Санжарбек	1	[{"added": {}}]	4	1
492	2024-03-10 14:12:39.167943+00	10	Санжарбек	2	[{"changed": {"fields": ["First name", "Last name", "Email address", "Groups", "User permissions"]}}]	4	1
493	2024-03-10 14:13:54.804301+00	83	Баары бир чатырдын астында: курулуш материалдары, сантехника, шаймандар,  жана башкалар.	2	[{"changed": {"fields": ["\\u041f\\u043e\\u043b\\u044c\\u0437\\u043e\\u0432\\u0430\\u0442\\u0435\\u043b\\u044c"]}}]	13	1
494	2024-03-10 14:17:06.424042+00	64	Галерея - материалдары дүң жана чекене	2	[{"changed": {"fields": ["\\u041f\\u043e\\u043b\\u044c\\u0437\\u043e\\u0432\\u0430\\u0442\\u0435\\u043b\\u044c"]}}]	13	1
495	2024-03-10 14:27:40.32063+00	82	Баары бир чатырдын астында: курулуш материалдары,  шаймандар, электр буюмдары жана башкалар.	2	[]	13	1
496	2024-03-10 14:27:52.591912+00	82	Баары бир чатырдын астында: курулуш материалдары,  шаймандар, электр буюмдары жана башкалар.	2	[]	13	1
497	2024-03-10 14:28:56.874229+00	82	Баары бир чатырдын астында: курулуш материалдары,  шаймандар, электр буюмдары жана башкалар.	2	[]	13	1
498	2024-03-10 14:29:16.295144+00	68	Максаты кадимки жашоого кайтуу	2	[]	13	1
499	2024-03-10 14:31:49.844305+00	16	Все под одной крышей:  инструменты, электротовары и мн.	2	[]	13	1
500	2024-03-10 14:31:58.897633+00	64	Галерея - материалдары дүң жана чекене	2	[]	13	1
501	2024-03-10 14:32:58.294374+00	10	Санжарбек	2	[{"changed": {"fields": ["Staff status", "Superuser status"]}}]	4	1
502	2024-03-10 17:04:19.440245+00	27	Sumbule - SPA центр незабываемого красоты и здоровья	2	[]	13	1
503	2024-03-11 00:22:07.414466+00	11	jamil	1	[{"added": {}}]	4	1
504	2024-03-11 00:41:06.34399+00	91	wefwefwef	1	[{"added": {}}, {"added": {"name": "\\u0414\\u043e\\u043f\\u043e\\u043b\\u043d\\u0438\\u0442\\u0435\\u043b\\u044c\\u043d\\u043e", "object": "PostDetail object (75)"}}]	13	1
505	2024-03-11 00:45:06.030555+00	1	admin	2	[{"changed": {"fields": ["First name", "Last name", "Email address"]}}]	4	1
506	2024-03-11 08:36:53.33273+00	91	wefwefwef	3		13	10
507	2024-03-11 08:39:56.25292+00	92	wefwefwef	1	[{"added": {}}, {"added": {"name": "\\u0414\\u043e\\u043f\\u043e\\u043b\\u043d\\u0438\\u0442\\u0435\\u043b\\u044c\\u043d\\u043e", "object": "PostDetail object (76)"}}]	13	10
508	2024-03-11 09:16:01.058143+00	83	Баары бир чатырдын астында: курулуш материалдары, сантехника, шаймандар,  жана башкалар.	2	[{"changed": {"fields": ["\\u041e\\u043f\\u0443\\u0431\\u043b\\u0438\\u043a\\u043e\\u0432\\u0430\\u0442\\u044c"]}}]	13	10
509	2024-03-11 09:36:13.210737+00	22	Отель Орион -  только место для отдыха	2	[{"changed": {"fields": ["\\u041e\\u043f\\u0443\\u0431\\u043b\\u0438\\u043a\\u043e\\u0432\\u0430\\u0442\\u044c"]}}]	13	10
510	2024-03-11 09:36:37.51533+00	22	Отель Орион -  только место для отдыха	2	[{"changed": {"fields": ["\\u041e\\u043f\\u0443\\u0431\\u043b\\u0438\\u043a\\u043e\\u0432\\u0430\\u0442\\u044c"]}}]	13	10
511	2024-03-11 09:37:18.127199+00	22	Отель Орион -  только место для отдыха	2	[{"changed": {"fields": ["\\u041e\\u043f\\u0443\\u0431\\u043b\\u0438\\u043a\\u043e\\u0432\\u0430\\u0442\\u044c"]}}]	13	10
512	2024-03-11 09:37:49.60911+00	22	Отель Орион -  только место для отдыха	2	[{"changed": {"fields": ["\\u041e\\u043f\\u0443\\u0431\\u043b\\u0438\\u043a\\u043e\\u0432\\u0430\\u0442\\u044c"]}}]	13	10
513	2024-03-11 11:01:05.513208+00	29	Sumbule - SPA центр незабываемого отдыха, красоты здоровья	2	[]	13	1
514	2024-03-11 11:03:35.493466+00	12	admin2	1	[{"added": {}}]	4	1
515	2024-03-11 11:24:16.409994+00	73	I love you	2	[{"changed": {"fields": ["\\u041e\\u043f\\u0443\\u0431\\u043b\\u0438\\u043a\\u043e\\u0432\\u0430\\u0442\\u044c"]}}]	15	1
516	2024-03-11 18:53:06.382195+00	73	I love you	3		15	1
517	2024-03-11 18:53:06.384497+00	72	weafrtr	3		15	1
518	2024-03-11 18:53:06.3854+00	71	I love you	3		15	1
519	2024-03-11 18:53:06.38621+00	70	fdxchgvjhb	3		15	1
520	2024-03-11 18:53:06.386995+00	69	WEFWE	3		15	1
521	2024-03-11 18:53:06.387755+00	68	DF	3		15	1
522	2024-03-11 18:53:06.388589+00	67	ergqegqeg	3		15	1
523	2024-03-11 18:53:06.38931+00	66	I love you	3		15	1
524	2024-03-11 18:53:06.390005+00	65	I love you	3		15	1
525	2024-03-11 18:53:06.390743+00	64	I love you	3		15	1
526	2024-03-11 18:53:06.391436+00	63	I love you	3		15	1
527	2024-03-11 18:53:06.39213+00	62	I love you	3		15	1
528	2024-03-11 18:53:06.392904+00	61	I love you	3		15	1
529	2024-03-11 18:53:06.39366+00	60	I love you	3		15	1
530	2024-03-11 18:53:06.394418+00	59	I love you	3		15	1
531	2024-03-11 18:53:06.395114+00	58	I love you	3		15	1
532	2024-03-11 18:53:06.395815+00	57	I love you	3		15	1
533	2024-03-11 18:53:06.396515+00	56	I love you	3		15	1
534	2024-03-11 18:53:06.397289+00	55	I love you	3		15	1
535	2024-03-11 18:53:06.397978+00	54	I love you	3		15	1
536	2024-03-11 18:53:06.398689+00	53	Aidarxcvkfaokj'nasfm	3		15	1
537	2024-03-11 18:53:06.399372+00	52	Aidarxcvkfaokj'nasfm	3		15	1
538	2024-03-11 18:53:06.400092+00	51	Aidarxcvkfaokj'nasfm	3		15	1
539	2024-03-11 18:53:06.400876+00	50	Aidarxcvkfaokj'nasfm	3		15	1
540	2024-03-11 18:53:06.401558+00	49	Aidarxcvkfaokj'nasfm	3		15	1
541	2024-03-11 18:53:06.402257+00	48	Aidarxcvkfaokj'nasfm	3		15	1
542	2024-03-11 18:53:06.402958+00	47	Aidarxcvkfaokj'nasfm	3		15	1
543	2024-03-11 18:53:06.403671+00	46	Aidarxcvkfaokj'nasfm	3		15	1
544	2024-03-11 18:53:06.404376+00	45	Aidarxcvkfaokj'nasfm	3		15	1
545	2024-03-11 18:53:06.405105+00	44	Aidarxcvkfaokj'nasfm	3		15	1
546	2024-03-11 18:53:06.405876+00	43	esdfghgjhfgdsd	3		15	1
547	2024-03-11 18:53:06.406589+00	42	esdfghgjhfgdsd	3		15	1
548	2024-03-11 18:53:06.407304+00	40	kc	3		15	1
549	2024-03-11 18:53:06.407994+00	39	kc	3		15	1
550	2024-03-11 18:53:06.408841+00	38	kc	3		15	1
551	2024-03-11 18:53:06.40956+00	37	kc	3		15	1
552	2024-03-11 18:53:06.410303+00	36	kc	3		15	1
553	2024-03-11 18:53:06.411027+00	35	kc	3		15	1
554	2024-03-11 18:53:06.411724+00	34	kc	3		15	1
555	2024-03-11 18:53:06.41241+00	33	kc	3		15	1
556	2024-03-11 18:53:06.413136+00	32	kc	3		15	1
557	2024-03-11 18:53:06.413803+00	31	kc	3		15	1
558	2024-03-11 18:53:06.414507+00	30	kc	3		15	1
559	2024-03-11 18:53:06.415187+00	29	test tes3!	3		15	1
560	2024-03-11 18:53:06.415848+00	27	dkbdn;	3		15	1
561	2024-03-11 18:53:06.416575+00	26	Давно хотел купить дом!	3		15	1
562	2024-03-11 19:22:06.375297+00	77	Hotel Orion left me with mixed feelings. The room was spacious, but the outdated decor and worn-out furniture didn't quite match the expectations set by the promotional images. The promised facilities	2	[{"changed": {"fields": ["\\u041e\\u043f\\u0443\\u0431\\u043b\\u0438\\u043a\\u043e\\u0432\\u0430\\u0442\\u044c"]}}]	15	1
563	2024-03-12 06:19:57.568878+00	80	Прошу выразить благодарность команде Resident за оперативную и качественную поддержку. Всегда на связи и готовы решать любые вопросы - это настоящий профессионализм!	2	[{"changed": {"fields": ["\\u041e\\u043f\\u0443\\u0431\\u043b\\u0438\\u043a\\u043e\\u0432\\u0430\\u0442\\u044c"]}}]	15	1
564	2024-03-12 07:44:14.145233+00	1	Интервью	2	[{"changed": {"fields": ["\\u041d\\u0430\\u0437\\u0432\\u0430\\u043d\\u0438\\u0435"]}}]	8	1
565	2024-03-12 07:46:03.304427+00	4	Персона	2	[{"changed": {"fields": ["\\u041d\\u0430\\u0437\\u0432\\u0430\\u043d\\u0438\\u0435"]}}]	8	1
566	2024-03-12 07:46:47.733135+00	16	Персона	2	[{"changed": {"fields": ["\\u041d\\u0430\\u0437\\u0432\\u0430\\u043d\\u0438\\u0435"]}}]	8	1
567	2024-03-12 07:47:06.843657+00	20	Персона	2	[{"changed": {"fields": ["\\u041d\\u0430\\u0437\\u0432\\u0430\\u043d\\u0438\\u0435"]}}]	8	1
657	2024-03-13 09:32:33.626826+00	6	Москва - жилой дом премиум-класс	2	[]	13	10
659	2024-03-13 09:32:40.272746+00	22	Отель Орион -  только место для отдыха	2	[]	13	10
568	2024-03-12 07:49:31.003517+00	20	Персона	2	[{"deleted": {"name": "", "object": "\\u0430\\u0440\\u0445\\u0438\\u0442\\u0435\\u043a\\u0442\\u043e\\u0440"}}, {"deleted": {"name": "", "object": "\\u0434\\u0438\\u0437\\u0430\\u0439\\u043d\\u0435\\u0440"}}, {"deleted": {"name": "", "object": "\\u0441\\u0442\\u0440\\u043e\\u0438\\u0442\\u0435\\u043b\\u044c"}}]	8	1
569	2024-03-12 07:52:32.824686+00	20	Персона	3		8	1
570	2024-03-12 07:53:50.215361+00	5	Интервью	2	[{"deleted": {"name": "", "object": "\\u041e\\u0442\\u0435\\u043b\\u044c"}}]	8	1
571	2024-03-12 08:00:31.348933+00	2	Дизайн	2	[{"changed": {"fields": ["\\u041d\\u0430\\u0437\\u0432\\u0430\\u043d\\u0438\\u0435"]}}]	8	1
572	2024-03-12 08:01:15.288055+00	11	Архитектура	2	[{"changed": {"fields": ["\\u041d\\u0430\\u0437\\u0432\\u0430\\u043d\\u0438\\u0435"]}}]	8	1
573	2024-03-12 08:23:55.436862+00	78	Анна Шишкина - Freedom дизайн студиясынын негиздөөчүсү.	2	[{"changed": {"fields": ["\\u042f\\u0437\\u044b\\u043a"]}}]	13	10
574	2024-03-12 08:24:44.746764+00	12	admin2	3		4	10
575	2024-03-12 08:24:44.748557+00	11	jamil	3		4	10
576	2024-03-12 08:32:19.480342+00	2	Дизайн	2	[{"deleted": {"name": "", "object": "\\u041e\\u0442\\u0435\\u043b\\u0438"}}, {"deleted": {"name": "", "object": "\\u0420\\u0435\\u0441\\u0442\\u043e\\u0440\\u0430\\u043d\\u044b"}}, {"deleted": {"name": "", "object": "\\u0421\\u043f\\u0430-\\u0441\\u0430\\u043b\\u043e\\u043d\\u044b"}}]	8	1
577	2024-03-12 08:35:37.853875+00	1	Монолит - создаем надежность и комфорт вместе!	2	[]	12	1
578	2024-03-12 08:35:49.959597+00	3	Орион - первый и единственный отель с сертификатом в Кыргызстане	2	[]	12	1
579	2024-03-12 08:58:21.044443+00	5	Недвижимость	2	[{"changed": {"fields": ["\\u041d\\u0430\\u0437\\u0432\\u0430\\u043d\\u0438\\u0435"]}}]	8	1
580	2024-03-12 08:59:20.808038+00	12	Образ жизни	2	[{"changed": {"fields": ["\\u041d\\u0430\\u0437\\u0432\\u0430\\u043d\\u0438\\u0435"]}}]	8	1
581	2024-03-12 09:01:30.623574+00	22	События	1	[{"added": {}}]	8	1
582	2024-03-12 10:01:43.703449+00	82	Баары бир чатырдын астында: курулуш материалдары,  шаймандар, электр буюмдары жана башкалар.	2	[{"added": {"name": "\\u0414\\u043e\\u043f\\u043e\\u043b\\u043d\\u0438\\u0442\\u0435\\u043b\\u044c\\u043d\\u043e", "object": "PostDetail object (77)"}}]	13	10
583	2024-03-12 10:02:54.22535+00	49	UNO City - Кыргызстандагы жаңы курортук шаар	2	[{"changed": {"name": "\\u0414\\u043e\\u043f\\u043e\\u043b\\u043d\\u0438\\u0442\\u0435\\u043b\\u044c\\u043d\\u043e", "object": "PostDetail object (36)", "fields": ["\\u041f\\u043e\\u0434\\u0440\\u043e\\u0431\\u043d\\u0435\\u0435"]}}]	13	10
584	2024-03-12 10:06:25.250683+00	68	Максаты кадимки жашоого кайтуу	2	[{"added": {"name": "\\u0414\\u043e\\u043f\\u043e\\u043b\\u043d\\u0438\\u0442\\u0435\\u043b\\u044c\\u043d\\u043e", "object": "PostDetail object (78)"}}]	13	10
585	2024-03-12 10:07:38.590173+00	68	Максаты кадимки жашоого кайтуу	2	[{"changed": {"fields": ["\\u042f\\u0437\\u044b\\u043a"]}}, {"changed": {"name": "\\u0414\\u043e\\u043f\\u043e\\u043b\\u043d\\u0438\\u0442\\u0435\\u043b\\u044c\\u043d\\u043e", "object": "PostDetail object (78)", "fields": ["\\u041f\\u043e\\u0434\\u0440\\u043e\\u0431\\u043d\\u0435\\u0435"]}}]	13	10
586	2024-03-12 10:08:05.870768+00	68	Максаты кадимки жашоого кайтуу	2	[{"changed": {"fields": ["\\u042f\\u0437\\u044b\\u043a"]}}]	13	10
587	2024-03-12 10:09:02.807563+00	22	События	2	[{"changed": {"fields": ["\\u0410\\u043a\\u0442\\u0438\\u0432\\u043d\\u043e"]}}]	8	1
588	2024-03-12 10:09:44.210636+00	5	Недвижимость	2	[{"changed": {"fields": ["\\u0410\\u043a\\u0442\\u0438\\u0432\\u043d\\u043e"]}}]	8	1
589	2024-03-12 10:10:49.648252+00	11	Архитектура	2	[{"deleted": {"name": "", "object": "\\u041e\\u0442\\u0435\\u043b\\u044c"}}, {"deleted": {"name": "", "object": "\\u0420\\u0435\\u0441\\u0442\\u043e\\u0440\\u0430\\u043d"}}, {"deleted": {"name": "", "object": "\\u0421\\u043f\\u0430-\\u0441\\u0430\\u043b\\u043e\\u043d\\u044b"}}]	8	1
590	2024-03-12 10:11:54.687202+00	8	Галерея - отделочные материалы оптом и в розницу	2	[{"changed": {"name": "\\u0414\\u043e\\u043f\\u043e\\u043b\\u043d\\u0438\\u0442\\u0435\\u043b\\u044c\\u043d\\u043e", "object": "PostDetail object (9)", "fields": ["\\u041f\\u043e\\u0434\\u0440\\u043e\\u0431\\u043d\\u0435\\u0435"]}}]	13	10
591	2024-03-12 14:23:29.704215+00	2	Дизайн	2	[{"added": {"name": "", "object": "\\u0414\\u0438\\u0437\\u0430\\u0439\\u043d\\u0435\\u0440\\u044b"}}]	8	1
592	2024-03-12 14:30:38.100213+00	19	Владислав Попов - основатель дизайн Freedom Group	2	[{"changed": {"fields": ["\\u041a\\u0430\\u0442\\u0435\\u0433\\u043e\\u0440\\u0438\\u044f", "\\u041f\\u043e\\u0434\\u043a\\u0430\\u0442\\u0435\\u0433\\u043e\\u0440\\u0438\\u044f"]}}]	13	1
593	2024-03-12 14:46:07.360469+00	5	Недвижимость	2	[{"added": {"name": "", "object": "\\u041a\\u044b\\u0440\\u0433\\u0437\\u044b\\u0441\\u0442\\u0430\\u043d"}}, {"added": {"name": "", "object": "\\u0414\\u0443\\u0431\\u0430\\u0439"}}]	8	1
594	2024-03-12 14:48:32.185401+00	19	Владислав Попов - основатель дизайн Freedom Group	2	[{"changed": {"fields": ["\\u0418\\u0437\\u043e\\u0431\\u0440\\u0430\\u0436\\u0435\\u043d\\u0438\\u0435"]}}]	13	1
595	2024-03-12 14:50:13.822514+00	82	Баары бир чатырдын астында: курулуш материалдары,  шаймандар, электр буюмдары жана башкалар.	3		13	1
596	2024-03-12 14:50:41.097219+00	81	Баары бир чатырдын астында: курулуш материалдары, сантехника,  электр буюмдары жана башкалар.	3		13	1
597	2024-03-12 14:51:14.237879+00	80	Баары бир чатырдын астында: курулуш материалдары, сантехника, шаймандар, электр буюмдары жана башкалар.	3		13	1
598	2024-03-12 14:53:32.149357+00	79	жума сайын жаңы кабар	3		13	1
599	2024-03-12 14:53:49.470335+00	78	Анна Шишкина - Freedom дизайн студиясынын негиздөөчүсү.	3		13	1
600	2024-03-12 14:53:56.00162+00	77	кызыктуу темалар боюнча макалалар	3		13	1
601	2024-03-12 14:54:04.17348+00	76	Анна Шишкина - Freedom Group дизайн студиясынын негиздөөчүсү.	3		13	1
602	2024-03-12 14:54:10.926199+00	74	Бизнес жолугушуулар үчүн жерb	3		13	1
603	2024-03-12 14:54:26.036157+00	72	Миссия - кадимкиден тышкары	3		13	1
604	2024-03-12 14:54:32.824236+00	71	Бизнес жолугушуулар үчүн жер	3		13	1
605	2024-03-12 14:54:38.983592+00	70	Максаты кадимки жашоого кайту	3		13	1
606	2024-03-12 14:54:45.511468+00	69	Бишкектен ипотекага батир алуу: миссия мүмкүнбү?	3		13	1
607	2024-03-12 14:54:53.199116+00	68	Максаты кадимки жашоого кайтуу	3		13	1
658	2024-03-13 09:32:37.250173+00	24	Sumbule - центр незабываемого отдыха, красоты и здоровья	2	[]	13	10
608	2024-03-12 14:55:50.819027+00	67	Владислав Попов	2	[{"changed": {"fields": ["\\u042f\\u0437\\u044b\\u043a", "\\u041a\\u0430\\u0442\\u0435\\u0433\\u043e\\u0440\\u0438\\u044f", "\\u041f\\u043e\\u0434\\u043a\\u0430\\u0442\\u0435\\u0433\\u043e\\u0440\\u0438\\u044f", "\\u041d\\u0430\\u0437\\u0432\\u0430\\u043d\\u0438\\u0435", "\\u0418\\u0437\\u043e\\u0431\\u0440\\u0430\\u0436\\u0435\\u043d\\u0438\\u0435"]}}]	13	1
609	2024-03-12 14:57:06.520908+00	67	Владислав Попов	2	[{"changed": {"name": "\\u0414\\u043e\\u043f\\u043e\\u043b\\u043d\\u0438\\u0442\\u0435\\u043b\\u044c\\u043d\\u043e", "object": "PostDetail object (5)", "fields": ["\\u041f\\u043e\\u0434\\u0440\\u043e\\u0431\\u043d\\u0435\\u0435"]}}]	13	1
610	2024-03-12 14:58:52.402368+00	67	Владислав Попов	2	[{"changed": {"name": "\\u0414\\u043e\\u043f\\u043e\\u043b\\u043d\\u0438\\u0442\\u0435\\u043b\\u044c\\u043d\\u043e", "object": "PostDetail object (5)", "fields": ["\\u041f\\u043e\\u0434\\u0440\\u043e\\u0431\\u043d\\u0435\\u0435"]}}]	13	1
611	2024-03-12 15:10:51.096669+00	67	Владислав Попов	2	[{"changed": {"name": "\\u0414\\u043e\\u043f\\u043e\\u043b\\u043d\\u0438\\u0442\\u0435\\u043b\\u044c\\u043d\\u043e", "object": "PostDetail object (5)", "fields": ["\\u041f\\u043e\\u0434\\u0440\\u043e\\u0431\\u043d\\u0435\\u0435"]}}]	13	1
612	2024-03-12 15:11:35.940082+00	67	Владислав Попов	2	[{"changed": {"name": "\\u0414\\u043e\\u043f\\u043e\\u043b\\u043d\\u0438\\u0442\\u0435\\u043b\\u044c\\u043d\\u043e", "object": "PostDetail object (5)", "fields": ["\\u041f\\u043e\\u0434\\u0440\\u043e\\u0431\\u043d\\u0435\\u0435"]}}]	13	1
613	2024-03-12 15:46:45.712181+00	67	Владислав Попов	2	[{"changed": {"name": "\\u0414\\u043e\\u043f\\u043e\\u043b\\u043d\\u0438\\u0442\\u0435\\u043b\\u044c\\u043d\\u043e", "object": "PostDetail object (5)", "fields": ["\\u041f\\u043e\\u0434\\u0440\\u043e\\u0431\\u043d\\u0435\\u0435"]}}]	13	1
614	2024-03-12 15:47:45.829775+00	8	Москва	1	[{"added": {}}]	12	1
615	2024-03-12 16:54:40.68135+00	8	Москва	3		12	1
616	2024-03-12 17:35:19.656595+00	23	Luxury lifestyle	1	[{"added": {}}]	8	1
617	2024-03-12 17:35:42.277808+00	23	Luxury lifestyle	2	[{"changed": {"fields": ["\\u0410\\u043a\\u0442\\u0438\\u0432\\u043d\\u043e"]}}]	8	1
618	2024-03-12 17:36:49.473167+00	23	Luxury lifestyle	2	[{"added": {"name": "", "object": "Uno city  by BORSAN"}}]	8	1
619	2024-03-12 17:48:55.065609+00	11	Архитектура	2	[{"added": {"name": "", "object": "\\u0410\\u0440\\u0445\\u0438\\u0442\\u0435\\u043a\\u0442\\u043e\\u0440\\u044b"}}]	8	1
620	2024-03-12 17:54:28.67033+00	67	Владислав Попов	2	[]	13	1
621	2024-03-13 08:05:52.584319+00	22	События	2	[{"changed": {"fields": ["\\u0410\\u043a\\u0442\\u0438\\u0432\\u043d\\u043e"]}}]	8	10
622	2024-03-13 08:06:06.04646+00	23	Luxury lifestyle	2	[{"changed": {"fields": ["\\u0410\\u043a\\u0442\\u0438\\u0432\\u043d\\u043e"]}}]	8	10
623	2024-03-13 08:06:16.211487+00	18	Маектешүү	2	[{"changed": {"fields": ["\\u0410\\u043a\\u0442\\u0438\\u0432\\u043d\\u043e"]}}]	8	10
624	2024-03-13 08:06:35.186537+00	15	Компаниядан сунуштар	2	[{"changed": {"fields": ["\\u0410\\u043a\\u0442\\u0438\\u0432\\u043d\\u043e"]}}]	8	10
625	2024-03-13 08:06:44.691208+00	11	Архитектура	2	[{"changed": {"fields": ["\\u0410\\u043a\\u0442\\u0438\\u0432\\u043d\\u043e"]}}]	8	10
626	2024-03-13 08:10:12.595758+00	67	Владислав Попов	2	[{"changed": {"fields": ["\\u0418\\u0437\\u043e\\u0431\\u0440\\u0430\\u0436\\u0435\\u043d\\u0438\\u0435"]}}]	13	10
627	2024-03-13 08:16:27.157202+00	67	Владислав Попов	2	[{"changed": {"fields": ["\\u0418\\u0437\\u043e\\u0431\\u0440\\u0430\\u0436\\u0435\\u043d\\u0438\\u0435"]}}]	13	1
628	2024-03-13 08:17:00.818923+00	67	Владислав Попов	2	[{"changed": {"fields": ["\\u0418\\u0437\\u043e\\u0431\\u0440\\u0430\\u0436\\u0435\\u043d\\u0438\\u0435"]}}]	13	1
629	2024-03-13 08:17:14.445925+00	67	Владислав Попов	2	[]	13	10
630	2024-03-13 09:30:56.083232+00	1	Москва - жилой дом премиум-класса	2	[]	13	10
631	2024-03-13 09:31:00.047672+00	67	Владислав Попов	2	[]	13	10
632	2024-03-13 09:31:03.325693+00	65	Галерея - бүтүрүү материалдары жана чекене	2	[]	13	10
633	2024-03-13 09:31:10.199275+00	63	Галерея - бүтүрүү материалдары дүң	2	[]	13	10
634	2024-03-13 09:31:13.782488+00	61	Дубайдын сыры, чет өлкөдөгү кыймылсыз мүлк	2	[]	13	10
635	2024-03-13 09:31:19.000253+00	60	Дубайдын сырлары, чет өлкөдөгү кыймылсыз	2	[]	13	10
636	2024-03-13 09:31:22.77357+00	59	Дубайдын сырлары, чет  кыймылсыз мүлк	2	[]	13	10
637	2024-03-13 09:31:28.544322+00	57	Бишкектен ипотека менен батир алуу: миссия мүмкүн?	2	[]	13	10
638	2024-03-13 09:31:32.539868+00	56	Бишкектен ипотека менен батир : миссия мүмкүнбү?	2	[]	13	10
639	2024-03-13 09:31:36.4759+00	55	Бишкектен ипотека батир алуу: миссия мүмкүнбү?	2	[]	13	10
640	2024-03-13 09:31:39.84802+00	54	Бишкектен ипотека менен батир алуу: миссия мүмкүнбү?	2	[]	13	10
641	2024-03-13 09:31:43.185043+00	53	City - Кыргызстандагы жаңы курорттук шаар	2	[]	13	10
642	2024-03-13 09:31:46.262336+00	52	UNO City - Кыргызстанда жаңы курорттук шаар	2	[]	13	10
643	2024-03-13 09:31:49.324421+00	51	UNO - Кыргызстандагы жаңы курорттук шаар	2	[]	13	10
644	2024-03-13 09:31:52.216409+00	50	UNO City - Кыргызстандагы  курорттук шаар	2	[]	13	10
645	2024-03-13 09:31:55.420805+00	43	Взять квартиру в ипотеку в Бишкеке: миссия выполним?	2	[]	13	10
646	2024-03-13 09:31:58.417967+00	42	Взять квартира в ипотеку в Бишкеке: миссия выполнима?	2	[]	13	10
647	2024-03-13 09:32:01.626625+00	39	Взять квартиру  ипотеку в Бишкеке: миссия выполнима?	2	[]	13	10
648	2024-03-13 09:32:04.905553+00	38	Взять квартиру в ипотеку в Бишкек: миссия выполнима?	2	[]	13	10
649	2024-03-13 09:32:08.03309+00	25	Sumbule - SPA  незабываемого отдыха, красоты и здоровья	2	[]	13	10
650	2024-03-13 09:32:10.923217+00	23	Отель Орион - не только место  отдыха	2	[]	13	10
651	2024-03-13 09:32:13.608284+00	20	Владислав Попов - основатель студии Freedom Group	2	[]	13	10
652	2024-03-13 09:32:16.616822+00	58	Дубайдын сырлары, чет өлкөдөгү кыймылсыз мүлк	2	[]	13	10
653	2024-03-13 09:32:19.494428+00	41	Взять квартиру в ипотеку в Бишкеке:  выполнима?	2	[]	13	10
654	2024-03-13 09:32:22.676388+00	40	Взять квартиру на ипотеку в Бишкеке: миссия выполнима?	2	[]	13	10
655	2024-03-13 09:32:25.714326+00	64	Галерея - материалдары дүң жана чекене	2	[]	13	10
656	2024-03-13 09:32:29.12379+00	7	Sumbule - SPA центр незабываемого отдыха, красоты и здоровья	2	[]	13	10
660	2024-03-13 09:32:43.165086+00	26	Sumbule - SPA центр незабываемого отдыха, красоты	2	[]	13	10
661	2024-03-13 09:32:46.116336+00	28	SPA центр незабываемого отдыха, красоты и здоровья	2	[]	13	10
662	2024-03-13 09:32:51.934029+00	21	Отель Орион - не только место для отдыха	2	[]	13	10
663	2024-03-13 09:32:56.17298+00	27	Sumbule - SPA центр незабываемого красоты и здоровья	2	[]	13	10
664	2024-03-13 09:33:01.470382+00	17	Владислав Попов - основатель дизайн-студии Freedom Group	2	[]	13	10
665	2024-03-13 09:33:04.133922+00	49	UNO City - Кыргызстандагы жаңы курортук шаар	2	[{"changed": {"name": "\\u0414\\u043e\\u043f\\u043e\\u043b\\u043d\\u0438\\u0442\\u0435\\u043b\\u044c\\u043d\\u043e", "object": "PostDetail object (36)", "fields": ["\\u041f\\u043e\\u0434\\u0440\\u043e\\u0431\\u043d\\u0435\\u0435"]}}]	13	10
666	2024-03-13 09:33:07.651077+00	62	Галерея - бүтүрүү материалдары дүң жана чекене	2	[]	13	10
667	2024-03-13 09:33:10.81029+00	46	Москва - премиум турак имараты	2	[]	13	10
668	2024-03-13 09:33:13.92335+00	48	UNO City - Кыргызстандагы жаңы курорттук шаар	2	[]	13	10
669	2024-03-13 09:33:17.429681+00	3	Взять квартиру в ипотеку в Бишкеке: миссия выполнима?	2	[]	13	10
670	2024-03-13 09:33:20.630446+00	18	Владислав- основатель дизайн-студии Freedom Group	2	[]	13	10
671	2024-03-13 09:33:24.045411+00	44	Москва - премиум турак жай имараты	2	[]	13	10
672	2024-03-13 09:33:28.044384+00	19	Владислав Попов - основатель дизайн Freedom Group	2	[]	13	10
673	2024-03-13 09:33:31.50397+00	8	Галерея - отделочные материалы оптом и в розницу	2	[{"changed": {"name": "\\u0414\\u043e\\u043f\\u043e\\u043b\\u043d\\u0438\\u0442\\u0435\\u043b\\u044c\\u043d\\u043e", "object": "PostDetail object (9)", "fields": ["\\u041f\\u043e\\u0434\\u0440\\u043e\\u0431\\u043d\\u0435\\u0435"]}}]	13	10
674	2024-03-13 09:33:34.492137+00	45	Москва - премиум турак жай имараттар	2	[]	13	10
675	2024-03-13 09:40:43.519799+00	111	wefwef	1	[{"added": {}}]	13	1
676	2024-03-13 09:41:06.12294+00	112	ljk	1	[{"added": {}}]	13	1
677	2024-03-13 10:00:55.542194+00	1	Москва - жилой дом премиум-класса	2	[]	13	10
678	2024-03-13 10:03:28.304919+00	23	Luxury lifestyle	2	[{"changed": {"fields": ["\\u0410\\u043a\\u0442\\u0438\\u0432\\u043d\\u043e"]}}]	8	10
679	2024-03-13 10:03:40.428957+00	23	Luxury lifestyle	2	[{"changed": {"fields": ["\\u0410\\u043a\\u0442\\u0438\\u0432\\u043d\\u043e"]}}]	8	10
\.


--
-- Data for Name: django_content_type; Type: TABLE DATA; Schema: public; Owner: navis
--

COPY public.django_content_type (id, app_label, model) FROM stdin;
1	admin	logentry
2	auth	permission
3	auth	group
4	auth	user
5	contenttypes	contenttype
6	sessions	session
7	users	user
8	main	category
9	main	state
10	main	subcategory
12	main	slider
11	main	postdetail
13	main	post
14	main	comment
15	main	comments
\.


--
-- Data for Name: django_migrations; Type: TABLE DATA; Schema: public; Owner: navis
--

COPY public.django_migrations (id, app, name, applied) FROM stdin;
1	contenttypes	0001_initial	2024-03-06 18:39:52.829793+00
2	auth	0001_initial	2024-03-06 18:41:14.45447+00
3	admin	0001_initial	2024-03-06 18:41:14.474115+00
4	admin	0002_logentry_remove_auto_add	2024-03-06 18:41:14.48385+00
5	admin	0003_logentry_add_action_flag_choices	2024-03-06 18:41:14.493824+00
6	contenttypes	0002_remove_content_type_name	2024-03-06 18:41:14.515544+00
7	auth	0002_alter_permission_name_max_length	2024-03-06 18:41:14.525963+00
8	auth	0003_alter_user_email_max_length	2024-03-06 18:41:14.535832+00
9	auth	0004_alter_user_username_opts	2024-03-06 18:41:14.545793+00
10	auth	0005_alter_user_last_login_null	2024-03-06 18:41:14.555727+00
11	auth	0006_require_contenttypes_0002	2024-03-06 18:41:14.558525+00
12	auth	0007_alter_validators_add_error_messages	2024-03-06 18:41:14.569738+00
13	auth	0008_alter_user_username_max_length	2024-03-06 18:41:14.584309+00
14	auth	0009_alter_user_last_name_max_length	2024-03-06 18:41:14.595439+00
15	auth	0010_alter_group_name_max_length	2024-03-06 18:41:14.608202+00
16	auth	0011_update_proxy_permissions	2024-03-06 18:41:14.621012+00
17	auth	0012_alter_user_first_name_max_length	2024-03-06 18:41:14.632094+00
18	main	0001_initial	2024-03-06 18:41:14.696827+00
19	sessions	0001_initial	2024-03-06 18:41:14.709991+00
20	users	0001_initial	2024-03-06 18:41:14.748532+00
21	main	0002_alter_category_last	2024-03-06 18:46:34.009682+00
22	main	0003_alter_category_title	2024-03-06 18:47:35.558805+00
23	main	0004_alter_state_sub_cat	2024-03-06 18:52:50.898608+00
24	main	0005_alter_slider_last	2024-03-06 19:04:49.530957+00
25	main	0006_alter_slider_img	2024-03-06 19:08:15.807827+00
26	main	0007_alter_slider_last	2024-03-06 19:12:14.193527+00
27	main	0008_remove_subcategory_language	2024-03-06 19:14:31.222807+00
28	main	0009_alter_state_sub_cat	2024-03-06 19:25:08.958069+00
29	main	0010_alter_state_sub_cat	2024-03-06 19:25:57.071382+00
30	main	0011_alter_state_sub_cat	2024-03-06 19:26:22.734893+00
31	main	0012_rename_cat_subcategory_subcategory_and_more	2024-03-06 19:26:58.905627+00
32	main	0013_rename_subcategory_subcategory_cat	2024-03-06 19:27:51.510982+00
33	main	0014_alter_state_sub_cat	2024-03-06 19:31:21.283062+00
34	main	0015_alter_state_sub_cat	2024-03-06 19:32:06.741694+00
35	main	0016_alter_state_sub_cat	2024-03-06 19:36:35.752541+00
36	main	0017_alter_state_sub_cat	2024-03-06 19:39:24.275449+00
37	main	0018_post_rename_statedetail_postdetail_delete_state_and_more	2024-03-06 20:11:00.996131+00
38	main	0019_alter_post_options_alter_post_img	2024-03-06 20:13:23.342004+00
39	main	0020_alter_category_options_alter_post_options_and_more	2024-03-07 07:35:19.042246+00
40	main	0021_rename_img_post_image	2024-03-07 07:48:18.599814+00
41	main	0022_alter_postdetail_description	2024-03-07 08:04:56.95359+00
42	main	0023_rename_image_post_img	2024-03-07 09:58:41.785577+00
43	main	0024_alter_post_img	2024-03-07 10:29:22.128395+00
44	main	0025_alter_post_img_alter_post_last_alter_slider_img	2024-03-07 10:30:35.69489+00
45	main	0026_alter_post_views_alter_slider_title	2024-03-07 11:39:46.181668+00
46	users	0002_delete_user	2024-03-07 16:08:45.990827+00
47	users	0003_initial	2024-03-08 08:15:52.265956+00
48	users	0004_alter_user_groups	2024-03-08 08:22:54.948233+00
49	main	0002_post_is_save	2024-03-08 09:08:35.835188+00
50	main	0003_post_user	2024-03-08 10:41:38.285271+00
51	main	0004_alter_post_user	2024-03-08 10:42:33.765653+00
52	users	0005_remove_user_username	2024-03-08 11:36:28.698962+00
53	main	0002_comments	2024-03-08 12:29:19.965162+00
54	main	0002_remove_comments_created_at	2024-03-08 18:46:00.915303+00
55	main	0003_comments_created_at	2024-03-08 19:06:58.798588+00
56	main	0004_alter_comments_created_at	2024-03-08 19:22:49.151923+00
57	main	0005_alter_comments_post_alter_post_user	2024-03-09 07:39:58.836807+00
58	main	0006_alter_comments_user	2024-03-09 07:47:21.07703+00
59	main	0002_alter_post_is_save	2024-03-09 10:44:29.974917+00
60	main	0003_post_is_main	2024-03-09 10:46:39.817815+00
61	main	0002_alter_post_user	2024-03-10 14:02:13.407163+00
62	main	0003_alter_post_user	2024-03-11 00:16:19.708459+00
63	main	0005_alter_post_user	2024-03-11 00:34:43.468278+00
64	main	0006_alter_comments_comment	2024-03-11 11:05:19.778279+00
\.


--
-- Data for Name: django_session; Type: TABLE DATA; Schema: public; Owner: navis
--

COPY public.django_session (session_key, session_data, expire_date) FROM stdin;
7n9m5cuvfj44yq3y84y0kdiy4mwnnpdn	.eJxVjDsOwjAQBe_iGlm7cfyjpOcM1tpr4wBypDipEHeHSCmgfTPzXiLQttaw9byEicVZoDj9bpHSI7cd8J3abZZpbusyRbkr8qBdXmfOz8vh_h1U6vVbF3AGFRgcraKcii1OqQLWk_dF-4E5sU8GVKSBTAQNqJnKmKPzyIji_QHWOzfO:1rixS4:6OGycDsfLCKYAas2GoQpdA_ciT1yJAYAM2PS5Q9pdXk	2024-03-23 14:13:28.036836+00
wgw49xnr8tzwtvigi29lisbmbfnrjxz9	.eJxVjDsOwjAQBe_iGlm7cfyjpOcM1tpr4wBypDipEHeHSCmgfTPzXiLQttaw9byEicVZoDj9bpHSI7cd8J3abZZpbusyRbkr8qBdXmfOz8vh_h1U6vVbF3AGFRgcraKcii1OqQLWk_dF-4E5sU8GVKSBTAQNqJnKmKPzyIji_QHWOzfO:1riAOm:xVG1616Uv5rB5SixWPb0fvVEYnBMfTTo4_phsHiv_C0	2024-03-21 09:50:48.669917+00
ja1o99oryg261k9kfiuo55sllxxkte5q	.eJxVjDsOwjAQBe_iGlm7cfyjpOcM1tpr4wBypDipEHeHSCmgfTPzXiLQttaw9byEicVZoDj9bpHSI7cd8J3abZZpbusyRbkr8qBdXmfOz8vh_h1U6vVbF3AGFRgcraKcii1OqQLWk_dF-4E5sU8GVKSBTAQNqJnKmKPzyIji_QHWOzfO:1rjE3T:iIlJPRoy11RK6At10IjAUOvnbxDXZ9z525aUcGPT3cw	2024-03-24 07:57:11.504384+00
j2d4yy2l8hp3c1x5y7o4w151d5bsca3u	.eJxVjDsOwjAQBe_iGlm7cfyjpOcM1tpr4wBypDipEHeHSCmgfTPzXiLQttaw9byEicVZoDj9bpHSI7cd8J3abZZpbusyRbkr8qBdXmfOz8vh_h1U6vVbF3AGFRgcraKcii1OqQLWk_dF-4E5sU8GVKSBTAQNqJnKmKPzyIji_QHWOzfO:1riCXA:6OWYrWUq_Mc-o5pEpQEZpwH6DZ2M1eQOFMq8sp5a-no	2024-03-21 12:07:36.197373+00
4oagx66xd7hkp2l98vqeqquaa7qg3176	.eJxVjDsOwjAQBe_iGlm7cfyjpOcM1tpr4wBypDipEHeHSCmgfTPzXiLQttaw9byEicVZoDj9bpHSI7cd8J3abZZpbusyRbkr8qBdXmfOz8vh_h1U6vVbF3AGFRgcraKcii1OqQLWk_dF-4E5sU8GVKSBTAQNqJnKmKPzyIji_QHWOzfO:1riCcC:-RHO19FDqRD4-Si66vHNQ1d1679Qacfh0_LIZlK9Clk	2024-03-21 12:12:48.612907+00
ohuiywwhpcuxn1iwx3d5112q3ucg7nxx	.eJxVjDsOwjAQBe_iGlm7cfyjpOcM1tpr4wBypDipEHeHSCmgfTPzXiLQttaw9byEicVZoDj9bpHSI7cd8J3abZZpbusyRbkr8qBdXmfOz8vh_h1U6vVbF3AGFRgcraKcii1OqQLWk_dF-4E5sU8GVKSBTAQNqJnKmKPzyIji_QHWOzfO:1rjEAx:VN11T_PqS1tjCllTRMX16yhFLpIe-IIKK8SSsCexDhk	2024-03-24 08:04:55.381302+00
p3r7qectpfsd9wa8hnoemdeav7j3gxyp	.eJxVjDsOwjAQBe_iGlm7cfyjpOcM1tpr4wBypDipEHeHSCmgfTPzXiLQttaw9byEicVZoDj9bpHSI7cd8J3abZZpbusyRbkr8qBdXmfOz8vh_h1U6vVbF3AGFRgcraKcii1OqQLWk_dF-4E5sU8GVKSBTAQNqJnKmKPzyIji_QHWOzfO:1riObT:w6ybHmhHmkuYI0vflz17DuQY9_RNX6u6svzlSjr09N8	2024-03-22 01:00:51.827721+00
bgq5lj9rkyejcmgi52vjy2ogiqjz0f1p	.eJxVjDsOwjAQBe_iGlm7cfyjpOcM1tpr4wBypDipEHeHSCmgfTPzXiLQttaw9byEicVZoDj9bpHSI7cd8J3abZZpbusyRbkr8qBdXmfOz8vh_h1U6vVbF3AGFRgcraKcii1OqQLWk_dF-4E5sU8GVKSBTAQNqJnKmKPzyIji_QHWOzfO:1rjTWV:uZSytQFWQiW9N8Z_MugOdeikrD7NLCobd9o34qNmywg	2024-03-25 00:28:11.138525+00
813iwqwqinnvnk4x3eq87bq181dg74uy	.eJxVjMsOwiAQRf-FtSFAGWBcuvcbyPCSqoGktCvjv2uTLnR7zzn3xTxta_XbyIufEzszKdjpdwwUH7ntJN2p3TqPva3LHPiu8IMOfu0pPy-H-3dQadRvDS5IMykgMCkq4yghBJu1QIsio4XsJnAClaRotdBECm0JxkStJyiFvT_fvzcr:1rjb8x:UMwwQ21_j4a0LssoJo66IXYki-hxAQViG5OUcPdb7Og	2024-03-25 08:36:23.927949+00
ny5kvncq38mpqv2a7bc5cf5va1f2egbe	.eJxVjDsOwjAQBe_iGlm7cfyjpOcM1tpr4wBypDipEHeHSCmgfTPzXiLQttaw9byEicVZoDj9bpHSI7cd8J3abZZpbusyRbkr8qBdXmfOz8vh_h1U6vVbF3AGFRgcraKcii1OqQLWk_dF-4E5sU8GVKSBTAQNqJnKmKPzyIji_QHWOzfO:1rjdMr:DvBPWO7FZDIuAxwFWhwlUG9wU2I3QDR5ki7ghipEGTY	2024-03-25 10:58:53.7725+00
cx3876mcmna4p2xilaa3ftoti8qv2hjh	.eJxVjDsOwjAQBe_iGlm7cfyjpOcM1tpr4wBypDipEHeHSCmgfTPzXiLQttaw9byEicVZoDj9bpHSI7cd8J3abZZpbusyRbkr8qBdXmfOz8vh_h1U6vVbF3AGFRgcraKcii1OqQLWk_dF-4E5sU8GVKSBTAQNqJnKmKPzyIji_QHWOzfO:1rjdQT:lhLTAq1rAMa-tQFYKaZ8f-50v8aNHx7DV5XShcMMGcE	2024-03-25 11:02:37.934131+00
6jfd5luo1vhdyqzxe1avfrookyzbxhaa	.eJxVjDsOwjAQBe_iGlm7cfyjpOcM1tpr4wBypDipEHeHSCmgfTPzXiLQttaw9byEicVZoDj9bpHSI7cd8J3abZZpbusyRbkr8qBdXmfOz8vh_h1U6vVbF3AGFRgcraKcii1OqQLWk_dF-4E5sU8GVKSBTAQNqJnKmKPzyIji_QHWOzfO:1rjdvs:iFpzqkXpP3rOuAhiOJeWQo1DNc1j49zvGDHX3dErpAg	2024-03-25 11:35:04.013388+00
az5kaojhc25zatatr4cq9e1flm33n368	.eJxVjDsOwjAQBe_iGlm7cfyjpOcM1tpr4wBypDipEHeHSCmgfTPzXiLQttaw9byEicVZoDj9bpHSI7cd8J3abZZpbusyRbkr8qBdXmfOz8vh_h1U6vVbF3AGFRgcraKcii1OqQLWk_dF-4E5sU8GVKSBTAQNqJnKmKPzyIji_QHWOzfO:1rjxfU:cpm85wYnKCwXhFO1TA1Hr2sthf8EVKiiGPx8L40vU0c	2024-03-26 08:39:28.090368+00
x3mf5keyhg1zt7zvq46qhbt6hcqh5hb4	.eJxVjDsOwjAQBe_iGlm7cfyjpOcM1tpr4wBypDipEHeHSCmgfTPzXiLQttaw9byEicVZoDj9bpHSI7cd8J3abZZpbusyRbkr8qBdXmfOz8vh_h1U6vVbF3AGFRgcraKcii1OqQLWk_dF-4E5sU8GVKSBTAQNqJnKmKPzyIji_QHWOzfO:1rkK6g:G0sVQfRgbo0C1FyOpL3fIfa5R1Rc22aKYRVNY8Fbpt8	2024-03-27 08:37:02.860947+00
52n0n300lvxn1mi0xjt1pfz7hxaheih9	.eJxVjDsOwjAQBe_iGlm7cfyjpOcM1tpr4wBypDipEHeHSCmgfTPzXiLQttaw9byEicVZoDj9bpHSI7cd8J3abZZpbusyRbkr8qBdXmfOz8vh_h1U6vVbF3AGFRgcraKcii1OqQLWk_dF-4E5sU8GVKSBTAQNqJnKmKPzyIji_QHWOzfO:1rkLUj:hwhgt6wRvyOCmOi0V0QawZQI__4RFIktzRbZ2eqWN2s	2024-03-27 10:05:57.365524+00
41txr4w5ksrkmiw3mj2x8n4g939p1qu5	.eJxVjDsOwjAQBe_iGll28GdNSc8ZrN3sBgeQI8VJhbg7iZQC2jcz760yrkvJa5M5j6wuCtTpdyPsn1J3wA-s90n3U13mkfSu6IM2fZtYXtfD_Tso2MpWkwcAYzvsegYSmyINgtEEZxMB-y6hOGHDnsiAQ8EQMYFxYThvnVOfL-2WN9k:1riroI:mZigZk8nzjcClP9hM-exAPqaLH10pZrrrmAnVdNayl4	2024-03-23 08:12:02.173804+00
\.


--
-- Data for Name: main_category; Type: TABLE DATA; Schema: public; Owner: navis
--

COPY public.main_category (id, language, title, is_active, slug, last_id) FROM stdin;
12	ru	Образ жизни	f	obraz-zhizni	\N
2	ru	Дизайн	t	dizajn	2
5	ru	Недвижимость	t	nedvizhimost	\N
22	ru	События	f	sobytija	\N
18	kg	Маектешүү	t	maektesh	5
15	kg	Компаниядан сунуштар	t	kompanijadan-sunushtar	12
10	kg	Кыймылсыз мүлк	t	kyjmylsyz-mlk	1
11	ru	Архитектура	f	arhitektura	\N
23	ru	Luxury lifestyle	f	luxury-lifestyle	\N
14	kg	Популярдуу	t	populjarduu	11
13	kg	Люкс майрам	t	ljuks-majram	2
19	kg	Байланыш	t	bajlanysh	\N
1	ru	Интервью	t	intervju	\N
4	ru	Персона	t	persona	\N
16	kg	Персона	t	persona	4
\.


--
-- Data for Name: main_comments; Type: TABLE DATA; Schema: public; Owner: navis
--

COPY public.main_comments (id, "user", comment, is_active, post_id, created_at) FROM stdin;
28	Нурзида Асанбекова	Много где бывал, много отелей видел. Орион меня удивил. Огромный бассейн, хамам и сауна. Идеальная чистота , в номере также. Завтрак супер! Номер люкс огромный, 70 м2 с гостевой комнатой. Постельное белье👍, никаких запахов, хотя всюду ковровое покрытие. Персонал вышколен!молодцы! Удачи ребятам, обязательно приедем еще.	t	19	2024-03-09 09:43:14.406581+00
80	Жаныш Байганышов	Прошу выразить благодарность команде Resident за оперативную и качественную поддержку. Всегда на связи и готовы решать любые вопросы - это настоящий профессионализм!	t	20	2024-03-11 20:14:24.102196+00
81	sduoljv	jflvsfvnd;fkv	f	44	2024-03-12 10:29:31.224339+00
82	sjkvskdj	dlvjlfvldfkvbfk	f	5	2024-03-12 10:30:06.077548+00
83	sjkvskdj	dlvjlfvldfkvbfk	f	5	2024-03-12 10:30:07.802453+00
84	sjkvskdj	dlvjlfvldfkvbfk	f	5	2024-03-12 10:30:08.642266+00
85	sjkvskdj	dlvjlfvldfkvbfk	f	5	2024-03-12 10:30:08.820089+00
86	sjkvskdj	dlvjlfvldfkvbfk	f	5	2024-03-12 10:30:08.984616+00
87	sjkvskdj	dlvjlfvldfkvbfk	f	5	2024-03-12 10:30:09.149362+00
88	sjkvskdj	dlvjlfvldfkvbfk	f	5	2024-03-12 10:30:09.296479+00
89	sjkvskdj	dlvjlfvldfkvbfk	f	5	2024-03-12 10:30:09.464034+00
90	sjkvskdj	dlvjlfvldfkvbfk	f	5	2024-03-12 10:30:09.622483+00
91	sjkvskdj	dlvjlfvldfkvbfk	f	5	2024-03-12 10:30:09.768342+00
92	sjkvskdj	dlvjlfvldfkvbfk	f	5	2024-03-12 10:30:09.94702+00
93	sjkvskdj	dlvjlfvldfkvbfk	f	5	2024-03-12 10:30:10.12137+00
94	sjkvskdj	dlvjlfvldfkvbfk	f	5	2024-03-12 10:30:10.368416+00
95	tnrgsdf	nrgsbefvds	f	44	2024-03-12 10:38:36.068543+00
96	tnhbgrfdvc	bgefvwdas	f	44	2024-03-12 10:39:08.624261+00
97	tnhbgrfdvc	bgefvwdas	f	44	2024-03-12 10:39:10.952032+00
98	tnhbgrfdvc	bgefvwdas	f	44	2024-03-12 10:39:11.459184+00
99	tnhbgrfdvc	bgefvwdas	f	44	2024-03-12 10:39:11.641741+00
100	tnhbgrfdvc	bgefvwdas	f	44	2024-03-12 10:39:11.865804+00
101	jkhgre	ghngf	f	44	2024-03-12 11:12:21.368776+00
102	trgfd	eas	f	44	2024-03-12 11:12:45.810532+00
103	fghkj	gvjhknl	f	43	2024-03-13 09:33:56.030829+00
74	Мария Сидорова	😊 Отель просто волшебство! Номер - как из мечты: уютная кровать, ароматная косметика, и вообще всё до мелочей продумано. 🌟 Утюг, халат, тапочки - как шоколадка к кофе. ☕️ Отель Орион - вы лучшие! 🌈	f	24	2024-03-11 19:01:29.981033+00
\.


--
-- Data for Name: main_post; Type: TABLE DATA; Schema: public; Owner: navis
--

COPY public.main_post (id, language, title, img, is_active, slug, created_at, updated_at, views, cat_id, last_id, sub_cat_id, is_save, user_id, is_main) FROM stdin;
6	ru	Москва - жилой дом премиум-класс	post/2024_03/thumb_ggCICdm.jpg	t	moskva-zhiloj-dom-premium-klass	2024-03-07 06:37:18.346977+00	2024-03-13 09:32:33.625513+00	31	1	\N	8	f	1	f
8	ru	Галерея - отделочные материалы оптом и в розницу	post/2024_03/thumb_aRka1W2.jpg	t	galereja-otdelochnye-materialy-optom-i-v-roznitsu	2024-03-07 06:39:23.225408+00	2024-03-13 09:33:31.501237+00	27	1	\N	7	f	1	f
111	ru	wefwef		f	wefwef	2024-03-13 09:40:43.516056+00	2024-03-13 09:40:43.516074+00	0	2	19	33	t	1	f
7	ru	Sumbule - SPA центр незабываемого отдыха, красоты и здоровья	post/2024_03/thumb_JMxBdX6.jpg	t	sumbule-spa-tsentr-nezabyvaemogo-otdyha-krasoty-i-zdorovja	2024-03-07 06:37:45.171298+00	2024-03-13 09:32:29.122295+00	14	1	\N	12	f	1	f
22	ru	Отель Орион -  только место для отдыха	post/2024_03/thumb_cODwfnU.jpg	t	otel-orion-tolko-mesto-dlja-otdyha	2024-03-07 06:50:23.117686+00	2024-03-13 09:32:40.271502+00	253	4	\N	\N	f	1	f
112	ru	ljk	post/2024_03/thumb_cODwfnU.jpg	f	ljk	2024-03-13 09:41:06.121851+00	2024-03-13 09:41:06.121866+00	0	23	22	36	t	1	f
64	ru	Галерея - материалдары дүң жана чекене	post/2024_03/thumb_wFz3fLL.jpg	t	galereja-materialdary-d-zhana-chekene	2024-03-07 07:19:44.350889+00	2024-03-13 09:32:25.71286+00	1	4	\N	\N	f	10	f
3	ru	Взять квартиру в ипотеку в Бишкеке: миссия выполнима?	post/2024_03/thumb_tspR2RI.jpg	t	vzjat-kvartiru-v-ipoteku-v-bishkeke-missija-vypolnima	2024-03-06 20:17:57.415335+00	2024-03-13 09:33:17.427862+00	15	1	\N	7	f	1	f
19	ru	Владислав Попов - основатель дизайн Freedom Group		t	vladislav-popov-osnovatel-dizajn-freedom-group	2024-03-07 06:48:35.177112+00	2024-03-13 09:33:28.039506+00	128	2	\N	33	f	1	f
54	ru	Бишкектен ипотека менен батир алуу: миссия мүмкүнбү?	post/2024_03/thumb_Kf4LjRS.jpg	t	bishkekten-ipoteka-menen-batir-aluu-missija-mmknb	2024-03-07 07:11:08.263669+00	2024-03-13 09:31:39.846654+00	0	13	\N	19	f	1	f
50	ru	UNO City - Кыргызстандагы  курорттук шаар	post/2024_03/thumb_KiXbPAY.jpg	t	uno-city-kyrgyzstandagy-kurorttuk-shaar	2024-03-07 07:09:32.186561+00	2024-03-13 09:31:52.214959+00	0	13	\N	21	f	1	f
25	ru	Sumbule - SPA  незабываемого отдыха, красоты и здоровья	post/2024_03/thumb_2ylqlFg.jpg	t	sumbule-spa-nezabyvaemogo-otdyha-krasoty-i-zdorovja	2024-03-07 06:51:30.821673+00	2024-03-13 09:32:08.03146+00	0	4	\N	\N	f	1	f
23	ru	Отель Орион - не только место  отдыха	post/2024_03/thumb_EJzhTEE.jpg	t	otel-orion-ne-tolko-mesto-otdyha	2024-03-07 06:50:49.022215+00	2024-03-13 09:32:10.921829+00	8	4	\N	\N	f	1	f
20	ru	Владислав Попов - основатель студии Freedom Group	post/2024_03/thumb_twW0VVD.jpg	t	vladislav-popov-osnovatel-studii-freedom-group	2024-03-07 06:48:58.62232+00	2024-03-13 09:32:13.60637+00	2	5	\N	\N	f	1	f
41	ru	Взять квартиру в ипотеку в Бишкеке:  выполнима?	post/2024_03/thumb_yCOIpJD.jpg	t	vzjat-kvartiru-v-ipoteku-v-bishkeke-vypolnima	2024-03-07 06:59:56.671036+00	2024-03-13 09:32:19.493015+00	4	12	\N	\N	f	1	f
40	ru	Взять квартиру на ипотеку в Бишкеке: миссия выполнима?	post/2024_03/thumb_aT3yGbf.jpg	t	vzjat-kvartiru-na-ipoteku-v-bishkeke-missija-vypolnima	2024-03-07 06:59:36.047036+00	2024-03-13 09:32:22.675123+00	2	12	\N	\N	f	1	f
5	ru	Palazzo - ресторан премиум-класса	post/2024_03/thumb_v0eamws.jpg	t	palazzo-restoran-premium-klassa	2024-03-07 06:35:23.869251+00	2024-03-13 10:03:44.769876+00	36	1	\N	8	f	1	f
24	ru	Sumbule - центр незабываемого отдыха, красоты и здоровья	post/2024_03/thumb_qYoOM3F.jpg	t	sumbule-tsentr-nezabyvaemogo-otdyha-krasoty-i-zdorovja	2024-03-07 06:51:13.165357+00	2024-03-13 09:32:37.248863+00	5	4	\N	\N	f	1	f
28	ru	SPA центр незабываемого отдыха, красоты и здоровья	post/2024_03/thumb_vNgemv0.jpg	t	spa-tsentr-nezabyvaemogo-otdyha-krasoty-i-zdorovja	2024-03-07 06:52:31.475922+00	2024-03-13 09:32:46.114948+00	1	4	\N	\N	f	1	f
21	ru	Отель Орион - не только место для отдыха	post/2024_03/thumb_T8WC26u.jpg	t	otel-orion-ne-tolko-mesto-dlja-otdyha	2024-03-07 06:49:59.450922+00	2024-03-13 09:32:51.932639+00	3	4	\N	\N	f	1	f
26	ru	Sumbule - SPA центр незабываемого отдыха, красоты	post/2024_03/thumb_WaWP5da.jpg	t	sumbule-spa-tsentr-nezabyvaemogo-otdyha-krasoty	2024-03-07 06:51:49.539625+00	2024-03-13 09:32:43.163742+00	5	4	\N	\N	f	1	f
27	ru	Sumbule - SPA центр незабываемого красоты и здоровья	post/2024_03/thumb_L2U8IXC.jpg	t	sumbule-spa-tsentr-nezabyvaemogo-krasoty-i-zdorovja	2024-03-07 06:52:10.341666+00	2024-03-13 09:32:56.171686+00	2	4	\N	\N	f	1	f
17	ru	Владислав Попов - основатель дизайн-студии Freedom Group	post/2024_03/thumb_DtuAwJH.jpg	t	vladislav-popov-osnovatel-dizajn-studii-freedom-group	2024-03-07 06:47:13.399875+00	2024-03-13 09:33:01.468601+00	11	5	\N	\N	f	1	f
48	kg	UNO City - Кыргызстандагы жаңы курорттук шаар	post/2024_03/thumb_7Q8JTJ6.jpg	t	uno-city-kyrgyzstandagy-zhay-kurorttuk-shaar	2024-03-07 07:08:28.259293+00	2024-03-13 09:33:13.916614+00	5	10	\N	17	f	1	f
18	ru	Владислав- основатель дизайн-студии Freedom Group	post/2024_03/thumb_q7FNPJO.jpg	t	vladislav-osnovatel-dizajn-studii-freedom-group	2024-03-07 06:48:13.594437+00	2024-03-13 09:33:20.629101+00	2	5	\N	\N	f	1	f
44	kg	Москва - премиум турак жай имараты	post/2024_03/thumb_mmUNk9E.jpg	t	moskva-premium-turak-zhaj-imaraty	2024-03-07 07:05:47.448773+00	2024-03-13 09:33:24.044065+00	16	10	\N	16	f	1	f
45	kg	Москва - премиум турак жай имараттар	post/2024_03/thumb_nKMnCTK.jpg	t	moskva-premium-turak-zhaj-imarattar	2024-03-07 07:06:10.341537+00	2024-03-13 09:33:34.490819+00	5	10	\N	17	f	1	f
1	ru	Москва - жилой дом премиум-класса	post/2024_03/thumb_RvcUYHB.jpg	t	moskva-zhiloj-dom-premium-klassa	2024-03-06 20:15:45.744955+00	2024-03-13 10:00:55.540126+00	5	1	\N	8	f	1	f
57	kg	Бишкектен ипотека менен батир алуу: миссия мүмкүн?	post/2024_03/thumb_dIp9bUd.jpg	t	bishkekten-ipoteka-menen-batir-aluu-missija-mmkn	2024-03-07 07:15:58.641847+00	2024-03-13 09:31:28.542366+00	0	14	\N	25	f	1	f
56	kg	Бишкектен ипотека менен батир : миссия мүмкүнбү?	post/2024_03/thumb_BsQzsgm.jpg	t	bishkekten-ipoteka-menen-batir-missija-mmknb	2024-03-07 07:12:00.617907+00	2024-03-13 09:31:32.538527+00	1	13	\N	21	f	1	f
55	ru	Бишкектен ипотека батир алуу: миссия мүмкүнбү?	post/2024_03/thumb_u89HmFy.jpg	t	bishkekten-ipoteka-batir-aluu-missija-mmknb	2024-03-07 07:11:29.067926+00	2024-03-13 09:31:36.474532+00	0	13	\N	19	f	1	f
53	ru	City - Кыргызстандагы жаңы курорттук шаар	post/2024_03/thumb_SjBUTDd.jpg	t	city-kyrgyzstandagy-zhay-kurorttuk-shaar	2024-03-07 07:10:33.093422+00	2024-03-13 09:31:43.183672+00	0	13	\N	21	f	1	f
67	ru	Владислав Попов	post/2024_03/photo1614580098_1.jpeg	t	vladislav-popov	2024-03-07 07:20:39.7268+00	2024-03-13 09:31:00.045835+00	10	2	\N	33	f	1	f
65	kg	Галерея - бүтүрүү материалдары жана чекене	post/2024_03/thumb_sWBmR5r.jpg	t	galereja-btr-materialdary-zhana-chekene	2024-03-07 07:20:08.072972+00	2024-03-13 09:31:03.324387+00	4	16	\N	\N	f	1	f
63	kg	Галерея - бүтүрүү материалдары дүң	post/2024_03/thumb_AjKFSPm.jpg	t	galereja-btr-materialdary-d	2024-03-07 07:19:23.950617+00	2024-03-13 09:31:10.197847+00	2	16	\N	\N	f	1	f
61	kg	Дубайдын сыры, чет өлкөдөгү кыймылсыз мүлк	post/2024_03/thumb_zEUtRkT.jpg	t	dubajdyn-syry-chet-lkdg-kyjmylsyz-mlk	2024-03-07 07:18:18.321212+00	2024-03-13 09:31:13.780897+00	3	14	\N	26	f	1	f
60	kg	Дубайдын сырлары, чет өлкөдөгү кыймылсыз	post/2024_03/thumb_7ExVhJL.jpg	t	dubajdyn-syrlary-chet-lkdg-kyjmylsyz	2024-03-07 07:17:42.580138+00	2024-03-13 09:31:18.998837+00	13	14	\N	27	f	1	f
59	kg	Дубайдын сырлары, чет  кыймылсыз мүлк	post/2024_03/thumb_QfB48yz.jpg	t	dubajdyn-syrlary-chet-kyjmylsyz-mlk	2024-03-07 07:17:22.818687+00	2024-03-13 09:31:22.772062+00	2	14	\N	27	f	1	f
52	kg	UNO City - Кыргызстанда жаңы курорттук шаар	post/2024_03/thumb_RBUkXOp.jpg	t	uno-city-kyrgyzstanda-zhay-kurorttuk-shaar	2024-03-07 07:10:11.572899+00	2024-03-13 09:31:46.261026+00	2	13	\N	19	f	1	f
51	kg	UNO - Кыргызстандагы жаңы курорттук шаар	post/2024_03/thumb_RERyhcw.jpg	t	uno-kyrgyzstandagy-zhay-kurorttuk-shaar	2024-03-07 07:09:53.925949+00	2024-03-13 09:31:49.322838+00	0	13	\N	20	f	1	f
42	ru	Взять квартира в ипотеку в Бишкеке: миссия выполнима?	post/2024_03/thumb_cftipQ3.jpg	t	vzjat-kvartira-v-ipoteku-v-bishkeke-missija-vypolnima	2024-03-07 07:00:25.405521+00	2024-03-13 09:31:58.416585+00	1	12	\N	\N	f	1	f
39	ru	Взять квартиру  ипотеку в Бишкеке: миссия выполнима?	post/2024_03/thumb_ygwKWs3.jpg	t	vzjat-kvartiru-ipoteku-v-bishkeke-missija-vypolnima	2024-03-07 06:59:09.911845+00	2024-03-13 09:32:01.624497+00	1	12	\N	\N	f	1	f
38	ru	Взять квартиру в ипотеку в Бишкек: миссия выполнима?	post/2024_03/thumb_xf9ad3W.jpg	t	vzjat-kvartiru-v-ipoteku-v-bishkek-missija-vypolnima	2024-03-07 06:58:45.197201+00	2024-03-13 09:32:04.904278+00	0	12	\N	\N	f	1	f
58	kg	Дубайдын сырлары, чет өлкөдөгү кыймылсыз мүлк	post/2024_03/thumb_rZWeEvT.jpg	t	dubajdyn-syrlary-chet-lkdg-kyjmylsyz-mlk	2024-03-07 07:16:59.415629+00	2024-03-13 09:32:16.615458+00	36	14	\N	27	f	1	f
49	ru	UNO City - Кыргызстандагы жаңы курортук шаар	post/2024_03/thumb_d53Ikum.jpg	t	uno-city-kyrgyzstandagy-zhay-kurortuk-shaar	2024-03-07 07:08:52.435417+00	2024-03-13 09:33:04.129135+00	0	10	\N	18	f	1	f
62	kg	Галерея - бүтүрүү материалдары дүң жана чекене	post/2024_03/thumb_JEntQL0.jpg	t	galereja-btr-materialdary-d-zhana-chekene	2024-03-07 07:19:02.935036+00	2024-03-13 09:33:07.649629+00	3	16	\N	\N	f	1	f
46	kg	Москва - премиум турак имараты	post/2024_03/thumb_F0Bf1sE.jpg	t	moskva-premium-turak-imaraty	2024-03-07 07:06:32.679436+00	2024-03-13 09:33:10.808819+00	1	10	\N	18	f	1	f
43	ru	Взять квартиру в ипотеку в Бишкеке: миссия выполним?	post/2024_03/thumb_p1Kjwwd.jpg	t	vzjat-kvartiru-v-ipoteku-v-bishkeke-missija-vypolnim	2024-03-07 07:00:45.539149+00	2024-03-13 09:33:35.26681+00	3	12	\N	\N	f	1	f
\.


--
-- Data for Name: main_postdetail; Type: TABLE DATA; Schema: public; Owner: navis
--

COPY public.main_postdetail (id, description, main_id) FROM stdin;
6	<h1>Миссия - За гранью обычного</h1>\r\n\r\n<p>Мы видим свое предназначение в том, чтобы объединить мир через истинное кыргызское гостеприимство и национальную культуру истинное<br />\r\nМы видим свое предназначение в том, чтобы объединить мир через истинное кыргызское гостеприимство и национальную культуру истинное</p>\r\n\r\n<p><span style="color:#ffffff"><img alt="" src="https://cf.bstatic.com/xdata/images/hotel/max1024x768/201915380.jpg?k=590a4299ee2af12073994d986a815d541653d8a92c5f0197b18b27c9359d33ae&amp;o=&amp;hp=1" style="border-style:solid; border-width:20px; height:300px; width:450px" /><img alt="" src="https://cf.bstatic.com/xdata/images/hotel/max1024x768/36933880.jpg?k=896b260a05702c6b73427005f2874756a50f32db3f63502d5c01ce952f798c5e&amp;o=&amp;hp=1" style="border-style:solid; border-width:20px; height:299px; width:450px" /></span></p>	65
7	<h1>Миссия - За гранью обычного</h1>\r\n\r\n<p>Мы видим свое предназначение в том, чтобы объединить мир через истинное кыргызское гостеприимство и национальную культуру истинное<br />\r\nМы видим свое предназначение в том, чтобы объединить мир через истинное кыргызское гостеприимство и национальную культуру истинное</p>\r\n\r\n<p><span style="color:#ffffff"><img alt="" src="https://cf.bstatic.com/xdata/images/hotel/max1024x768/36933880.jpg?k=896b260a05702c6b73427005f2874756a50f32db3f63502d5c01ce952f798c5e&amp;o=&amp;hp=1" style="border-style:solid; border-width:20px; height:299px; width:450px" /><img alt="" src="https://cf.bstatic.com/xdata/images/hotel/max1024x768/219652016.jpg?k=3829d3e7097a2a6a6f28d17eb014a03b26021ed0aada296b2cdc132e48dc2be1&amp;o=&amp;hp=1" style="border-style:solid; border-width:20px; height:300px; width:450px" /></span></p>	64
8	<h1>Миссия - За гранью обычного</h1>\r\n\r\n<p>Мы видим свое предназначение в том, чтобы объединить мир через истинное кыргызское гостеприимство и национальную культуру истинное</p>\r\n\r\n<p><span style="color:#ffffff"><img alt="" src="https://cf.bstatic.com/xdata/images/hotel/max1024x768/36933880.jpg?k=896b260a05702c6b73427005f2874756a50f32db3f63502d5c01ce952f798c5e&amp;o=&amp;hp=1" style="border-style:solid; border-width:20px; height:299px; width:450px" /><img alt="" src="https://cf.bstatic.com/xdata/images/hotel/max1024x768/36933900.jpg?k=3835e4eaaf3b7df2de9c902204671a816a72af540c1b42e3a2893d0d9f67cd73&amp;o=&amp;hp=1" style="height:299px; width:450px" /></span></p>	63
10	<h1>Миссия - За гранью обычного</h1>\r\n\r\n<p>Мы видим свое предназначение в том, чтобы объединить мир через истинное кыргызское гостеприимство и национальную культуру истинное<br />\r\nМы видим свое предназначение в том, чтобы объединить мир через истинное кыргызское гостеприимство и национальную культуру истинное</p>\r\n\r\n<p><span style="color:#ffffff"><img alt="" src="https://cf.bstatic.com/xdata/images/hotel/max1024x768/36933880.jpg?k=896b260a05702c6b73427005f2874756a50f32db3f63502d5c01ce952f798c5e&amp;o=&amp;hp=1" style="border-style:solid; border-width:20px; height:299px; width:450px" /><img alt="" src="https://cf.bstatic.com/xdata/images/hotel/max1024x768/36933880.jpg?k=896b260a05702c6b73427005f2874756a50f32db3f63502d5c01ce952f798c5e&amp;o=&amp;hp=1" style="border-style:solid; border-width:20px; height:299px; width:450px" /></span></p>	7
11	<h1>Миссия - За гранью обычного</h1>\r\n\r\n<p>Мы видим свое предназначение в том, чтобы объединить мир через истинное кыргызское гостеприимство и национальную культуру истинное<br />\r\nМы видим свое предназначение в том, чтобы объединить мир через истинное кыргызское гостеприимство и национальную культуру истинное</p>\r\n\r\n<p><span style="color:#ffffff"><img alt="" src="https://cf.bstatic.com/xdata/images/hotel/max1024x768/36933880.jpg?k=896b260a05702c6b73427005f2874756a50f32db3f63502d5c01ce952f798c5e&amp;o=&amp;hp=1" style="border-style:solid; border-width:20px; height:299px; width:450px" /><img alt="" src="https://cf.bstatic.com/xdata/images/hotel/max1024x768/36933880.jpg?k=896b260a05702c6b73427005f2874756a50f32db3f63502d5c01ce952f798c5e&amp;o=&amp;hp=1" style="border-style:solid; border-width:20px; height:299px; width:450px" /></span></p>	6
12	<h1>Миссия - За гранью обычного</h1>\r\n\r\n<p>Мы видим свое предназначение в том, чтобы объединить мир через истинное кыргызское гостеприимство и национальную культуру истинное<br />\r\nМы видим свое предназначение в том, чтобы объединить мир через истинное кыргызское гостеприимство и национальную культуру истинное</p>\r\n\r\n<p><span style="color:#ffffff"><img alt="" src="https://cf.bstatic.com/xdata/images/hotel/max1024x768/36933880.jpg?k=896b260a05702c6b73427005f2874756a50f32db3f63502d5c01ce952f798c5e&amp;o=&amp;hp=1" style="border-style:solid; border-width:20px; height:299px; width:450px" /><img alt="" src="https://cf.bstatic.com/xdata/images/hotel/max1024x768/36933900.jpg?k=3835e4eaaf3b7df2de9c902204671a816a72af540c1b42e3a2893d0d9f67cd73&amp;o=&amp;hp=1" style="border-style:solid; border-width:20px; height:299px; width:450px" /></span></p>	5
2	<h1>Миссия - За гранью обычного</h1>\r\n\r\n<p>Мы видим свое предназначение в том, чтобы объединить мир через истинное кыргызское гостеприимство и национальную культуру истинное<br />\r\nМы видим свое предназначение в том, чтобы объединить мир через истинное кыргызское гостеприимство и национальную культуру истинное</p>\r\n\r\n<p><span style="color:#ffffff"><img alt="" src="https://cf.bstatic.com/xdata/images/hotel/max1024x768/125177514.jpg?k=371deb73327eddfcd5abb3603c8313476ef7141e7da615c6fad9ba8c58a7a751&amp;o=&amp;hp=1" style="border-style:solid; border-width:20px; height:391px; width:450px" /><img alt="" src="https://cf.bstatic.com/xdata/images/hotel/max1024x768/36933880.jpg?k=896b260a05702c6b73427005f2874756a50f32db3f63502d5c01ce952f798c5e&amp;o=&amp;hp=1" style="border-style:solid; border-width:20px; height:299px; width:450px" /></span></p>	1
3	<h1>Миссия - За гранью обычного</h1>\r\n\r\n<p>Мы видим свое предназначение в том, чтобы объединить мир через истинное кыргызское гостеприимство и национальную культуру истинное<br />\r\nМы видим свое предназначение в том, чтобы объединить мир через истинное кыргызское гостеприимство и национальную культуру истинное</p>\r\n\r\n<p><span style="color:#ffffff"><img alt="" src="https://cf.bstatic.com/xdata/images/hotel/max1024x768/36933880.jpg?k=896b260a05702c6b73427005f2874756a50f32db3f63502d5c01ce952f798c5e&amp;o=&amp;hp=1" style="border-style:solid; border-width:20px; height:299px; width:450px" /><img alt="" src="https://cf.bstatic.com/xdata/images/hotel/max1024x768/36933903.jpg?k=5bf3fc362f50a388a6819fb6c4d7eb3e97bc616377d9b028adc6207ba6253655&amp;o=&amp;hp=1" style="border-style:solid; border-width:20px; height:299px; width:450px" /></span></p>	3
19	<h1>Миссия - За гранью обычного</h1>\r\n\r\n<p>Мы видим свое предназначение в том, чтобы объединить мир через истинное кыргызское гостеприимство и национальную культуру. Через улучшение качества сервиса, обеспечивать процветание компании и сотрудников. Главная цель - превзойти ожидания наших гостей. Орион - больше, чем отель! Мы видим свое предназначение в том, чтобы объединить мир через истинное кыргызское гостеприимство и национальную культуру. Через улучшение качества сервиса, обеспечивать процветание компании и сотрудников.</p>\r\n\r\n<p><span style="color:#ffffff"><img alt="" src="https://cf.bstatic.com/xdata/images/hotel/max1024x768/36933876.jpg?k=26f85a4a8b6d135f1093932d9c2ff343f264dc73244643ac4cde44e5b76b7969&amp;o=&amp;hp=1" style="border-style:solid; border-width:20px; height:299px; width:450px" /><img alt="" src="https://cf.bstatic.com/xdata/images/hotel/max1024x768/36933876.jpg?k=26f85a4a8b6d135f1093932d9c2ff343f264dc73244643ac4cde44e5b76b7969&amp;o=&amp;hp=1" style="border-style:solid; border-width:20px; height:299px; width:450px" /></span></p>	17
20	<p>Мы видим свое предназначение в том, чтобы объединить мир через истинное кыргызское гостеприимство и национальную культуру. Через улучшение качества сервиса, обеспечивать процветание компании и сотрудников. Главная цель - превзойти ожидания наших гостей. Орион - больше, чем отель! Мы видим свое предназначение в том, чтобы объединить мир через истинное кыргызское гостеприимство и национальную культуру. Через улучшение качества сервиса, обеспечивать процветание компании и сотрудников.</p>\r\n\r\n<p><span style="color:#ffffff"><img alt="" src="https://cf.bstatic.com/xdata/images/hotel/max1024x768/36933881.jpg?k=2e3055bd595f41c1c5f877f57c7926d5f01f78ee7d8f47e3bbf97c00bc29584e&amp;o=&amp;hp=1" style="border-style:solid; border-width:20px; height:299px; width:450px" /><img alt="" src="https://cf.bstatic.com/xdata/images/hotel/max1024x768/36933881.jpg?k=2e3055bd595f41c1c5f877f57c7926d5f01f78ee7d8f47e3bbf97c00bc29584e&amp;o=&amp;hp=1" style="border-style:solid; border-width:20px; height:299px; width:450px" /></span></p>	18
21	<h1>Миссия - За гранью обычного</h1>\r\n\r\n<p>Мы видим свое предназначение в том, чтобы объединить мир через истинное кыргызское гостеприимство и национальную культуру. Через улучшение качества сервиса, обеспечивать процветание компании и сотрудников. Главная цель - превзойти ожидания наших гостей. Орион - больше, чем отель! Мы видим свое предназначение в том, чтобы объединить мир через истинное кыргызское гостеприимство и национальную культуру. Через улучшение качества сервиса, обеспечивать процветание компании и сотрудников.</p>\r\n\r\n<p><span style="color:#ffffff"><img alt="" src="https://cf.bstatic.com/xdata/images/hotel/max1024x768/36933915.jpg?k=ee2339ecf9b4322c21bf60bbc309c384e4ccfb0b3da25ccb6563c9b9e8b237c9&amp;o=&amp;hp=1" style="border-style:solid; border-width:20px; height:299px; width:450px" /><img alt="" src="https://cf.bstatic.com/xdata/images/hotel/max1024x768/36933876.jpg?k=26f85a4a8b6d135f1093932d9c2ff343f264dc73244643ac4cde44e5b76b7969&amp;o=&amp;hp=1" style="border-style:solid; border-width:20px; height:299px; width:450px" /></span></p>	19
22	<h1>Миссия - За гранью обычного</h1>\r\n\r\n<p>Мы видим свое предназначение в том, чтобы объединить мир через истинное кыргызское гостеприимство и национальную культуру. Через улучшение качества сервиса, обеспечивать процветание компании и сотрудников. Главная цель - превзойти ожидания наших гостей. Орион - больше, чем отель! Мы видим свое предназначение в том, чтобы объединить мир через истинное кыргызское гостеприимство и национальную культуру. Через улучшение качества сервиса, обеспечивать процветание компании и сотрудников.</p>\r\n\r\n<p><span style="color:#ffffff"><img alt="" src="https://cf.bstatic.com/xdata/images/hotel/max1024x768/36933876.jpg?k=26f85a4a8b6d135f1093932d9c2ff343f264dc73244643ac4cde44e5b76b7969&amp;o=&amp;hp=1" style="border-style:solid; border-width:20px; height:299px; width:450px" /><img alt="" src="https://cf.bstatic.com/xdata/images/hotel/max1024x768/36933905.jpg?k=b6735c524579183ea8c1614000f3e48e2bfa291a6bcd9e3d26b87c63cca7f28c&amp;o=&amp;hp=1" style="border-style:solid; border-width:20px; height:299px; width:450px" /></span></p>	20
23	<h1>Миссия - За гранью обычного</h1>\r\n\r\n<p>Мы видим свое предназначение в том, чтобы объединить мир через истинное кыргызское гостеприимство и национальную культуру. Через улучшение качества сервиса, обеспечивать процветание компании и сотрудников. Главная цель - превзойти ожидания наших гостей. Орион - больше, чем отель! Мы видим свое предназначение в том, чтобы объединить мир через истинное кыргызское гостеприимство и национальную культуру. Через улучшение качества сервиса, обеспечивать процветание компании и сотрудников.</p>\r\n\r\n<p><span style="color:#ffffff"><img alt="" src="https://cf.bstatic.com/xdata/images/hotel/max1024x768/36933893.jpg?k=41e313495501c5aa73aa95fea7202eee88d5ba6edd6e3f1577b04177e177b2c8&amp;o=&amp;hp=1" style="border-style:solid; border-width:20px; height:299px; width:450px" /><img alt="" src="https://cf.bstatic.com/xdata/images/hotel/max1024x768/36933893.jpg?k=41e313495501c5aa73aa95fea7202eee88d5ba6edd6e3f1577b04177e177b2c8&amp;o=&amp;hp=1" style="border-style:solid; border-width:20px; height:299px; width:450px" /></span></p>	21
24	<h1>Миссия - За гранью обычного</h1>\r\n\r\n<p>Мы видим свое предназначение в том, чтобы объединить мир через истинное кыргызское гостеприимство и национальную культуру. Через улучшение качества сервиса, обеспечивать процветание компании и сотрудников. Главная цель - превзойти ожидания наших гостей. Орион - больше, чем отель! Мы видим свое предназначение в том, чтобы объединить мир через истинное кыргызское гостеприимство и национальную культуру. Через улучшение качества сервиса, обеспечивать процветание компании и сотрудников.</p>\r\n\r\n<p><span style="color:#ffffff"><img alt="" src="https://cf.bstatic.com/xdata/images/hotel/max1024x768/36933896.jpg?k=cc63c3319979a695af57ed5bd4640116fc29b3a827c826b8c6b5893b0f6ef4d1&amp;o=&amp;hp=1" style="border-style:solid; border-width:20px; height:299px; width:450px" /><img alt="" src="data:image/jpeg;base64,/9j/4AAQSkZJRgABAQAAAQABAAD/2wBDABQODxIPDRQSEBIXFRQYHjIhHhwcHj0sLiQySUBMS0dARkVQWnNiUFVtVkVGZIhlbXd7gYKBTmCNl4x9lnN+gXz/2wBDARUXFx4aHjshITt8U0ZTfHx8fHx8fHx8fHx8fHx8fHx8fHx8fHx8fHx8fHx8fHx8fHx8fHx8fHx8fHx8fHx8fHz/wAARCAKaA+gDASIAAhEBAxEB/8QAGwABAQADAQEBAAAAAAAAAAAAAAECAwQFBgf/xABIEAACAQIDBAYGBwYEBQUBAQAAAQIDEQQhMRJBUXEFEyIyYYEGIzNykbEUNEJSkqHBFiRTYnPRQ1SC4RUlNbLwRGODk/GiZP/EABkBAQEBAQEBAAAAAAAAAAAAAAABAgMEBf/EACMRAQEAAgIDAAMBAQEBAAAAAAABAhExQQMSIQQTUTIiQhT/2gAMAwEAAhEDEQA/APpwAcWwAFAAAAAAAAFIUAQoAAAAAAAD3cwRgJ6eZST08ygAAUAAADAAFAAhSAgoAAAAARq5QBg4taENhi1cgxIZbJAqEMiACFAAAAAAAAAAAAUAAACgAAAAKEAAFCkAFAAQABQAAFCAAAoAAAAACgAUAAAgAAAKAAAAAAAACgAAAAAAAAAAABQAAAgKAICkAAAAQpABCgCAAghCgKhCgDFgpAMWCggyABAABQAAAAoEKAAAAAAAAAAAAAPdzAeaAwq7Wx2Vd3MyPPUXfMDIETRSgAABNSkAoAAAAgAAAAAAAAAAAS19SgDBx4EasbCAawZuPAxaaIqAoAgKQAAAABQAFi2AhbAoAAAAAAAAFAABAAIAAooIUAAUAAAAAKABQAAAAAIAoAAAAAAAAKAAAAAACgAAAAAAAAAAAAAAAACAoAgAAgKQARlIAIUEGIKQKhDIgGIKAKADIAAoFAAAAAAAAAAAAACgCAoAAACCxQBPzJpo/iZCwGN2tV5oyTvoSwa4r4FFBjnuaZVnusBQECAAAAAAAoAgKQAAAAAAEKQAAAJYjRkAMAZNEsZVAWwAhQAABSgAAAACAAAAFAAAAAAABSgAAKAAAAAAAoFAAAAAAAKAAgAAAAKAAAAoAhQAAAAAAAAAAAAAAACgCApAAAAgKQAAAICkAgKQgGJkQKgAAxBWAAAIABQAAAAAAAAAAAoAAAoAgKAICgCAoAhQCiAoAlhZooAhQAAAAAAAAAAAAgKQAACAQpAAAAAAAzEyZiSgACKAFAAAoAAIAAAAUAAAAAAAAooAAFIUAAAAAKAAAoAAAACgAIAAAAAAAAoAKAAAAAAAAAAAAoAhQAAAAAAAAAICkAAAARlIwBCkIBCkAGJTFtLV2CqDnq43DUV6yvCPmclT0gwFNZVHN/yoD0mDzej+maXSGIlSp0px2Y7V5cwB6QKCAAAAAAAAAAUAAABjUqRpQc5u0VqzM5ekfqNb3QN0KtOorwmn5mZ8zRquOjsdtLHVYZKT88yb016vaBwU+kPvxT5ZHTTxVGf2tl8JZF3E1W4BZq6zXgUqICgCAoAgKQAAAAAAAAAAAAAAAAAAAIAABCkIAAAAAA9DEyehiQAARQoAAAFQBQAAAUAAAABAAFAAAUAACgAAAAABQKQoAAACgBAAAAAAABQKAAAAAAAAAAAAApCgAAAAAAAAAAABLi4FILnNWx+EoNqriKUGtU5K/wAAOkHk1/SLo+lfZnKq9yjH+5w1vSuNmqOFd9znL9EB9GD46p6S4+b7HV014ROKt0pjq/tMTUtwUtlfkB91UrU6SbqVIwS+87HFV6a6Ppa4iMnwjmfDylKTvKTb8SDQ+rq+k+Gi7UqVSfi8jjq+lFeV1SoQj4t3PBBdD0anTuPqf42yv5VY46mKr1nepWnLnJmoDQNt65kKAPZ9Fv8AqFT+m/mgPRb/AKhU/pP5oEH1ZQDKgAAAAAAAKAAABQBzdJfUK/uM6Tn6R+oV/cYHzCkbYTtqc6ta9zNEsdI64z4GyNU5YSsbUzGlddOs4vsycX4M6YY6qu9aZ56ZkpW3jg1K9aGOpvvJx/M6IzhPuyT5M8RT4mSlndPMvszcXtg8uGKrQ+3fweZ0Qx/34eaZqZRPWuwGqGJpVNJq/B5G1O+hWQAFAAACFAEKABAUAQFAEAAEAAEABAAAAAAHoYmT0IQQoBFAAAAKUAAEAAAAAAAFAoAAAAACgAAAABQAAFAAAAAUABAAAAAAKAUAAAAAAAAAAAAuLgALi4FIaqmJoUlepWhBfzSSOKr090fSbXXqbX3U2B6QPn6/pVQStQoVJv8AmdkcNX0oxc79XSpU/GzYH1xJzjBXnJRXFux8LV6a6Qqtt4qcb/csjiqVJ1ZOVScpyerk7gfd1+l8BQvt4qnlui9p/kcFX0owUL9VCrUfKyZ8iCj6Ct6V1m31OHhFbnJts4q3pB0jWuuuUE/uRSPMAG6rjMTW9rXqTT3OTaNIAEKAAAAAAAAAAAAAAFHtei31+p/SfzQL6K/X6v8AS/VAxR9UACKAAAAABQAAAAoAKBz9I3+gYjZV3sOx0nP0g2sBXa1UG0B8XUnVppqpQcJ8VdI6+j4rE0m3KUJRerjdGH/Gpyt19GMsrStldanu9G1sNjqU6lGk6VpWkr7+JTbgWGqfZ2Z8mNmUXaUWuaOrE9HU6uKm6WMdKtZXhdfI1/Rek8N3ZQrx+DM2L7NYuT6VOlli8HKP82z+qMqdbC177FRxfDVf3J6tTJVLiZLwZVh9v2VSE/BPP4ElSqU32oteRmxrcZbTMlJGpNou0ZVtuZwqzg+zJo0qSMlIfR2Qx1Rd5KX5G+GNpvvXiebcXL7WM+sezGpCa7MkzI8VSa0yZthiasNJvzNTNm4PVBwwx+6cPgdEMXRn9qz8TUsTVbgE09MwVAABAAAQFIFCBkAEKQgFICCghQDIVkIoAABQQCkKYVKtOkr1KkYL+Z2KMwebW6dwNJO1R1Gvuo4Z+kcpp9TQS8ZO4NPoDGdWnTV5zjFeLPkq3TGNrOzrOKb0irHLKUqjbnKUn4sLMdvtKWKoVnalVhJ+DNp8dg9amdnZHfR6UxGHsm1Uje1pDa+r6IHFhulMPXj2n1cuEv7nbe5WdAACKAABQAAAAAAoFIUAAAABQAACAAAAFKAAAAAAAAAAABgxbIFzm6SxcsHgaleEVKUNEze2ed08/wDlNfy+YV8/V9I8fUvsyhTX8sTjrdIYyvfrMTUlfdtWOUprSDbbu22/EAAAAAAAAAAAAAAAAAAAAAAAAAAAAAABR7fop9eq/wBL9UC+in12t/T/AFBkfUgAyoAAABQAAAFIUoAFAGnGLawdZcYP5G4wxCvh6q/kfyA+CcbrPMUpVcPPapTcWb9kxlEqtNR1KtTbnVlKXGTuzdRxWOw1nSrzUeG1dfAmxmbNj1ZDTpo+keJhZV6cKsfFWZpx+KpY6rGpSo9U1G0llqc+z2UWELXskNmmuOJrUnZTbXCWa+DOzD9L16NrtteEv0d0cMl2i27JTT28P0tRqv18IW4uOy/ishLH4CSvGcoS4SzXxPIpR7L5GFSO8zqVfse3TrQqezlGfuu5mqivlqfN5p+KN8cTiIZqrJ+Es1+ZLisyfQKRkpJnhw6RrQzlCMuR1U+lKUnaacH4mbi17PUWYOaniKdTuTT5O5ujUT0aZnS7ZgKSZVbiBYTnDOMmuR0QxtWOtpLxNCRlYu01K7YY6Espxcfkb4VIT7kk/M8uwSVyzNn1esDz6dWpDuyduDzO+m3KEW9Wjcy2zZpSFBWWLIysjCoQMhkUABVKQxnUjTg51JKMFq27JBGbIefW6bwVO6jUdVr7iv8AmcFb0jk7qhQS8Zu4XT3zGpVp0Y7VWcYR4ydj5Kt0vja7s67guEOycktqcbzk5Svq3cLp9VW6cwNFO1V1X/IrnBU9JHPs0MPbLWcr/kjwZIU+/wCQ0aejU6XxtdNSrOK4QVjglKUqj2pOT8WZQWbI12w1Z8alozZSWvI1rebqC15FqTli8viZxMZrJmcNCNTluwklGc2/uos3eKlbJsYSCnKa/lXzMqkbQS4SZlemS9i3wOqli6+Hfqpu19Hmjnt6mXIawv4kXT1sN05RqSVPER6uXFd09SE41IqUJKUXo08j4te3fgboYmthqkZUaji96Wj8je3O4vsAeNhOnFO8cTT2WvtQ0+B6tGtTrx2qU4zXFMu2dabQECoAAAAAKAAAAAFIUAAAgAABSFKAAAAAAAAKQpABhIyZhIlGtvM8/p1/8qr+XzO6TzODpvPoqvyXzRnf1p8aUA6MgAAAAAAAAAAAAAAAAAAAAAAAAAAAAAACj3PRT65Wf/t/qDL0T+tYj3F8wYo+nABFAABQAAAAApClApCgDGt7Gp7r+RkY1fZT91gfGWMXE3bORi1mFarG2aahkRLM3SXq0RqObZtkZRgW15s2xjohRwVI9pmWz2UZTj2nzM7bgJTjaNjVVWiOqmk1pvNNdK+RItcttTK2TMmsmZqPZZpmRrkuyjVJZHS16s0yWRJVsYJWzWTN0MXiIu/WOVvvZmFuyY2zKjtp9KTTtUg7fyv9P9ztodI0qslHbSbyW1l/seJbMWyJqG6+pU3dp6p2Zmmznpy2qlT338zpicby6RkihFIMoI9Cl7KPI4InfR9lHkdMGMmZCkOjCMxZkzFkGDIVmJFZAxKBkcHTv/Sa/l80dyOLpvPonEcl80B8lDRFtmyQMvtPkVqMEu0bY6Mwj3jJaEqxjIxh3/IzsYLvosSt0CSXbRaYqLtojV4aNzN2HWb5Gt6M3YZa8i3hMeWM1ky0l2UWpvQpO0DPTXbqwC9dK/3f1LWX/cME/W/6f1Mqz7T47RlVSvSa4owg70mbY93yOWnKyknuugVrpq9aTMq3eiSl7SRa3fia7Z6ZUVeUzCnUqUJudKbhK+sXY2YfvTNVRWcuYLw+p6JxNTE4GNSq9qd2r2O48voD/py99npmnKqACgAAKCFAAAAUhQAACAAAFAKAAAAAAAUAQoAhhIzZhLQlHPPU4Omf+l4jkvmjvnqef0x/0vEe6vmjHbfT5AAHVgAAAAAAAAAAAAAAAAAAAAAAAAAAAAAAAUe96J/WsR7i+YHon9ZxHuL5gzR9OADKhSFAAAAAABSFAFIUoEkrwkvBlD7r5AfJuPZ8zCaszc12beJrmGmtI2SWSMbG214XIsaYrU3RjkjCKyN+zZRFHnVO++ZkScX1kuYS4gb6S7H6nPWV3odNGyhstmmqrNkac7WptSunyMLamyGcXyLUjBrsGmS7J0SXqzTJaki1jbsowtmbUrpIw1kystbyYe8ykszHiVK+hoe0qe8dcdDkw/enzT/JHZE4Zcuk4ZopEZIgsTvo+yicMTto+yibw5YybCFIdXNGYNmbNbJVYSZjtEmzXtHO1rTdcpp2jJSLs02o5Ol1tdF4hfyHQpHP0k79HYn+myyo+QizJPNmpMyTzN6alZQfbM1ozXB9oyTya8CLFvqa07SRksrmD1XMJXRRdzKpZNN8TXQ1NlZaczPbc4aJPI34X9DnlodOF18i3hMeUqamNLumVbUxo9wnTXbrwbSnn93L4ibbd5Kzchglep/pfzNuKSjUilz/ACM9kZRXYfI4nlVmuOZ3w9m+Rwz9sywqUu+y1u/EU+8xX70C9p0yw3eka6vemuRtwq7UjXW9pIk5On0Ho/8AUGuE2eoeV6PO+Bl/Uf6Hqm3KqACoAAAUhQAAAFIUAAAgACigAAAAAAAFAAAACGMtDIxloQc1TU8/pf8A6ZiPd/VHoVdTg6V/6biPcOfbfT48EKdowAAAAAAAAAAAAAAAAAAAAAAAAAAAAAAAKPV6Axawlas2ovail2pbO8HR6LQjOtiVKKktmOq5gg+oABhVAAAAAAAUCgACkKAD0YD0A+ZcfmYVIZG6SMZ90NOa2ZtXcfAweptiuwwsal3WdKzUX4nOtDoXdiRXDOPrHzZjbI2TXbl5kXxsQZQsjXiVpyNq4MxxK7MGFci3m+KylyNNs2b4rsS90VI1yT6tM0y0N8vZmhrJ8xGqLJeRhaxuS7POxr1kGWuepgzbUVmamaiV9Bgs4J8Yx/7Ud0TiwPs4+5H/ALUdy0OGXLc4VIyREUiMonbQ9kjiidtD2SN4cs5NhCsh1c2LMJGbMJEqxoqGi+ZuqHPvOVdIzuXaNdy3M7XTZtmjHSvgMQv/AG5fIybOfGP90rr/ANuXyLKlj5YyWpiyx1PQwzh3jJLPyMId5mSepmtwbMN65mX9zHeuZYlbsPqzbVehpoPNmyo7oxeW5w0z/U6cLqc1Q6MMW8Jj/oramNH2b5mVZ5lw/spcydN/+nTgU3XSX3H8zbjM68MrZfoa8D9Zj4xkbsd7eHumexlBerlyOGft/I9Cn7N8jzqn1ljFMlp95jEawMod5mOJ+wa7S8M8L9rma679Y1bcbcJv5mGIXrHyJ2dPb9HfqU/6j+SPWPJ9HfqtX+p+iPXOjjeQAAAAAKQoAAACkRQAACBSFKAAAAAAAAKAAAAAhjLQyMWQc1bU4Ok8+j8R7jO+sef0l/0/Ef02c+2+nyAAOzAAAAAAAAAAAAAAAAAAAAAAAAAAAAAAAAD6D0T9rifdj+oL6J+0xXKP6gD6QFBhQAAAAAABQKAAKQoAu4hQPnbZMwecTb9qa8THcVpzNWkbUvVmEl2rma0yIrSlxOiOkTRHeb13USq5Zr1kjBfM2zXrJ8zXyIKpZcmbK1nShfxNcFdT8DOqr00RXFveZnF5SX8pqerM7OzfgaSMpP1VjT9lm6Xs01wNP2WSKz0ijWtTNrs+RIpZgjXVRpejN9ZaGlliZPoMCvVU/ch/2o70cWC9lT/pw/7UdqOWXKzhUZERTIsTtoeyRxI7cP7JczeHLOTYyFIdXNGa5GbMJEqxz1TlbzZ01TkbzZxydcWVy3MLluZVlc58Xnha39OXyN1zTivq9b3JfIs5R8s2WPeI9xY6o9Lm2Q7zLHeYw7zM+Jl0jFv5mG/zM5aeZhvLGa2UN5sqaGujpIzm7ozeWpwwnob8M9DnlodGG3C8GPJVWZlhu5JEraoYV9mRnpv/ANOzCK2Jh7sjbjvbQ901Yf6xT92RtxrvVp+6zPY20l6p8jzan1hnpUvZPkebNfvLLimTZTXaZjitYGymu0zDF6w5lnJeFwnd8yYj2j5Fwvc8xW9r5MnZ09n0dzwtX+p+iPXPI9Hfq1b+p+iPXOjjeQAFQAAApCgAAARSFCAAAFIUoAAAAAAAAoAAAACGL0MiMDlrnn9I/UMR/TfyPSrRued0hF/QcR/Tl8jleW5w+PAB2YAAAAAAhQk3omABmqNV6UpvlFm6HR+Mn3cNUf8ApIOYJN6I9PD9FdIQbksJtX++ehDDdMNycKGGpt/yoo+eVOb0hJ+RJRcXaSaa3M+nhgempRaliKdNeFjQ/RnEVZudXFRcpO7dgPngfSL0V+9ifhE2x9FsP9qvUfJAfLC59hD0bwMV2lUl/qNsegej4/4N+ciD4q4zPuYdD4GGmHh5m2OAwsH2cPTX+kD4LZk9It+RkqNV6U5PyP0BUKa0pwXKKLsJbhsfn/0ettKPVT2nusdFPonG1FeOHnbxyPuNhXvZX42GyNj5H/guLnRhGOGUZpvak56mdP0axku9KnDm7/I+r2TJIK8roXoqp0b1rqVIzc7d2+VgesAIADIAAAAAAAAoAKKAAA3AAeC/aS5sxn+RskkqsubMKqajluKrnkryNkFkYvW5tiuzfgiK5t7NqyijW+9cza7KIrTU78jW9DbU78jXLRBSlrLJ5o2bS6p3JQV55lnHZi8iK4nHOXMzSylfgGu07by29XMJB50lbgc7WTOlexVjmWbYi1slHseRjT0fMzn3fIxSsvMhGuuskzQzprZwRzPU1EyfR4P2VL+lD/tOxHFgn6mj/Sh8jtRyy5WcMkUgMqyR2Yf2XmcaOzDey8zeHLGTaQpDq5ozXI2M1yJVjlrHI+8zrraHFJ9pnHJ1xW5bmFymWmdzTiX6ir4wl8jYaa79VP3X8ixHzMtxVqiS0RY95Hpcu2ce8ZcTCOrNiV234Ga6Ri9PMwepnLu+ZgWM1nR+0ZT0MaP2iz0J21OGMu6b8O7WND7pvw+4Xgx5ZVXcYfuyJUJSdo8zPTXbtw3t6fJm3Fe0p8macK/XUvM34r2lPzMdrW+j7F8jzZv95PTor1T5HlS9uXFK6aXefI14rvQ5m2hr5GrF5ThzE5LwYb2Lf8wqq9ZZ2GH9g+ZK2VSJezp7fQGWHrW+/wDoj1jyegH6it7/AOh6xuOOXIACoAAAUhQAAAFIUAAAgACigAAAAAAAFIUACFAgZSAa5RuaMRh+uw9WmrJzg4p+R1WFiaV8ovRbEb69NeTNq9FX9rFLyh/ufTWFio+eh6LUPt16jfhZG6Hozgo951Jc5Ht2FgPKh6P9Hx/wW+cmbodD4CDusNDzzPQsLAc0cBhYd3D0l/oRtVGmtIRXkbLFsBhsrgVIysAMbFsUASwsUASwsUASxLFAEsSxkQCWFikAgKAJYAAAABAAZUAAAAFApCkAAFFAAApAB4lT2sub+Yku0r6Fqr1s/efzI1kiq0ONmbY9x8jCWptjHseRFcksmZfZJPQsbuIVqqayNcsrG2rqzXJZIirhn6xm6qtqTV+JqoK0zdUVp3sSrHDFdt+CGtN8yx1n8B/gr3gLCP7un/5ocq1Z204v6OuH+xyLvMRWU9xH+plLNowWe1zCRjVXqjmZ01O4czLEyfQdH50KX9OJ3o8/o36vR/pr5s9BHHLlZwyCARkZHZh/ZebONHZhvZeZ0w5ZybSFIdnNGa5GxmuRmrHLWOGXeZ21jhl3mccnXELcxuDLbK5prv1cuTNtzRW7suRZylfOvRFj3kR6Ise8elx7ZLvGTuk7GOkjK2TI3GN20QrVkyPcIzWVLeZS0MaWrLPQnbXSfZN9DcaV3TZh3+QvBjy2VDGnDaks8i1C0e8jPTp27KH1ikl4/I3YhPrafizThvrNLm/kdWLXrKXvGBnR9nLkeZP2z5Hp0lanJPgeXP2z5FxSunDvteRqxftFzNmHj2733GGL76Y7LwwoyXUbO9sld2qRMaXs+QrvtxNJ0930ed6Fb318j2DxvR32Nf3l8j2TUcsuQAFQAAApABQAAKQoAABAAFFAAAAAAAAKQoAAAAAAIUAAAAsCkAoAAAAAAAAAAAAAQoAgBABCkAEAAAEAAgAoICAACKAAoAACgAgAAoFIUAUgA8eqvXT99/Mx4GdbKtP3n8zXfQqtbWZvjHs+Rpt2jpj7NcgrhmspLgyR0M6uTZhEixrnqzCXdubJ6vkapNNWzAyo66aM31rNJ3NNG1pPkbqz3cMzNVxtbKfiYaQSMptt24skkr+QVvo+wXI4n32d1D2K5HHLKoRWdRO8OBpjk5czqqq8InL9qXMowqdxo0M3VNGaGWM5Pf6N+r0vcXzZ6CPP6N9hS/pr5s9BHLLlYqKQplVWp2Yb2b5nGjsw3s3zN4csZcNoAZ1c0ZrkZs1yJVjlrHBN9pnfXPPn3mcsnXEFzEXMNsrmis+yzazTVeTLOR4D0RYd8j0LDvo9PTh2yfeNizTNcjZF9lmXScsGsmY8DN6M1vUsZyZ09WWpoSn3mWpoO16WCujZR7M2vMlFXVjJZVEZqyLUMqWsTGqRPZjFk6b7d1DOvR95/I6sV3oPhJfM48K31tK+u1+h2YvKD8MzFO2yk+zNPg/keW/bPkelTfe5M8yXfk/AuJW+g+3G+9DE5tczGjlKm/BmddXaHadOallFowrO80bKatJo01famol4fQejnssR7y+TPZPF9HPZ4j3o/qe0ajleVABUAAAAAFBCgAABQAEAABQQpQAAAAACkAFAIBQAAAAAAAUAAAAAAAAAAAAAAAAhQBCFIBCMrMWAuLkFyCkuNRsvgBLi5diXh8R1cvD4hQF2GgBAAQAAUCkKQAAAABQKAAAKB41f20/eZrTyRtxPt6nNmhO9iqv2jpj3FyORu0jqg70sgrkq7/BmETbV7V7rNZGqJBqm+0zW87mU36zmR6BWeE1mvA2zs7vijDBpOck+BnUVopb0RXG363kYvNvIr9pN+JjF3bZB00fZf6Til37+J2UrqkuRxz7zCumXsrnE3mzu1orkcLupyAwm9UanzPr+hsJQqdGwlOlCUnKScnFN95nmekmEo4d0JUaag5N3tlc1Ixbtl0f9Xo/0182egtDg6PX7tQ9z9Wd8VkccuW5wpSFMqqOzDezfM40deF9m+ZvDljLhvMJzjCLlJ5LWyuZGNS+y7a2Orm5l0jg5aYmkucrfM2tqSTi7p7z5Hpen1WJezlfPI+ow31Sjb7kfkRrTXXPPn3mehXPOn3mcq6YsQQpl0Lmmq8jazTVE5R4T/UtPvojyfmWn3z09OE5Z1N5lDumNTeZ02tgz06Tli1kzWzZJ5M1ssZyZ09WWrohT1Ynqidr03UVZoyatNPxJT0RsmrNczNdJw11dWWCvs3Qqalh3YkO3VQyrUn/N+h24pbVOfJnDSfbpe8d9R7UZcjNXtjTd723o816z5HfR08jgf2+SLizk20nZUzZV1Rog+zSN9R9qIqxzpWq+Ron7Z8jpllV8jmedSfI1Gcnv+jncxHOP6ntHiejfdxHOP6ntmo5XlSAFQKQqAAAAUgAoAAoIAigAAUgAoAKAAAFIAKAAAAAAAAAABSFAAAAAAAAAAAAAAAAAjIVkAxZi2ZM1yZFLkbuYORY5k2NsDYjXA2o0igAqIwGCjUADm0AAooAIAAAAAooIUAAAPFxTaxNVeJoT0N2M+t1eZo4FVmtx0RaVM5k8johmrBWmTznzNUXZGyorSma1oQc9Tv3Jfdczqr1lrZGDV0+IVuwOc5bsv1NuIsr2OfCX61pM6K+r5kVwVMpS+JhT7j5lquzfMtPupAdH+DG3FnFNLaaOva9TDz+Zxyd5Nki11p+pVjhqP1jOmdJ1KEbScbGunjK+GXVwjSaTvdwzZYlfT9Bv/lkF/PP/ALmef6V+zw3vSNuBo4jGYb6RCpGkpSl2ItpLOxw9P4erRo0euq7d5O2byyKw2dHv92w6/kf/AHM9COh5vR31ehf7r+bPSiccuXScKCAyqo7ML3HzONHZhe5Lmbw5Yy4bjCrDrISjtSjdWvHVGYOrm8Or6N0Kjb+kV7+LTPUhDq6UIXvspK/I3M1yIsctfeebU7zPRxGjPOqd9nKuuLC5SAy6KzTVZtNNQs5HiS1fMUu8hLV8xT7x6Onn7bKmpId0VNRDuE6b7OJg9TIxeojNbKe8T7yEdWJ94jXTfEzm3tK/FGpSszZJ3UeaM10l+FXURyhElXUq7kSdHbfTfape+j0ZWtlpY4KCTqUr6dYj0JRSuloZq9tFLX8jheSqeR208pvmzhl3J80XFnJsgvU034m2azi/E1Qf7tDmbnnC/AVY1VV6xHMu9UOqr7SJyx71Q1Ga930b7tf/AE/qe4eF6N6V/wDT+p7pqOV5CFIVFBCgAAAAAFAAApCgAAEAABQAUAABQAAAAAAAAAAAAAAoAAAAAAAAAAAAAAAAEZGVkYGDNVRm1mmqZqxruZwzRpN1LurmZnKt8TYjXE2I6MqUgKiMFAGkAGWgApAAAAAFAAACkKAKQoHiYz63V/8ANxo3m7H5Yur/AObjnb7XkVWV9EdFNrsnLfQ3U22l4EVjUfbmYJ5FrO1WfMwi9wVqre0fI18fEzq5zMXqBlh7dcdFe99TRRX7wrm2tN9Z4XIrz6zvJ8zdBaf+bjTV775m2m+0BnLKhFcLnHLVnZLOj5s4p95ki11Qfq0clZdtnTB9jcc9T2jA+m6Kp1J9B7FCp1dTansy4dpnnekM61TB4Z4imqdTbkmk7p5ao2dEdNYbC4VYevtQkpSd9m6d22aOn+kcPjYUYUJOThJttxaWhty19ZdHu+Foe6/+5nox0PM6N+rUv9XzPSi8jhly6zhkAQyrI68J3JczkOvB92XM1hyzlw3gA7OSM1SNrNUtCLHJiNDzanfZ6VfQ8yp32cry64sQQpl0GaaptNVUsHiy7z5in3hPvS5iGp36eftnU1EO4SbzMoez8x032x3mL1OqlWw0YtVcK6jtqqjX6HPUlCU26cXCL0TdwzWUdSS7x00a2FhFKrhZTfFVGv0NFRwlVfVwcY3yTd7EVlfM2N5R5mt5PyMnuJW4zqaszt2YmNTVmbXYRluNuHacqfhUR6K1Z5uHjacPGoj0rWbz3GaNEcqkuZwT9lLmd/8Aiy5/ocM0nTfvfqWM1lD6tHmblnA1JWwqXCTNkH2VyFIxq+0icse9M6avfpnNHWXI1Er2/RzWvyj+p7p4Po33qy8Ee8ajllypACoFAIAAAAAoFIAKUgAFIUIAACghQAAKKAAAAAAAAAABSFAAAAAAAAAAAAAAAAAAAAzFlZGBhI0VVkdLNNRXM1Y5mjfTXYRg4myCskjMi1uiZowiZo6MskAgVEYDAGkAGWgpCkAAAAAUAABQABQAB4XSD/faq/8ANDlbOjpLLHVPL5HK3oVWaehuovM5luOii1dEVhVd6sxT5bjGs/WS5lg81YK1Vu/nwNfBo213ryNX2V5gbKeVaKW83YhWza0ZopK+IidGKasZV5dTOobqWvxNE862htpPOPMtI2POh4ps5J5SZ1NvqZc2ck9WSLW6m+yaJZzNlN9k1rvBGqeTEtxaveRHoij1+jn+70+cvmenDQ8vo36vT5y+Z6cNDllys4ZghTCqjrwfdlzOQ68H3Z8zeHLOXDoAB3ckZqlobWapGarkxGjPKqvts9TEaM8mt32cq64JcbRi2S5HRltGuo7lbNcmWDyp9+XMQ7wqd+XMkNTv08/bOepnSzpmEzOi7Rz4mem5y1tZkMpPMxLGby2WzDXrCkftPMjXTOpquRXojGpk1yLuXkRqct9TRmcsoownobJd1Ga6SM6cu3Tt99HoRau+R58FaVN/zr5nbF3qPkZqdta9rLmck/Z+Z1rOpP3jka9XLn+pYlL/ALv5syTvGJg/q/mWHciUi1HecLGinrPkbZPt0+Zph3p8ixmvZ9G36yt7qPfPnvRx/vFZfyL5n0JqOWXIAQIyBEUAALgAAUAABQAAMJz2TNmivoS/IR4fSPTGLo42pTpVYxgrWTinuOf/AI7jv48PwIyx9OjLG1HOU1LK9orhzNCo4f8AiT/Av7mfZ1mLcuncbvqx/AjL/j2M/iQf+g0dRh/4sl/8f+4eGo7qz/Ax7NerpXT+LtnKF/cH/H8ZudP8BzLDU91ZfgZfotP+NH8L/sT2PWOj/j+M19X+H/cftBjOFL8P+5z/AEWn/Gh+GX9ifRIfxofhl/YeyekdX7Q4zhR/C/7j9osXwpfhf9zjeFh/Gh8H/Yx+iL+NS87ouz0d37RYv7tH8L/uVekWL+7Rfk/7nA8C91eh/wDZYx+gS/j4f/7UXaesel+0OM/h0fg/7l/aLF/waP5nlvA1FpXof/ajF4at/GoP/wCWP9wmo9b9o8X/AAKXxY/aTFf5el8WeT1Fb71B/wDyx/uVUK+5Unyqx/uX6axet+0eK/ytL8TJ+0mJ/wArT/Ezy+or/cj5VI/3I6OI/hN8mmN1NYvW/aXE/wCVp/iY/aXEf5WH4meR1OIX+DU+BOqr/wAGp+BjdNYvY/aXEf5SH4mZftJX/wApHykzxlTxC/wan4GZKGI/hVPwMbq+uL1/2lrb8IvxFXpLU/yf/wDX+x4zjXWtKp+Bk9ZvhL8LG6euL3F6Sy34OX4v9ir0m/8A8cvxf7HhXqfdfwKnLfF/Am6nri9z9pl/k5/j/wBh+00f8nP8f+x4m019n8jGUxunri939p4f5Sf41/YftPD/ACdT8a/seDtpbydb4l3T1xe/+09P/KVfxf7EfpPS/wArU/Ejwuuy1MJVeLGz1j3n6T0v8rU/EjXL0lpv/wBNP8SPBdRcTHbXErOo979pKf8Al5/iRkvSakv/AE0/xr+x8/tLiVSXEaH0a9KaS/8AS1Pxr+w/aukv/S1Pxr+x847f+Iwm8ipp9TD0ppznGKwk+07ZzX9i/tRC7/dJ6276/sfOYbv0svto3WtOStpJ/Mpp7y9Jqb1wtRcpIHjQhf7IBp9gADAoIUAACgAAAAAoAAoAA+e6Uyx1Xy+RxbV1kdnS2eOqLl8jz0mrlVvi8kb6TvNHLDRM30e8RSq/Wz5kV7pGNX2r5lUu0FWqlsNySNF9EjbiHZWNEc2iK6KOdZGzEaPwNFKXrEb67TjLlmQeXJ+tNtHPZ8zTL2r5G2hu5stIzbbpM5ZPI6E+xK/E5pPUkWsqb7Jje0iU3kR98qJU1RNzE9ScQPW6N+rUv9XzPUjoeX0d9Xpc5/M9OGhyy5anDMpimUwqo68FpM40dmC0l5G8OWcuHSADs4sWa5GxmuQquPE7zya3fZ62J0Z49bvs5V1wYtmNw2QjY2a2zJs1ssHnVPaS5skNS1Pay5skdTt04dspGdN2j5mMxTTbtuJ01OUepN5lKNmY7wWfW7gSXfRm8zGXeRluwq6x5FXcQrZOPIn2EOk7dE9Da84mqRt3XMV1jK2cPfXzOyKtU8jib7vvL5nRSm5O/FMlLyRv1ss/tHO36uXNm2nK9aXjI1axnzfzLEYT+r+Yg/VxJUfqmvEkfZxL0z2ycu1TXiao5SlyK36yHMifbnyLEr1vRx/vVX3P1Poj5r0cf75VX/t/qfR3NOV5ZEuY3JcIzuL2zehjqYRjtbUU2tlpc8kBKNa6SlKLbbs1w3HLU+mfTtqFen9Huk4vVcTrjSUU1OTk3Z57jKcE4NRVvLUDj6Qlj+th9BlT2VHtKXE65VJxVLsqTfeSZi6VRLsuKbtfIzjRjFKWsrWuBnGW0rmRhGKi3sq1zJFFKQoBmivob2aK2hnLhY+b6Rko42or20+Rzqfjc2dL3WPnZ7kcScuJiR3mTrTuZK/D8zkUpcDJVJLcxprbq7XAbMnuOfrpLcyrENMml3FrYmNCezUjK7V8jD6fR4TObGz6ycX4HMdJjNPPlldvT+m0Hvl8B9Lwz1lJeR5oL6RPevTWJw38SXwL9Jw7/wAT8jyyD0h716jrYZ/4i+Bi6mHf218DzgPWHvXc/o7+3EjjRayqI4gX1PauqVKm+7VRj1K3VInOC6Tbo6h/ej8Q6M0r5NXtkznN9By6tpPR3JSGxPg/iFGp/N8TNOf/AIy7VRf/AKRvUYpVeM/iZKNZq6dT4su3USNNWpU23eTQm0skdEViVpKqvNmani46Vay/1M4euqL7cviZKvV/iS+JU27uvxf8et+Jk6/Fb61X4s5FiKn32V4mr99jS7dXX4j+NUMliMQv8WfwOP6TVX22T6VV+8NG3f8ASsR96T/0r+xHXrPdfnCP9ji+lVfvfkV4mfEmh1OpVesYedOP9gpT1dOk/wD40cjxE+JPpE+Jfp8dqlL+HR/+tGW1LL1VH8COH6RLiFiZLeE+O2UnvpUvwmqrLs50qXwf9zR9LlzL9LbWcUyo7Fb6PTl1cE9uOaT4nbRULSvRjJ7bzd88zyPpr2FDZ7N7mcekpxvZWu7ge3Hq7ewj8WDR0dXeIouc9b2AH0YAMooAAAAoAAAUhQAAAoAA+c6XdsfUXgvkcLeTOzph/wDManJfI89vJlVnCXZRvou+jOWD7NjfRauRqM+9VaYj3sjWpetkywfaXMC4hmqm8/IuIlw4GqEswOijL1puxLspW1azOai/WeZlXmtmTvyMtOOT9Zd7zKnK1uZrk80ZQenMqNtPtKafic73m6GsjRJ5sLSnoRvtimRu7DJIl8yy1MQtev0d9Wo85fNHpRPM6P8AqtHnP9D0ovI5Z8tThsRTBGRhVOzBaT8jjR2YL7fkbw5Zy4dIAOzijNUjazVIVXFidGeRW77PYxO88ev7RnKuuLUzG5WYkbRmDMmYssSvPq+1lzJHUyq+2l7zIl2jt049rIypamMjKm8/IjU5JSzMDKb7TMRC8unf5GE9TJPNciVNDLp0lfWPIi7sUK/2SbolY7dU9DZfss11DOLvE513jJ6R95fM6ItRnZeJzVZLYhZrvI2ua6z4/MiXlKUk6j95kWUJ838zTh59vzMtu8ZrxfzLplhUaVN8yJ+rXI11X2XzG16vyNM7+sm+3DmYt9uRipXlDmST7b8ys7er6OP99n4038z6W58t6Oytj5LjB/ofTbQtZrK5G8zFyV9TFyV9SbNNsWWnq3xkjCMkZw7seaLErkxUcTKM+r2Uo2emtmZUevUIurCOmbTfyOuou8icAjXTqznSm3CUbPJM5KNbExpVOsoybgnbZlqelFLYZitGVGnDur11brE0m+znc6CayKFEZIxRSis0VtDczTW0M5cLOXy/TMG+kJNfdRwqEvE9HpZ2x8vdRxqXgZldpPjXaS4lW1xZuT8DNNi1r1aLy8GXba+ydCz4F2V4GdterzsU77LtY59zO/HwSpRkranAjtjdx5s5rJAAaYUgKAAAAAAAAAN+FaU3fQ0G3D957siXhrHl3NwtlFBqns32fyNbmksmn5GUZ3WaV+DicnoZer1yXNHHilHrezwOy6e5fmcuMXrE0rZcS48sZ8OZZuzImVakOriu0LkAFuLkKELluYlAXAAAZgoEs+As+BnEybeoGu4uJZyCQHr9Ez2cPLXvAvRcksNZt95grT60AHNAAAUEBRQAAAAFAAFACA+Y6bf/ADKpyXyOBvI7enH/AMzqe7H5HnOWRVZJm6jv5HJtG+lLJkajPatKTMoS7VzQ5WXizOMuPMUMRK8lyNcJZPmXEPtLka6bslzA6KT7V1qWtKThnwNVOXay1sWvLs6kac980ZQ1XM13zRnB5+ZWYzi7SZqlqzO/afM1tkUg8mGtDGOjLJ5pcCoSMSy0MWIV7GAf7pR96f6How0PL6Pf7tTXCcvkj04M458t48M0zK5gjIwrJHZgvt+Rxo7MD9vyNYcs5cOoAHdxRmuRsZrmKscWJ0Z41f2jPVxWIoq96sbrdc8TEYml1mU0c7HTGqzE1SxFNfaMXiYcfyJqt7jazFmp4qNskzB4lP7LNaqe0aKvtpc2HqSUtqpJ8Xcvibc4SKnaxJFjqmwdo3dkepk1ZsxeoL8b793kKnduY3yiZVO4ZdemNV93kTeuRKmkRftLkVjt1z3FpvsoxloiU+40Ydu1qq1rcUbJO1Rvma6qyXNGVbKb8wlaaTtK4U2nOz3s1Rk7mLk8+ZvTn7LUldWJt9mxrbuLmtOe2ana11cy24N3d0abmcI7c4wv3nYaNvQ6Nr0KFZzqzsuR7cMZg6ndrQ88jxpdCYmF7OEreJKfR+ITzp/BmLG59e6p4eWlam+UkHCm9JRfmj536PUnOShBycXaVs7CS2FaS2WtxnTWo+ljBKNoqHvbKv8AI30ZVFC05qeatdJW+Fj4/bW528zKM3ulLykWfGbJX1tTrdue1VcknkkrEVSpGW1BbTe6U3b5HzVOpUX25/iPa6OlePbm3zdy/U9fj0utqyoyeylNJZJ5fI1OtXlSyVNN8c7fIzcoqLzXxPEx9apGo9irNLwlYtZke0qtZPtuDyytF/3MuuktyPkZYmvfOtVf+tmmU6tR96pN82yLp9r9JhFdtqPmbYzUkmndM+Ip4HF1pLZoVJLi0fY4aMqeHpwllKMUmVl0XNFeaSNlzmxTtFky4Wcvnemqi+nf6EcKqI3dM543P7iOFFk+Ne2nZGojYpo4kZpviZuLpM3bGaM9pHEpO2rNqeXeZm4ukyXGyTw8tNUectTsru9KXaONZNHTDhw8n2hC7wbckBQBAAAKQALlIUAdOAjSqYmMK9R06csnJbjmLF2vyCvol0Pg5L1XSdJy8Uv7kfQVW16eIw0+U2j53afgXba0Jo3XvvoTHpXVOnLwjURwdJYHEYVQlXpOmpZJuSd/gcUa9SOk5LlJmVTE1a6Sq1JzUdNqV7E0vta1LvrmYl3h6vmaRAChEKABAUgAoAApABktTPejBMyWpRg9SoPvGcSD0MA31Nv5gcLrTpRjsO2oC7ffghTAAAAAAKCFKAAAFIUCghQPlOn3/wA0nyXyPMbyPQ9IXbpWfux+R5e0VVbzN9OVos5WzZGWTBGbldo2Qdznv2jbB6kWFd9pe6YRlkSu+0uRrTA6aMu2KzuzXTdmZVHdXIrS3mjKD+ZrvmbIarmVIyv3jXczWsjWFWIbzuI6DR2AS0MGZy0NbESvU6OfqI/1JfJHqQeR5XR31df1H8kepB5HLPl0x4bEZXMEZI5tM0dmB+35HGjswOs/I1hyxnw6wAd3FGa56MzZhIVXwVdQTbVRuTeatp5mra8TKt7WXMwLIMtojkQF0bVy8BdPwIQIyWpluMEZXyI1FkWL0MWZLcGpysndswZWRiJWxZpGc84mqDyRtl3TNbnDXPuxJ9ryEneKIu8Vnt1z0XIxhK0mvETfYjyNcH22YdbfrordxPxXzMcTJbaSeerJUe1T+BhWTVRt6tCGVc6Zi3dl3sh0eeoigFRDZQfr6fvL5mBlS9rD3kFfbtLM1qCuzdLVmr7T5EjTXSoUaUpunBRcneXieN0vFXbSPdVlI8Tpd5yA8MoBWDM9noOO1Sq3zs1qeMe10A/V1uaJVjPHRSqSWay3Hm1IdvXcevjVevLkedOPrHyDWnFNZnsejeVat7q+Z5c45u56no/lXqe5+qCafRRZkmaoszTIjZc58U+ybrnNin2TOXDWPL5npvPGR9xHn5no9MfWYe5+pwFx4Mp9S7Mk2VIzjHwLasjFMz6xpFUPAOF0Ztb1WE5txZoOl08nkcxqOec+j1YD1BpgAAAAAAAAAAEKv0AWoAAABHUFj3gsRh6srIQoACoAAAAAAAABAICmSeZiUoayM0a13jYRXfgsLTxFG81eztqDXhsZHDUtmUHK7vdMGLLtuXF9qAAwoIUAAAAAAoICilRjcoFBCgfIekb/AObT92PyPJvkep6Rv/m0/dj8jyihczjI1lTAzvmbYPI575myDyZFi1dVyMUxUd2iXKM4szb7DNSZlrBkaa3qZweZhLXIsb5WTCSVmnmzDeZxpzl3YS+BY4WrL7NubJuNeuV6YR0F8zdHB1N7jHzMvobvnNfAbjU8Wd6aH3TWzr+ivRyXki/RIv7UmNxf053pu6P+qL+q/kj0qb7KPPow6qlsR02trPjaxtVWp9+xzy+umPhykegmZo8zrp/xJfEkqlT+LP4mNN/qr1kztwOs+SPnI160c1UfnmdeG6WrUH2oQmnruZrGarGXhy18fRg8uHTlB9+nUj8GdFLpTCVXZVkn/Mmvmdtx5rhlOnUzXIvXUmr9ZC3G5jtRmtqDUlxTuRNV8DV9pLmYGVX2kuZgajKgAoAAAtC7iAiqzLgYsrCq3mYyKyMCxehuv2DnWqN6fZJWsa17iJ9oNkWpWe3VJ9iPI1RfrDOT7CNUX20ZjrlW6T7BlidUYTfYMsRpG5FrlIUhuOAADSBYZVIvxRAtUSj7qpqzRJvrUt1mbpSupGiq9mpH3rGHRlkjw+ln25cz2No8PpV+skWFeWCA05qex0E+xW5o8c9boR2jW8jNWcuzFO9WT8Dz2r1/I7sRL1kuRwKXrvIkdGmrv8z0eg8q8/6f6o8+t9o7+hnbESX/ALf6orL3UzO5pizNMiNqZz4p9k2pmnE90xlw1jy+b6Z+sQ939TgTO/pn29P3f1PPN48M5cs1IzhOxpKn4FsWZOlVMjJVFY5dou14k03M3WqiaOF6s2KT4mt6lk0zndj1ABpzAAAAAAAAAAUBHUBakAAACxdmQLUKrZGGCFAAVAAAAAAAAEKQoFBCgFqbFoat5mmFKndiBPuxAH6CADAoIAKCC4FBLi4FBC2fAAUlmXZKALs+I2fED430j/6tP3Y/I8s+4xXQ+ExdZ1q8ZObSWUrCPQnR0bWw8W1xbKPhuRnGMnpFvyPvoYHCw7uHpL/SjbGlTj3acVySA/Po4etOVo0ptvhE6odGY55fRaq5xZ91YAfEz6JxEFtVYTivdNX0OP3pX5H3djGVGE+9CMuaJqukzx7j4qGGhHSO1zM9mCWcF8D6mp0Xhan+HsvjHI463Qsld0at+CkYsr0YeXx/x4cVBO6UV5Iz2VY34jA4mim6lG6W+OZzNLRXiZ+vRjcbwuyxpvMLzjpmh1t8mn5kXcZ7a3sbStqYXSehbJvcF2X8GXaS3Ed1wJm+AGd77g0762Nby3+QTbCbbM2SS4amG03vMk913fmFLySzYvdaFaerRNHkgGb0QzdsrFV0LZ5IGlUbLN3LCcqeVKcocnYlm9US6tms+IPWNMsLTk88r8DXPA27s/ijrVrFvmWZWMXw4Xp5ssJVjmkpcjS4SjrFryPYtxK7NWaua96438XHqvFB60qFKSzpryyNUsBTl3XKP5mpnHO/jZTh5wOqeAmnaEk+ZpqYarSV5QduOprcrjfHnOY1tluYlDCtkBCio2p9k1FvkRZdDIgyII6JPsI1X7SK5dlGO8katbG8jZiJZqJpubZrsNka38aCFIacwAFQG8DeKPs5SfaNeJeW14phVOsTS1RrxEvVvkcdu2jb7R4vSj9dI9LbvLU8npGV6rNRMuHEAGdHIR6fQ7tGt5Hlno9FOyq+RnLhrHl2VpeslyRxXXX+FjfXl6x+MUcqfr1yJG6lbR+Z39EO2Jfufqjz6zyZ2dEv97/0MMvdiZXNaZlcK2ReZqxOhnF5mvEO6MVrHl890x7Wn7v6nAmd/THtKXJnnHTHhjP/AEzVjJWNaZVIqSttokcYmO0NojW4uwuJras2jO5jLUsTJAAVgAAAAAAAAABQC7yAWpAA3gAAADBCkAAFAAAAAAAAAAACkADeZJmO8yQFl3UCSfZQA/Qtll2fEKW5mRhWOz4l2UUFE2ULLgUALLgAUBmAAAAAAACgAoAWAAAoQAAUBSBC3E56+Cw+I9pSi3xWTOi4Cy64eRW6Bpyd6VWUfCSucdXofFQ7qjUjwTs/zPpCGfWOs82cfHYilKhlWoSp+MlZfE1JJq8Zan2rSkrSV1weZzVOjcJUvehBX3pWM+rpj+R/Y+U2HfOX5hqUc7Hu1/R+lLPD1HTkvvLaR5+I6Kx1G76rro8aef5MnrXbHzYXtxa8MyWW+JknFNxlk96azRhKKXs5uL/IjrvfDOKitUgpRu2aVUcX6xW8UbY7LsNEu2xST1Ds1ojW3qmrGHWWdkyNbbrWLfLJ2NSqN5N/Eu2+CBttTXEOSeVjTtFvllkFbVa+hVFWzRqTa3mcXk94VmkkrxFk+9ka5Ts8skV1LsDNvZ5C6d7KzNe1xCYVsyyyyI5WXh4mFxtXB8aq2Fp1UpJbMuKOCtQnRfa0ejR6sXnYlSKnCUJLJmplY4eTwY5Tc5eOQynFwm4vVMxOr5t+fFABRAChFehEGwiKyjq+R0VWurfkc0dXyOus70X5Ga3jw5Cbyoj1NMUBAVFIUgpH1s5Rb2o2vaxrryvGSRpUuynyM68tTh29OvjjVRux52Md6rOtOyOLEu9VnSMZ8NIANuKHd0c7OpyOI6cE7SlyJeGseW/EP1if8poTXXKxsrSe2uRoi71TMbvK1Ts6LdsWvdZxVGdXRr/e1yZWXupmSkaVIzuZVug8xWV0YU32kb2ZrUePjcFHEKLldSisrHBLoue6X5H0jinqidVH7qJLYvy8vmJdHVlpsvzNTwleOtN+R9Z1EHuDw8TXtU9cXyDpVI6wkvIx01yPsVhVwRhLBQesIvmkP2HpP6+RI9T6ep0VQm86S8sjwuksNHC4pwgrRsmXHLdZyw1NuUAHRzAAAAAAAAAAUBvBCCgAAAQAUhQAAAAAAAAAAAhQAAAALUqIihSWiAloAj9Ft4DQoMqgTAApTAXYGYIigAAAKQAUEAFuACgUgAoFgABABQBYIIpLcy2AAABYWCLYALCxbFRoxGEoYmNq9KFTms15nh9I9Dyw8XUw7c6az2XrE+jDSaaa1JZtvDyXG7j4Ntp2auF2XdafI9TpfALDTc4JqDd+R5Tlw3nJ9DHKZTcZT7TVt5ElezWZLuyX3dDJNTjfeiNT6xlbKxs2W0mjU9WjOnJqLCyrDvWMr2bNa0UvHMybIsqmSacdMzXez5i7QXbK+Y0MU+BW8gbZXFzAXBtncXNdy3BtsTs0zOWt+OZoubNq8F4BZXBjI2rt/eRznbjY3jGXB2OOz4HbHh83zY6zoQ6KWDr1leFN24vJHXR6HnLOtUUVwWbLuMTDK8R5hUm3ZJtn0FPozCRSTg5vjJnXSoU6MfV04RXgjPs6zwXt89R6OxNZXVPZXGTsdVLoZv2lZLwirnsZNNuOXMw7L0biTddcfDi46fR2Hpruzk+MkbVSpxunCFvGBuV3vcrbyOMm3ZJ+DMO0xxnTS6OHkvY0/wAKNNTAYWSb6uUfGLsdqhs5yglmZyithWir8y7pccP48ifRdGS9XWlF8Jo1T6Jrr2cqdReErHtxzjp8MwrJd1llrnl4cK+alha8L3oz+FzU007NNPhY+scIyldNX8TGeH6yFqiUlv2szXtXL9E/rjvejF8jKtK6v4G/qY92ytuViTw/WRso7rOzMa+ul8fx5CeT5nJXfrGerPAbGkpx5x/sc1To6pOV4ThLw0NSuWfjy088HRUwOJpq8qTtxWZocJR70WuaN7cLjZyhvwj7UuRoNuHfafIXgx5bar7a5Gmn7TzNlR5+Rqp99Ei3llPVnR0e/wB6jyZzT1N+Af7zDk/kE7e1FmxM0xZmmZbbqb7SOi5yU320dG2ZqthTV1hVUINpkmaesHWAdEWU0xqIy20QbD5n0jVsbB8YH0W2j570id8TSf8AL+prD/SZT48gAHZyAAAAAAAAAAUCFIQUAAAABCgAAAAAAAAAAAAAAAEKAKQAVgjAH6OCgyqAth5AYtCxlYWAxTMiNDQCgJlAAWKBAUWCIC2LZlVLCxW7E1CF1wJqUtgJYosWwE8h5FLYCWFi2FiiWKWwAhQAhYWAKAAA4+lKPXYKokrySuj42p2ZH3rV1ZnxXSVLqcTUhbuyfwOeb1eDL5Y5Iy7a8TJdltGpO0lzNsmlnxRmu+NS/rDO+zfgzTF3kbprsEaxu4xpys2tUzKSszQnZm9u8VYUxy3EvcpqvmZNjRMlvZlvmYN7wry7qbB7M7kuZKjVekX5myGH+/K3JBftaNrMqbbyTZ2ww9CP8z8Tckoq0YpeRF9a4oUKs9IM3xwc0u00jftzva2RVPPUNac7oUbNVE5LmZ0+pprsU4w8jbsqpvZHCSyhK/kNpZLyyVWNlaX5FttXzXwNUk4ZNoxd9b2C6dUYJRVm0JSknlfzNEKs1mpN23G1YhPKbs0VNVkqskrNZeBE9rc1zeQvdXhLU1uo4vtdpreCRlU2tz03IsJSurfma3Xv/wDhduL3NMitr21ftfAl5uzbXI1Xs85vzM4tpZWfmE0ySklk7cixVTa7zaMHVe5r4FVeytkimqzdScVmrmTqtJbUfM1dYtbph1LtK42mm2NV66xCxEbZPMwurPtPIt4W0v4lNRmq183oJVqb1jG/IxbhazSfIxUKV96ImoqjRndxVn4OxrlDaTipbUeElcs6Mb5PPwNcoLRya5hqSNM8FSk3tUYvxg7Gl9H0oz9XKUb7pHWoXdoTXNssqbS7U9q/5DdS+PG151Xo+ta8XF+ZzrB14SV4fA9ZJJ2abXMyVOSs1dLjqX2rGXgxt28OrTnGXahJeRswLtioeZ7Li/vwn4PI1bFS6aoJ23ovs5X8f+VmjNM0uey7Sg480ZRnF7ybS+HKN0XZo2OVzSk7XWZVLiRi42ctyZlc0qRlcqNlxtGFxcgz2ibbMCEVn1jPH6bltVaT/lfzPTZ5fTHepPwZcOUz/wAvNBYxc5KMVdt2RatKdGexUi4y4M7ODEEKABCgAQpQAAAAhBQZSdN04KMWpq+07655GIGdJRe1tLcSUUtC095JEa6YghSsgAAAAAAAAAAAAAAAABAKwAB+kgosZVB5lsLICZDyMrAoxt4C19xkUDVZrcVX3mbRjbMCoEsZIICxQBLBlsLARIpQBBYoAAAoFIAigAACACggAoIAKCAAfK+kMNnGyfFJn1R876SQ9dTlxiZy4dvD8yfOSZtavTT8DVLUzU/U24GXfG6YxfaNlSXZNSyzOqjg8TjLKhSlPxtZfEaJlqOZLebIN8j1aPo3ipe0qU6f/wDTPQw/o5h6bvWnOq+HdX5DVZnlkfMSylmbqVCdWyhGUnwirs+vpdFYKj3cPD/Vn8zphThBWhFRXBKxfVn938j5Gn0Zi2uzhp2/mSNv/D8ellh5rlY+r8y5j1if/Rl/HxlSniaKbqwqU/eRgqjyu00fbHPWwOFr+0oQb42syejeP5N7j5XrYrOzXIyVaNrtts9ur0Dhpeyc6fndfmcOI6BrwV6ElPw0Zn1rtPPhXGqqvr8TJydrtJp6M0VKNai7Vaco24rIkK6WqT4E07TKXitqqNPsryL9InHO1vIx66nKykmuRjLZeakwrY8S284Rd/AzjVi3bZt8jRC6dtqMl4mSnst3greAG6U4tZZeBipRd7ReRj1lJ5WRnsrZylyzIMZVI5KO0mZJ2V235mGxO+Ti14Eace8ncK2dYmrbSMbpvKV/BmEpq2cfgzFZq+fmBsu+BnCWVtlNmhbSdg5STtvA6bRfeaXgSSUZbnzNKk07NIrmuDT5gbb/AMsfiLcbpcUjX2rXsrC7TTTaA2xlFXSe1zRY1Lqz3blkYRUpZ5eQlK2uRRuU4x1iixnF6wt55HMpXd9bGy+SlG68i7SxvvrZPksjVNysk724GDqTTsne5dp3znZ+OYSTSObjolJb7oRcW84WN8ZwlC043sa6k4t7NO0UQ39E4yVk7eDQUOE7rwNSdnvubITTbzVuQWxtjdRs0rcWiKVs08l4GLg3o7L8hCGTbcWluRUZuu9nc+ZrclJduC5qxk1GSybXg8zBZS7SdgSQio7nYzk5NZamS6uV01ZmEuymotPxByi2k81cyUl9pOJIt2zTNjnBJahm4y9EVtd1pjZlwIurk9fJElCz7EpRYc74pVBg3Ujq9ryCqJ96Ngl8N6WR5fS+lPzPUcU9GeX0vFpU7pouPLj5MbI8+nPq6kZpXcXdF9ZiKrecpvM1nsYHDdTQlOS9ZOPwVtDpbp55NvI0PZhhqFTD03OlFvZWay3eB4p71H2FP3UZzbwn1zz6PoNdnai/BnNLANd2ovNHosjRJa3cZXl/Qq18kn5mEsNWjrSl8D1opKRtST0Hto/XHz7TTzVge9OjGa7UU/I56mBg9IplmaXxV5IOyvhY04Skk1ZHEbl25ZS48soxc5KMVmzOvTVKrKC0Ruwko06cqstVoc05upNzlqydrZqMqd8yM24VbUpcjKpS1Jv61Mfm3MADTmAAAAAAAAAAAAAAAAEKQCggA/TAARQFARCgAAAAMXqZEYESMkQoApCgAAAAAAAAACAUAAACAUEBRQQEFBBcCkJcl2Blc8fpnA18bUh1KVoxzbdj1gFxtl3HztL0YlL2+IUfCCv8zvodAYKjG0oyqe9L9Eep5gmluVrRRwWFo2dLD04tb1FXN+miKLFZABdgTmBkXyAchzZPMoDyFmLjzKGgAAkoxnFxkk09zRx1eiMFUTvQir/dyO3QXYJbOHg1vRvfhq7S+7NXSPNxXROMwycpU9qPGDufY3JqZuMrpPLlHwqlKNrozddW3pn2OIwdDERtUpxfjY8PFej9S7eGcWuEmZuD0Y/kTt5qipq+8dXOK7N2SvgMVg2lUpyV98c0YudSm+3GS5ozp3x8mNWEnGaunc3KpfR3fic/XRzZuXVzWW/cRuVltR2tFdbzK6azUUanTTWUvIwaktdCK6LRaykR0mc62lo7GalNrNXXgDbPqpXzV0VXV+zkY9bKOV/iHPZWbCss7ZZCMpK6kr3Naqt6tFc03nkDbbCUX3tPAylGLXZbNUZLxM7q3CwGDi1pcqk2rKTfgZKeV08+YUpP7tvFFC23pdW3FUZx0yRXucbZcDFzk3nFvzCMoTnCXduWdSN+0s+Rj1rWUvzRtXVyV8m+YGpTg3d3ZVUSeTz5G5QpX3X4GDop5xy8EE2qxEUmkZwqwas0lfW2RzShvi/IsbptSQ2adMoU29qLd/Ax2Xre64OJqTaziZqpNRylbwLs0bO0+HmXYcVa8Xfeybc9ZJSXgVSXBpAVUprT4JknGSy2bct5sjVUU9l3Zmqia7SZdJuuXJa3uXbdlvRumle8WmjFR29xNLtI1s7MybUnnkyOC3r4GOzbJMCyg14eKJKO3DZlGM48GjNZZW1GjBy8+r0ZSk1KhLYle+y80dew4ytJG3ZTzRb7Kzd0Xlxvil4fKnu0vYU/dRpx3Ra2XUw6s9XD+xuo+wp5fZRq/Xl9LhfrJGVsgjIy0x2SpNGSRmkF2wvYZGTjcxcSLtoxkU8NUdvss8M93FJ/R6vus8E3g5eXlbu1tws1a61zRtwtB4isofZ3s6+l6UadWkoqy2DW/rnr5th0XBTqVE+B116Nk8jn6HjetU939TvxF4p7zN5dcf8ALwHqwJd58yG3FYpykorV5G2WGqw1g/Ixo+2h7yPYlDPIza3jNvEaa1TRLnsOlmYSw0HrFF2ejywei8DTayTXJmt9H55T+KG09a4gdMsDVWlma5YatHWDKmq1ArjJaxa8jEIoAAAABbK4AA/TCFIRVAAAABAAACAMAS92GEBkCXKAAAFuQlygAAAuCFAoIRsC3BjtEuxsZ3I2YgbVbi5ABSFAAEKBQTItwh5AAAUmQuBSMXYAhSFsAuXMgAoyIW4AC7HMBdAZE5AXmCC4FzAFig0nuTMZU4TVnCL5oyGYHFX6HwdbWkovjHI8fGdAVaKc8PPrEvsvJn0qLZMmmpnli+BdWdGexO8JLVSM+vb1zXM+rx/ROHxi7UUpcUedH0bpRXZrTT8c0YuL0Y+d5MatOSs1ZmSinlF2fM7qvo9WSfVVIN+LscdXovpDDu/UuceMMzPq7TzY1g4VI6tPmYuUks4eazNfXTi3Gad1xWZksTFLg+JNOnvKyjUg73jYqcHbNkU4SvdJodXF6KUeTC7rK0VmpG1PbilePmzSoS+y1LmTZmu9FrkF26HBPK9rcDFxcXZO5hCvbu7jJYht7l5BdslGSZbvlYxdRSef5GUKkWmrvIG2Uc+8jFxjfh4oqrRXFmzap1FdA21NzWcXdF65RfaTu95i4q9lKxk6btnaXICxd84vIyv27yWZq6u2icWVVVF2d2BslPZ0k1ciaazV/Em1Gadt/ExVOos42aQVmqltfMOo76PPeYbUUu1e/EyUH9mSaAzjNJN2umFPhka9px89xNsDcqj3ozjUUVkc7dwpF2mnZGUZLJ58DF65qxpTRuUuOaLtNaL7k3cjbTz3mWynmg89VyAifAzsmjC1n4GWjBUbcGuG7wOHpGhUhHr8PJpLvR/U9FJPVXJFZOLV0HPPH2mnz0Oka0e9sy5o6YdKx+3Ta5M5ukMK8LiGkuxLOLOQ3qPn3eN092HSGGl9vZ95HVTnCorwnGXJnzBU2tMh6r7vqmibNz5yni8RT7lafm7nTDpfEx7yhNeKJ6te708XH92q+6z509WfS8KtGcJUXFyi1dPI8kuM0zldu/o3vPmbum12qDf3H8zT0ZnKS8Tp6cVo4d+Ev0Ha3/LHoDPEVfc/U9TE0VJM8z0fX7xV9z9T2K19lkvJjfj5KatOS8WYmdT2k+bMTbF5bMMr4mkv518z6B089DwMJni6Pvr5n0+zmZrWLn6sdWdOyNgN7crpDq/A6XExcSLtz9WFA3OIsBhsJ6pPmjXPB0J96lE6EjLZKjzqnReHa7KlHkzlqdGqN3Go+TR7MommpHJhPWPn6lN03ZmB142Nm+ZyFjnZoABUfpYAIoAAAAAAXFwgCbSJtDYFJchNjItzAAZ3JcxAVlcXMRmBmDG5i21qVGy5Now2vAtyKtyAAUgAFBCgAQAUEKBQQZFFuLkuW4QFhmALkLkFwF2QXBFUAFC5cyXFwii5BcC3YJcICi5C3ADIaiwC/AZi9he4FuLktcZICixLlKKR2Fg8gMS5BsIg1VsLRxCtWpQmv5o3PJxXo1QmnLDVJUpbk80e5dEzYXdj4rEdEY7CytKk5x3Sp5o1So4mnG84yUfFH3bS3mEqUJKzimZuLpj5bHwfXyi83kZrFPek+R9fU6MwlR3lQhfjY4MT6O0KmdKTpv4onq6zzPB66MtUuRkoxfclb8zqq+j2MhfYcJrmedWw+Iw0rVacoeNiadJ5dtyjNPc0ZXWji0cqxE4q178zbDEdnTMmnTHyRtTSyM6crb48jSq1OXeilyK8s4P4k037R07aTzRdtJdmWZxqpJZyjdGyNaLYPaOrrJXW1JMaptJO3A1RajmpIy2tpbl47w0JRb0ZYynGXZeRjplmZKUWuzlLeBc5d6C53EYP7EjUtS3abcUFZuTvaViNK5sU4zioyXa4muSswBktDFNgis0bItrQ1oziWDbGXBlua1kZJlZZ3MrGu+8y2mVGV+Bb3yMXmgteIRo6Qw6xWFaXfhnE+bz36n1ayd9x4nS2F6mt1sF2Kn5M1K8vn8fceeUA28gAAAAAJtaOxnOtVqRjGpUlJR0Td7GAA6cBjZYGrKagp7Ss0z1F03QqRtUpzhyzPCBF2yqNSqSa0bdjEhSo3YP65Q/qR+Z9XY+QpzlTqRnHvRaaPUp9O1FbrKMJcXF2ZFle3YWPPp9NYaffU6fNXOqnjMPV7laD8Lka22NGLRs7yyzRGg01WGzmZtBK5F2iiZqJlGORkkVNtUomqcLnU0a5RBt4HSULJvxPOPZ6WhajJ+J4xYxlyAA0y/SyC5LmNqtxclyDYrYuQAUgAAAAAAAAAAAAAAAFwXMDFxvoS1jLMtgMLluVrgY7LAyuDHQXAyKQoC5CgCAAAUgAtxcItyiZjMXYzCFgAFQoBAABQyAGgAFuSwFuCFuAsCFsELjMC4At0YlAFJcXAuQuQtgFw8xcNgTIEsWwCxbkuNQF7lRLNC5RldEZEZAY2JKnCStJJrxMmyEHn1+hsFWu3RSfGOR5eK9Gpq8sNUv/ACyPpRcaamVj4Wv0bjMP7ShKy3rM0KrKNr/mfftKWqucmJ6Mw2JjadNX4pE03j5LHyEa9/AzbpT1ST4no4z0cnC8sNLaX3WeNXoVsNO1WEosz6u08zdsNd2V1wY22lnkaYVnGyehuU4veZ06zKXhnGq2kr5mTaatezNEqabunYxbcM3n4jTXtZy7EpbGt4+BFJrI0UqhsbbVyadJltsu755Mu1fmatp7y5hdt9wnc1p+ZknYitl7GSZrj4mUcsiq2Iz0NaM08ioyTzMrqxrTMio2QYtmYxZlNXswiNbSMK9KFejKlPeteDM14mN3B8Uwlm/j5urSlRqSpzVnF2MD2+lML11LrqavOC7Xijxjcu3g8mFxrEGdiNFc9MQVohUAELBAAAQpCgAAAAAGcK1Wm706kovwZ00+lcXDLrNpfzK5xgLt61PpyS9pSTfGLOql0zhpd9ShzR8+CaNvrqOMw9buVYPzOmNmrpprwPiNDZTxNak/V1Zx5MaXb7NowaPmqfTOMhrU21/Mjqp+kEv8WjF+6yaNt/TMf3aT5Hz562O6To4vDShGMoyfHQ8ksS3YADSP0gC5DkqkGQuUACgQAAUEBRQQoAAAAAAAAAAoAWAKAGQyIMXEmhnkRpMDG7KrlsS4FKY5jQDIEuUAQoAhUyFAtxcJDIqIQt0NQoQthYgACzAAAoIpC2AgsXIlwgLlsLAQtiACkuC3QEsWwuAALkMgJmWwuSzANkuWwugFhoLiwC4SuWxL2AtiAtgIjJZEuQC3Ja4RlkBEhewbFiiNXNVXDU60HGpBST4o3pAg+ax/o3rPByt/JI8Oth62Fns1qcoPi95+gamurh6deLjVgpLxQsamT4GNW2uhujKMkez0l6N61ME898H+h4E41KFRwqwcJLVPIzcXfDy/1m4JO8XY2RqvZ2ai8zCMlIyy8jLvNdNlrvJljLOzyZqTcJXWjM8pcyOkrbdoyTsa4u6sZXs8zLbbBrdoZPJ6Gm9jcpKWaWaCso5oyi77zXF2djJZFVs2bIJlUk4viYmkZxubLWVmaovxNqd8gzU4klFTXiZSyaY2lncDXB2dn/8Ap4/SGGVCtePcnmvDwPacU3exrxFCNejKnLyfBifHPyY+0eBYbJlUpzozcJKzTzEZLeaeST7qsJRsajqcbxduBzGoxnNVYlsKcdq5la2o2knxjYjRtUURxuTbVxaQV6sLUrkAyasSwa0xKWxLBNAAKgAAAAAAAAAAAAKP0ewyF7lscttMQZPIxuXYXKQoQyBBcCgAALgAAAUUEAFBABQQoAAAUEAFuLkuW5QFiXZcwJmRoyDQEVgxYuQEuUjRL2IMgRO5kBNxLlbJoNirkGS5lcCXBWQoXGoAFsMiAC3GoAQsNCXKswJcFsQKoJcBAWKLgQXAQFKkQgGVxciRbFEZLGViXIGguQtgBbEFwLkS4KkUS1y2sGS4FbICoAioX4kYFZCGSQBIoFwIzj6Q6NoY+k4VY2luktUdhUgj4LH4Cv0ZVtVV4PuzWjMYSU43TPu8ThqWKoulWgpwe5nxvS3RVXoqp1lJudCTyfDwZm4u/j8muWhcCtWd0a6c1NXRs1Vjm9ku5uMk8rmV0zVG6umbIsjcrNmUJO9tDBO5lG1w1tutfPQLPUQs3ZlasFZx0dtC3MIO0jNalBamyDszBZpozWaTLErOWvIwecbszTurvRGMVtt5ZcAkFN/Axm3GzuZWzsiSW1F+AHLjaDrU+sppOcVpxR5OV+1ke6nmkjlr4anVk9lJN7xty8nj9vsebbsvZd8jnOyrgasLuk9rwWpyShKLtKLT8UbxsePyS9xsoK7eZscMzLBUVUhJvjkbJYepHQlv12ww3jtoS3aGWw2r3JJtPNWM6dRPIh87cb7zLFXkhLvvmZUVtVUjfTzdq4sbJvjBvMOBnbv+tz2JY39U3exg4Mu3O41rI0ZtW3EsXbNjAGdiNDaaYFLYlgmgFFimkAaAQAAH6PcXJYaHNpSC4IFwLFKJYBsgFuALjYAXJYqLcXFgAKS4KKCFAAAAUgAoIAKCAC3FwAKMyXFyi2IW5Ai2RGkCoKxWRbiweQEuNTFssXuM0ZC4BRdoXZiwmBlYWFxcoC4sLAALAALkBBlcWCFyolgLgKXFhYoEAIBQCXCMhciLYBe5LF0G0UBcjYsQBYFuAFyCwAtiItwKLkuCgwgkUC2F7EvYAW9wRGSQBFBAimrEUKeIoypVYqUJKzTNgA+C6RwVTovGOm86cs4viiQldJn13TOAjjsDONl1kVtQfifE4edpOEsjOUejw+TV1XV4i48CR8dxzexsi8zJGuO8zuRuNsJW3myUr6GiObNiYaZpmzfc1aZ8DbdOHiUWLtLIySztc1x1Nj1ss+LAyXaeW4zhdNswStJWNtrJyNSMVIxvnvRtp4WVWlOrfZik3nvN+CwjrWnNWh8ztxlalh8PJTsk1ZR4m5j/AF5s/L99cXzibee4yhaMu1FO4aXHLikXx3vwONerr63whTcMkncwrYaMo3Wy9zTNdubDva7u+AY9a540lDKKSjcy2cs1qbGmklmm/Exd72jd23Nh0jXKjCeUo5cTjq4CecqT03HoXyzVvMt07JWXiWXTGWEyeBUpVKcrVIOL8UbMIr11bce1sqSd7PwNfUQhK8YxTe9I17OE/H1lvbT1ehi4aux0uKu3+hhs5GNvVpyumYWcb3R2bGd88jFwyzWpdsXx7cUo33Gtppna6Sb00NcqWuRduOXicvMNG6VM1uLRrblcbGuxLGzVEsVzuLAFaKlmVNMXoYmyS7LNYjOU0ALNgI/RiWFxcwqpDQmZbAGyZlFwAuCWIFxYuguULWFyFsBCgFQBClAAAUEKAAAAAAAAAAAFBABbi4BRbkBbgQjLcAa2gsjJoxsQZKRnc1FTAzYCZWgMS3BAMri5iVMoosLi4RAGCKFMS3AoIWxRCkFwKCXAFJYoAIyuYFCDZiZ2JaxRCpkZCDK5AVAEikJcCsgLYAioWJcDIjZLgooQSMkAWRSEuEW4AQFKQAD4Xp7CPCdIzlFWhN7UT7k8X0nwqrdHuql2qTv5BY+boy24JszeUvBnHh6mxOz0Z3W2o8jlY9/jy9sUjrcyWlmYxM7XRHaKnmjYn2mmab2ZlF3lzC7dCtZ5ljKyNSbeSM07cw02ytFKzzZlBK2phBLZ8TbFK2TzRYlZqN/I68BhnWqXkuxHXxNWHpyrSUY67+R243E08Nhuooy9Y1bLcdJNfXm8mdv/ADjy6MTjaWGp8Zboo8KrXnVk6lVtt6cDVK7la93vu9RFXld2S3mMs9tePxTD72rTtbf8yPitFuubuoTfZkpX0MZ0dldmUWlvepjbr7RqcvjxuZfaS7PnoYZbe07J8DJLLXXdYKyus+yuRMtnd/YjdrJZ8cjJSW1eWdgJbO91Zb7EaybTzfBHZTVKrJbEdm+t7lnh4VLqN1bcmHP3+uGzVlnyLd65uxnUpyhJqUXlpmYaLNNX3h0l2xkuzfiRx0Vn8TOSs0sgsp3Vk+YVr2XnZGLjosjup11JpVJZmc4057Tbg/HJ2I5+9l+x5jWbvZGGyrbjrr0ervsyUl4GjKy15WDpLtplTv8A/hh9H6xtJpczpazyuYNIu2bjK5ZYWW7gaJQlF5pnpRbja6urWRjUhTlk078GWZOOXiebdWCtc3VqNruCyOaScWbn158pcWcu4zSZ7eTRiajlldsqavNJ7wKXtIglawnx+iC5AZZLjUXFwFgS4KMrkuLFIJa5SXJqBlclwkAAFxcBcAFRQAUAAAAAFBABQQAUEFwKCACgAAUguBS2MbgorRGiixBg48CGyxi0BLmSdzFqwQGdiMqZGygCXKQDJGIuBlYjFwBAWxAKW5iALcAoEsBchRbghQKUxuW4RbkbICiXLYWBFWxGLkCFykKgqpFJcjYRk2YgFBGSIkUCglyAZXBChBFAbAXCZEwtSjKxpxlJVsJVpv7UWbiOwH5pJOMmt6Z24ertQz3ak6Xw/wBH6QrQtZbV0c1GexPPR6mMo7eLP1yd6WeRsWnkak72s7m2LTjmc3vjX4FW7PQXu8wlaIVujlnvMo5O5qhmjakrX4EbbYa57zfSjtO1sznvo0ehQ/dqDrSV6j7q/U3jHPPLTZVl9EoNR9tJLa8Eea3fN7+LOi0qtGrKTvPW5zZt3sstwyrPjx1zyryVshbOztlvIt+nJl0VuOehh1Z06rhfu8jZ9ItZpN8U8zS7PK6sSMrttvTTIjNxlKktuV15lTvm22lvI3q75sJ9myvcrXC7Wru7mMstzV9weuSb4oW2m3qgLB2ktm+XjmbOuqKN9p6mlLZV2nnvMZtpJK1+YSyVunOc1ebv5mLXatZczTCT27Oy+RuV7PNA1pE+08kE7R57i6R1Q3JXuBHJ5L5Das29prxRXnK9zC2TbvmFXK2/MSirRyfJmMrpLUqea18yCOCu7J/Ex2ctDZdZ5EsrX18wNTja2i8xZXen6GUoP/cxs1LOwVg45bjXUoxmlf8AI6NE0RrJZlS4y8vMrYWUG3FbS8DRoey8jXKnCd9qKfkbmby5/jS3ceZT76B2vC04y2opoC5RnHw5yPtbgthkHmS1xYtyXAtkLmJUgFwWwAAlxa4FuQqQuAsCNgsFuLkBUW4IUAAAKCACgAAAAAAAFIAKQFAAAAUhAMri5CoBcAXKBjYyuQghS2MQK0R5FuRgLlMC3AyLcxKBbkeYAAhkRgExcgApSJgooICAAkZFESKCNhBkuAFQqFgBkS4uQINgFSAGSICikuLkYFBFmVAVFJvDYFuS5Gwiou8yZCvQBfIx3grW8D5b0rw2zWp10spqz5o+cPu+nsOq/RlTK7h2kfCvUix1Yap9k6o5JnnUpbNRZ6nfF3aSZzyj3eHPcZNJWe65L5+BG2+zuLJZIy7NtNpGxPPLeak7WsduBw7r+sllTi83+gk2tsxn1uw1CCpdbW7q7q4mFWo5zu87meIlna1lovBHPKVrGr/Exm/tdlOPqWl4nE45qOR6NGzwz3ZHLSwrqqSulzRMuEl1btztpyysjK9+1dXN6wbd1fNa5aGE6EoZOKsvtIy1MpWDyWub3WMZZWSeRlq75Kxjf7SaQaRuN0lJteCMGms7trczPTO+b3CSSjlJ8gNe21nK/gZKe5rP5nRQdBrYqRu3v3HRGhSlG+xHPd/5oRi565jhunJJJp8GHBueS8jfVwls4RnfhwNCeVnHPiVZZeDZ7OiDfZs7NFfjHMSjnokw0qd9mKafI2ulU2+61lk7HNdxnklc6qOLdtmb00DOW5w1ypzitqSkly1MLq1r+R6W0pRVs4+Fnc0VsPtxc4zT/lSSsGMfJ/XHJK+V7cDG15aMyk7S7TeW8lr6vzI6sLN6Z2NtKEZrOWy+Rja0dGa3po7lL9daoxd7S0W5GmaabfZaWeRlTryp3UlJprjmXrk27pvgpJXI5/8AUaU00RxvHJvkbKs6cpNwWfwNd7x3Wv5h0l2xlGzTUrmKezPijOTuk2zHa7Su7+KKrZenN91R32Brey27tp8UAz6vqrguQ0NvllgGyXAtxchbATMtgGwKLmNwBbgJFyQEsBcXAFIUqAAKAAAoIAKCAAUAAAABSACkAAFIAKAAAAAAACggAyIyAoljIlhYA0mYPJmbJa5BjcqZGrBAZAjYuBlcGNyoC2FhcXAxZbgACoxMkwKLhsxKitkACiMkYluBSMjYCBSWKgq2KiAqKRslwAC1G8tgKkCJhuwFbImS9wgLqZLJBIFFIRsoQMtwJLQDVWiqlGcHo00fnlaDhUlF6p2P0VHxPTmH+j9JVVbKT2l5irHmm+hUejNBlB7MkzNjphl613rVM2NpeZohK+XwOmFKVWcYRTcm7Kxy1090s1ttw+GniHeEXZavcew3GK2IQUKdPct74m2lRjh6EaEdVnJ8WanHbjK+R0k1HL297ty1bbDlxeZywi5ztfVnTiJOMdmysc9BPrU1qYvL0Y/I9GLjCmoX1Rx1HsVbpu2uR1VH63yOOtJ7PgmXJnGbdUMTF00py2ZP+W6Zk5Un2Z7OavlozgUs7OV4/Iraz7V0jmfrjKtsKXq1ZN3WVrEs3aOznzMVJOVpPLwNkVB3vdlb4jFpuWSs1u4hxcs1ZNZ20Ls2TyZG1s6O99bgYbLd3dJm2FepCDjtKSWSTV8jBvLNWet2W21aNkn8wWS8tv0uSXZirWtbgc85bb113WsbNluVkop+BrcJRk2mr7wTGThimr53sVWbzTsSLai2WLTTs7N7iNKlreLdzGUVwzejMtI22vIkknbO4RYuUWrZNb0ZOUnN7n+Rrsr5XsE0m8m0DTOCble6T/IsdXZpGuMrJ3VzKMlsu6AyfdefkYSUUs35Bvs7uYbbS2kgMZdpKzbMdnPS63mza2ZZ2Ja8u8k+IGFr7mY2stL+JsXByz8DW9GUR3ssvPiSV4tXii7t5HFOzRBG3fRIFkluVgB9YCg6PlJYtiXFwKLmNygLgWKAsUlyXArZAWwEsVIpGwAJcpUUAFAAAABcgAACgAoAAAAQCgAAAAAAAFIABSACgC5RRcxKBbi5CgQFAGOpLGTQIMGQyaJYBctyEAyuUwMkwKCpgDFgpAKCGSKhYMpiwoAAIDKwsATKQjYRW7EuS9ylC5TGxkgKVGLG0BG7MXuRkQGaKlYiyKwMjFsjkCimSMYmYQuS9w2AIlZnz/pTh7xp10s07M+hk7Hn9LU1XwVWLzaV0Fj4ZoljbsXdj1sB0P8ASIvrMk1kRrTzMNUz2WfSdEwjSpSryV5PKB83i8LVwOJlSqq0ovXiuJ7nRuJdfBwprWFzOtXbv48vaer03O3N6Fqdmm78DXBbUocUZVpXTiiumvrzsTJu1+Blg47VZPcYYhva1ulkjowSylJGO3ovzErNqpJ7jndpU6mV7ZnTUalGVtbmqilNNbnkLEnDkjJxWmTyM07RzWppb2ZNZ5PMyU1tb2jDo2JWWqszJSay3GtSjtb7GasnmsrhGbnna5i83Zu6uRZN3jdBXScrXjoBG0na7txsZJRfHmidpR2lazyuFKSha6s8rAEmr3uzNSTi7xzMb5d69xKyirSumBk1ZKy/3JKOSWyk+JG7PJ3RJPtZZrcwLKOaTtcjTc82kzcqE9pXi7PiY9TJptRv4XzCe0a87t3VzBp7LalZm21k9qNzGSvFZZcQrXG6vfgVKLj48CpSUVdZcSu6Wi2W9SDVKPDzMW7ZK5sndJZljGEoq/e4XBbpqv2skWLe1pv0N8KMZ7TcW0vFqxrnRSTalktzWYZ9pWKTk8kYXlmrIXayd/gLpvP8g0XdrFb7KzTRVsq5g+XmFGpNbSTaBlCcoxslkwGLt9TcDeU6vmJYtgAFikIQW4IVABYpQIGyMgC4BUASKAUCkKVAhSEAtgigRApGABEUoAAAAAAAAAACgAAAAAAAAAAUgAouQAW5AEBS2AKJYhmRgY2I0ZBEGFgZswAqZbmIQGQsEZAY2BWRlFuYsqIwBUiIyCKARlEYBAJoZLMjMloAehEVmL0AN8DFAAXUySsI6FAXDllYj0MYlAzijHeZrQDIknkUx4gTayM1oYIzWgElqaa0NqD4NG2WjJP2b5Aj5LA4J1sW1bJSd/ifVUKKpRSS0R5fQqV55faZ7O4NZPL6ewVLF4Vt5VYK8ZfoeB0NtQxTozTi1qfQY5+sfI4owj9Npy2VtbLztmZrv48dSV3U0ouUtzZpnPZbzvd3N3+GctT2odsftc1VbTt4nVSfV02aZe08zdwMx2y4aW7Qk09WY0240ovR3FTWRK2kSEaMWnCq+ytmeehpjdLn5m/EdyHuv5nPuRirGxJxjlaz4GeaStJZ6oxj3Sx0YadWGdNJxqxTctM2bo0ltWhFZcVr4PxPP3I6aUpbLzenEzXHOfds5QpSyvsTtwyOWcVF6O3FnXTbcc23mK+dWlfPUsMMrvTlVtyy4F1btG64Fp+0ZjBtVcnuK6kU75K9t1rlV73svFWJFtNZlvkQdNDEPuzzilw0OhbKpxaUraprM82O83UJSUrKTStpcOPkxk4dE6fXWSqWWl0s3zOKalG8G809Gd8vb0vGLOCTbnm2+YPHbwxtZLO3FEkk1dMr1MftMruycY2yb8bmuSX2bm2orSiZVUlWVlwIiU6yimpQck96eZn1kJKWxKTzyi9fiYV8pO2Rp+02GbhKzqVIzzSblbevmaYp52LLUxjowsml7Si7PLermOdv0G9hhVT7OvkCIAf/2Q==" style="border-style:solid; border-width:20px; height:300px; width:450px" /></span></p>	22
25	<h1>Миссия - За гранью обычного</h1>\r\n\r\n<p><span style="color:#ffffff"><img alt="" src="https://cf.bstatic.com/xdata/images/hotel/max1024x768/36933900.jpg?k=3835e4eaaf3b7df2de9c902204671a816a72af540c1b42e3a2893d0d9f67cd73&amp;o=&amp;hp=1" style="border-style:solid; border-width:20px; height:299px; width:450px" /><img alt="" src="https://cf.bstatic.com/xdata/images/hotel/max1024x768/36933900.jpg?k=3835e4eaaf3b7df2de9c902204671a816a72af540c1b42e3a2893d0d9f67cd73&amp;o=&amp;hp=1" style="border-style:solid; border-width:20px; height:299px; width:450px" /></span></p>	23
26	<h1>Миссия - За гранью обычного</h1>\r\n\r\n<p>Мы видим свое предназначение в том, чтобы объединить мир через истинное кыргызское гостеприимство и национальную культуру. Через улучшение качества сервиса, обеспечивать процветание компании и сотрудников. Главная цель - превзойти ожидания наших гостей. Орион - больше, чем отель! Мы видим свое предназначение в том, чтобы объединить мир через истинное кыргызское гостеприимство и национальную культуру. Через улучшение качества сервиса, обеспечивать процветание компании и сотрудников.</p>\r\n\r\n<p><span style="color:#ffffff"><img alt="" src="https://cf.bstatic.com/xdata/images/hotel/max1024x768/36933900.jpg?k=3835e4eaaf3b7df2de9c902204671a816a72af540c1b42e3a2893d0d9f67cd73&amp;o=&amp;hp=1" style="border-style:solid; border-width:20px; height:299px; width:450px" /><img alt="" src="https://cf.bstatic.com/xdata/images/hotel/max1024x768/36933880.jpg?k=896b260a05702c6b73427005f2874756a50f32db3f63502d5c01ce952f798c5e&amp;o=&amp;hp=1" style="border-style:solid; border-width:20px; height:299px; width:450px" /></span></p>	24
27	<h1>Миссия - За гранью обычного</h1>\r\n\r\n<p>Мы видим свое предназначение в том, чтобы объединить мир через истинное кыргызское гостеприимство и национальную культуру. Через улучшение качества сервиса, обеспечивать процветание компании и сотрудников. Главная цель - превзойти ожидания наших гостей. Орион - больше, чем отель! Мы видим свое предназначение в том, чтобы объединить мир через истинное кыргызское гостеприимство и национальную культуру. Через улучшение качества сервиса, обеспечивать процветание компании и сотрудников.</p>\r\n\r\n<p><span style="color:#ffffff"><img alt="" src="https://cf.bstatic.com/xdata/images/hotel/max1024x768/36933900.jpg?k=3835e4eaaf3b7df2de9c902204671a816a72af540c1b42e3a2893d0d9f67cd73&amp;o=&amp;hp=1" style="border-style:solid; border-width:20px; height:299px; width:450px" /><img alt="" src="https://cf.bstatic.com/xdata/images/hotel/max1024x768/203724476.jpg?k=74c32db24efc482dd73e3e0290ecb2f48066d1951c533b3a1b0f3ac5f1f5ae6a&amp;o=&amp;hp=1" style="border-style:solid; border-width:20px; height:300px; width:450px" /></span></p>	25
58	<h1>Место для деловых встреч</h1>\r\n\r\n<p>В&nbsp;отеле &laquo;Орион&raquo; есть&nbsp;не&nbsp;только уютные номера и&nbsp;прекрасный ресторан, но&nbsp;и&nbsp;высококлассный конференц-зал, который поразит своей современной аудиовизуальной техникой и&nbsp;функциональностью. Он&nbsp;является идеальным местом для&nbsp;проведения деловых встреч, конференций и&nbsp;частных ужинов.</p>\r\n\r\n<p><span style="color:#ffffff"><img alt="" src="https://www.orionbishkek.com/uploads/788d93aa66448c5757aea578b5444dfdfd45464e.jpeg?method=fit&amp;width=700&amp;height=700" style="border-style:solid; border-width:20px; height:300px; width:450px" /><img alt="" src="https://www.orionbishkek.com/uploads/3be7c15cadfdc267c34dd00527916df56d95bb39.jpeg?method=fit&amp;width=700&amp;height=700" style="border-style:solid; border-width:20px; height:289px; width:450px" /></span></p>	62
28	<h1>Миссия - За гранью обычного</h1>\r\n\r\n<p>Мы видим свое предназначение в том, чтобы объединить мир через истинное кыргызское гостеприимство и национальную культуру. Через улучшение качества сервиса, обеспечивать процветание компании и сотрудников. Главная цель - превзойти ожидания наших гостей. Орион - больше, чем отель! Мы видим свое предназначение в том, чтобы объединить мир через истинное кыргызское гостеприимство и национальную культуру. Через улучшение качества сервиса, обеспечивать процветание компании и сотрудников.</p>\r\n\r\n<p><span style="color:#ffffff"><img alt="" src="https://cf.bstatic.com/xdata/images/hotel/max1024x768/138496048.jpg?k=c52166ac6605baccd1287b24bf13337c48bacfe6ba125cfce43ed222f7744291&amp;o=&amp;hp=1" style="border-style:solid; border-width:20px; height:300px; width:450px" /><img alt="" src="https://cf.bstatic.com/xdata/images/hotel/max1024x768/125177520.jpg?k=f6938708aa0cc2f72c52402f9136c03e2de8dcb5aa5fb8a5c9827e9c04f0e654&amp;o=&amp;hp=1м" style="border-style:solid; border-width:20px; height:319px; width:450px" /></span></p>	26
29	<h1>Миссия - За гранью обычного</h1>\r\n\r\n<p>Мы видим свое предназначение в том, чтобы объединить мир через истинное кыргызское гостеприимство и национальную культуру. Через улучшение качества сервиса, обеспечивать процветание компании и сотрудников. Главная цель - превзойти ожидания наших гостей. Орион - больше, чем отель! Мы видим свое предназначение в том, чтобы объединить мир через истинное кыргызское гостеприимство и национальную культуру. Через улучшение качества сервиса, обеспечивать процветание компании и сотрудников.</p>\r\n\r\n<p><span style="color:#ffffff"><img alt="" src="https://cf.bstatic.com/xdata/images/hotel/max1024x768/125177528.jpg?k=cc32055f36851ba0e97d7fb7f32763794a9460fa9db40161e41c058c76db82b6&amp;o=&amp;hp=1" style="border-style:solid; border-width:20px; height:322px; width:450px" /><img alt="" src="https://cf.bstatic.com/xdata/images/hotel/max1024x768/125177528.jpg?k=cc32055f36851ba0e97d7fb7f32763794a9460fa9db40161e41c058c76db82b6&amp;o=&amp;hp=1" style="border-style:solid; border-width:20px; height:322px; width:450px" /></span></p>\r\n\r\n<p>&nbsp;</p>	28
30	<h1>Миссия - За гранью обычного</h1>\r\n\r\n<p>Мы видим свое предназначение в том, чтобы объединить мир через истинное кыргызское гостеприимство и национальную культуру. Через улучшение качества сервиса, обеспечивать процветание компании и сотрудников. Главная цель - превзойти ожидания наших гостей. Орион - больше, чем отель! Мы видим свое предназначение в том, чтобы объединить мир через истинное кыргызское гостеприимство и национальную культуру. Через улучшение качества сервиса, обеспечивать процветание компании и сотрудников.</p>\r\n\r\n<p><span style="color:#ffffff"><img alt="" src="https://cf.bstatic.com/xdata/images/hotel/max1024x768/125177528.jpg?k=cc32055f36851ba0e97d7fb7f32763794a9460fa9db40161e41c058c76db82b6&amp;o=&amp;hp=1" style="border-style:solid; border-width:20px; height:322px; width:450px" /><img alt="" src="https://cf.bstatic.com/xdata/images/hotel/max1024x768/36933943.jpg?k=82cf200ea937e39d37fadb1ed95c58fa21f8dad84658f11be36f0e9cf8321980&amp;o=&amp;hp=1" style="border-style:solid; border-width:20px; height:299px; width:450px" /></span></p>	27
37	<h1>Миссия - За гранью обычного</h1>\r\n\r\n<p>Мы видим свое предназначение в том, чтобы объединить мир через истинное кыргызское гостеприимство и национальную культуру. Через улучшение качества сервиса, обеспечивать процветание компании и сотрудников. Главная цель - превзойти ожидания наших гостей. Орион - больше, чем отель! Мы видим свое предназначение в том, чтобы объединить мир через истинное кыргызское гостеприимство и национальную культуру. Через улучшение качества сервиса, обеспечивать процветание компании и сотрудников.</p>\r\n\r\n<p><span style="color:#ffffff"><img alt="" src="https://cf.bstatic.com/xdata/images/hotel/max1024x768/36933915.jpg?k=ee2339ecf9b4322c21bf60bbc309c384e4ccfb0b3da25ccb6563c9b9e8b237c9&amp;o=&amp;hp=1" style="border-style:solid; border-width:20px; height:299px; width:450px" /><img alt="" src="https://cf.bstatic.com/xdata/images/hotel/max1024x768/36933915.jpg?k=ee2339ecf9b4322c21bf60bbc309c384e4ccfb0b3da25ccb6563c9b9e8b237c9&amp;o=&amp;hp=1" style="border-style:solid; border-width:20px; height:299px; width:450px" /></span></p>	38
36	<h1><iframe frameborder="0" height="360" sandbox="" src="https://www.youtube.com/embed/fMZBTCRGMS8" width="640"></iframe>Миссия - За гранью обычного</h1>\r\n\r\n<p>Мы видим свое предназначение в том, чтобы объединить мир через истинное кыргызское гостеприимство и национальную культуру. Через улучшение качества сервиса, обеспечивать процветание компании и сотрудников. Главная цель - превзойти ожидания наших гостей. Орион - больше, чем отель! Мы видим свое предназначение в том, чтобы объединить мир через истинное кыргызское гостеприимство и национальную культуру. Через улучшение качества сервиса, обеспечивать процветание компании и сотрудников.</p>\r\n\r\n<p><span style="color:#ffffff"><img alt="" src="https://cf.bstatic.com/xdata/images/hotel/max1024x768/36933876.jpg?k=26f85a4a8b6d135f1093932d9c2ff343f264dc73244643ac4cde44e5b76b7969&amp;o=&amp;hp=1" style="border-style:solid; border-width:20px; height:299px; width:450px" /><img alt="" src="https://cf.bstatic.com/xdata/images/hotel/max1024x768/36933876.jpg?k=26f85a4a8b6d135f1093932d9c2ff343f264dc73244643ac4cde44e5b76b7969&amp;o=&amp;hp=1" style="border-style:solid; border-width:20px; height:299px; width:450px" /></span></p>	49
38	<h1>Миссия - За гранью обычного</h1>\r\n\r\n<p>Мы видим свое предназначение в том, чтобы объединить мир через истинное кыргызское гостеприимство и национальную культуру. Через улучшение качества сервиса, обеспечивать процветание компании и сотрудников. Главная цель - превзойти ожидания наших гостей. Орион - больше, чем отель! Мы видим свое предназначение в том, чтобы объединить мир через истинное кыргызское гостеприимство и национальную культуру. Через улучшение качества сервиса, обеспечивать процветание компании и сотрудников.</p>\r\n\r\n<p><span style="color:#ffffff"><img alt="" src="https://cf.bstatic.com/xdata/images/hotel/max1024x768/36933876.jpg?k=26f85a4a8b6d135f1093932d9c2ff343f264dc73244643ac4cde44e5b76b7969&amp;o=&amp;hp=1" style="border-style:solid; border-width:20px; height:299px; width:450px" /><img alt="" src="https://cf.bstatic.com/xdata/images/hotel/max1024x768/36933876.jpg?k=26f85a4a8b6d135f1093932d9c2ff343f264dc73244643ac4cde44e5b76b7969&amp;o=&amp;hp=1" style="border-style:solid; border-width:20px; height:299px; width:450px" /></span></p>	45
39	<h1>Миссия - За гранью обычного</h1>\r\n\r\n<p>Мы видим свое предназначение в том, чтобы объединить мир через истинное кыргызское гостеприимство и национальную культуру. Через улучшение качества сервиса, обеспечивать процветание компании и сотрудников. Главная цель - превзойти ожидания наших гостей. Орион - больше, чем отель! Мы видим свое предназначение в том, чтобы объединить мир через истинное кыргызское гостеприимство и национальную культуру. Через улучшение качества сервиса, обеспечивать процветание компании и сотрудников.</p>\r\n\r\n<p>&nbsp;</p>\r\n\r\n<p><span style="color:#ffffff"><img alt="" src="https://cf.bstatic.com/xdata/images/hotel/max1024x768/36933876.jpg?k=26f85a4a8b6d135f1093932d9c2ff343f264dc73244643ac4cde44e5b76b7969&amp;o=&amp;hp=1" style="border-style:solid; border-width:20px; height:299px; width:450px" /><img alt="" src="https://cf.bstatic.com/xdata/images/hotel/max1024x768/36933915.jpg?k=ee2339ecf9b4322c21bf60bbc309c384e4ccfb0b3da25ccb6563c9b9e8b237c9&amp;o=&amp;hp=1" style="border-style:solid; border-width:20px; height:299px; width:450px" /></span></p>	39
44	<h1>Миссия - За гранью обычного</h1>\r\n\r\n<p>Мы видим свое предназначение в том, чтобы объединить мир через истинное кыргызское гостеприимство и национальную культуру. Через улучшение качества сервиса, обеспечивать процветание компании и сотрудников. Главная цель - превзойти ожидания наших гостей. Орион - больше, чем отель! Мы видим свое предназначение в том, чтобы объединить мир через истинное кыргызское гостеприимство и национальную культуру. Через улучшение качества сервиса, обеспечивать процветание компании и сотрудников.</p>\r\n\r\n<p><span style="color:#ffffff"><img alt="" src="https://cf.bstatic.com/xdata/images/hotel/max1024x768/36933876.jpg?k=26f85a4a8b6d135f1093932d9c2ff343f264dc73244643ac4cde44e5b76b7969&amp;o=&amp;hp=1" style="border-style:solid; border-width:20px; height:299px; width:450px" /><img alt="" src="https://cf.bstatic.com/xdata/images/hotel/max1024x768/36933876.jpg?k=26f85a4a8b6d135f1093932d9c2ff343f264dc73244643ac4cde44e5b76b7969&amp;o=&amp;hp=1" style="border-style:solid; border-width:20px; height:299px; width:450px" /></span></p>	41
45	<h1>Миссия - За гранью обычного</h1>\r\n\r\n<p>Мы видим свое предназначение в том, чтобы объединить мир через истинное кыргызское гостеприимство и национальную культуру. Через улучшение качества сервиса, обеспечивать процветание компании и сотрудников. Главная цель - превзойти ожидания наших гостей. Орион - больше, чем отель! Мы видим свое предназначение в том, чтобы объединить мир через истинное кыргызское гостеприимство и национальную культуру. Через улучшение качества сервиса, обеспечивать процветание компании и сотрудников.</p>\r\n\r\n<p><span style="color:#ffffff"><img alt="" src="https://cf.bstatic.com/xdata/images/hotel/max1024x768/36933915.jpg?k=ee2339ecf9b4322c21bf60bbc309c384e4ccfb0b3da25ccb6563c9b9e8b237c9&amp;o=&amp;hp=1" style="border-style:solid; border-width:20px; height:299px; width:450px" /><img alt="" src="https://cf.bstatic.com/xdata/images/hotel/max1024x768/36933915.jpg?k=ee2339ecf9b4322c21bf60bbc309c384e4ccfb0b3da25ccb6563c9b9e8b237c9&amp;o=&amp;hp=1" style="border-style:solid; border-width:20px; height:299px; width:450px" /></span></p>	44
46	<h1>Миссия - За гранью обычного</h1>\r\n\r\n<p>Мы видим свое предназначение в том, чтобы объединить мир через истинное кыргызское гостеприимство и национальную культуру. Через улучшение качества сервиса, обеспечивать процветание компании и сотрудников. Главная цель - превзойти ожидания наших гостей. Орион - больше, чем отель! Мы видим свое предназначение в том, чтобы объединить мир через истинное кыргызское гостеприимство и национальную культуру. Через улучшение качества сервиса, обеспечивать процветание компании и сотрудников.</p>\r\n\r\n<p><span style="color:#ffffff"><img alt="" src="https://cf.bstatic.com/xdata/images/hotel/max1024x768/36933885.jpg?k=dbd3710cb991e9fae44d9690e0a0b0d06ff1f7dafe3f61df3c4a400ebc0fbc6e&amp;o=&amp;hp=1" style="border-style:solid; border-width:20px; height:299px; width:450px" /><img alt="" src="https://cf.bstatic.com/xdata/images/hotel/max1024x768/36933885.jpg?k=dbd3710cb991e9fae44d9690e0a0b0d06ff1f7dafe3f61df3c4a400ebc0fbc6e&amp;o=&amp;hp=1" style="border-style:solid; border-width:20px; height:299px; width:450px" /></span></p>	53
47	<h1>Миссия - За гранью обычного</h1>\r\n\r\n<p>Мы видим свое предназначение в том, чтобы объединить мир через истинное кыргызское гостеприимство и национальную культуру. Через улучшение качества сервиса, обеспечивать процветание компании и сотрудников. Главная цель - превзойти ожидания наших гостей. Орион - больше, чем отель! Мы видим свое предназначение в том, чтобы объединить мир через истинное кыргызское гостеприимство и национальную культуру. Через улучшение качества сервиса, обеспечивать процветание компании и сотрудников.</p>\r\n\r\n<p><span style="color:#ffffff"><img alt="" src="https://cf.bstatic.com/xdata/images/hotel/max1024x768/36933913.jpg?k=c5c18ab29e2c2329d7d424ae47d4298d732a6fd34dd4c3bf2aa740de420e8961&amp;o=&amp;hp=1" style="border-style:solid; border-width:20px; height:299px; width:450px" /><img alt="" src="https://cf.bstatic.com/xdata/images/hotel/max1024x768/36933913.jpg?k=c5c18ab29e2c2329d7d424ae47d4298d732a6fd34dd4c3bf2aa740de420e8961&amp;o=&amp;hp=1" style="border-style:solid; border-width:20px; height:299px; width:450px" /></span></p>	40
48	<p>Мы видим свое предназначение в том, чтобы объединить мир через истинное кыргызское гостеприимство и национальную культуру. Через улучшение качества сервиса, обеспечивать процветание компании и сотрудников. Главная цель - превзойти ожидания наших гостей. Орион - больше, чем отель! Мы видим свое предназначение в том, чтобы объединить мир через истинное кыргызское гостеприимство и национальную культуру. Через улучшение качества сервиса, обеспечивать процветание компании и сотрудников.</p>\r\n\r\n<p><span style="color:#ffffff"><img alt="" src="https://cf.bstatic.com/xdata/images/hotel/max1024x768/36933913.jpg?k=c5c18ab29e2c2329d7d424ae47d4298d732a6fd34dd4c3bf2aa740de420e8961&amp;o=&amp;hp=1" style="border-style:solid; border-width:20px; height:299px; width:450px" /><img alt="" src="https://cf.bstatic.com/xdata/images/hotel/max1024x768/36933913.jpg?k=c5c18ab29e2c2329d7d424ae47d4298d732a6fd34dd4c3bf2aa740de420e8961&amp;o=&amp;hp=1" style="border-style:solid; border-width:20px; height:299px; width:450px" /></span></p>	42
50	<h1>Миссия - За гранью обычного</h1>\r\n\r\n<p>Мы видим свое предназначение в том, чтобы объединить мир через истинное кыргызское гостеприимство и национальную культуру. Через улучшение качества сервиса, обеспечивать процветание компании и сотрудников. Главная цель - превзойти ожидания наших гостей. Орион - больше, чем отель! Мы видим свое предназначение в том, чтобы объединить мир через истинное кыргызское гостеприимство и национальную культуру. Через улучшение качества сервиса, обеспечивать процветание компании и сотрудников.</p>\r\n\r\n<p><span style="color:#ffffff"><img alt="" src="https://cf.bstatic.com/xdata/images/hotel/max1024x768/36933913.jpg?k=c5c18ab29e2c2329d7d424ae47d4298d732a6fd34dd4c3bf2aa740de420e8961&amp;o=&amp;hp=1" style="border-style:solid; border-width:20px; height:299px; width:450px" /><img alt="" src="https://cf.bstatic.com/xdata/images/hotel/max1024x768/36933913.jpg?k=c5c18ab29e2c2329d7d424ae47d4298d732a6fd34dd4c3bf2aa740de420e8961&amp;o=&amp;hp=1" style="border-style:solid; border-width:20px; height:299px; width:450px" /></span></p>	43
51	<h1>Миссия - За гранью обычного</h1>\r\n\r\n<p>Мы видим свое предназначение в том, чтобы объединить мир через истинное кыргызское гостеприимство и национальную культуру. Через улучшение качества сервиса, обеспечивать процветание компании и сотрудников. Главная цель - превзойти ожидания наших гостей. Орион - больше, чем отель! Мы видим свое предназначение в том, чтобы объединить мир через истинное кыргызское гостеприимство и национальную культуру. Через улучшение качества сервиса, обеспечивать процветание компании и сотрудников.</p>\r\n\r\n<p><span style="color:#ffffff"><img alt="" src="https://cf.bstatic.com/xdata/images/hotel/max1024x768/36933885.jpg?k=dbd3710cb991e9fae44d9690e0a0b0d06ff1f7dafe3f61df3c4a400ebc0fbc6e&amp;o=&amp;hp=1" style="border-style:solid; border-width:20px; height:299px; width:450px" /><img alt="" src="https://cf.bstatic.com/xdata/images/hotel/max1024x768/36933885.jpg?k=dbd3710cb991e9fae44d9690e0a0b0d06ff1f7dafe3f61df3c4a400ebc0fbc6e&amp;o=&amp;hp=1" style="border-style:solid; border-width:20px; height:299px; width:450px" /></span></p>	48
52	<h1>Миссия - За гранью обычного</h1>\r\n\r\n<p>Мы видим свое предназначение в том, чтобы объединить мир через истинное кыргызское гостеприимство и национальную культуру. Через улучшение качества сервиса, обеспечивать процветание компании и сотрудников. Главная цель - превзойти ожидания наших гостей. Орион - больше, чем отель! Мы видим свое предназначение в том, чтобы объединить мир через истинное кыргызское гостеприимство и национальную культуру. Через улучшение качества сервиса, обеспечивать процветание компании и сотрудников.</p>\r\n\r\n<p><span style="color:#ffffff"><img alt="" src="https://cf.bstatic.com/xdata/images/hotel/max1024x768/36933885.jpg?k=dbd3710cb991e9fae44d9690e0a0b0d06ff1f7dafe3f61df3c4a400ebc0fbc6e&amp;o=&amp;hp=1" style="border-style:solid; border-width:20px; height:299px; width:450px" /><img alt="" src="https://cf.bstatic.com/xdata/images/hotel/max1024x768/36933885.jpg?k=dbd3710cb991e9fae44d9690e0a0b0d06ff1f7dafe3f61df3c4a400ebc0fbc6e&amp;o=&amp;hp=1" style="border-style:solid; border-width:20px; height:299px; width:450px" /></span></p>	46
53	<h1>Миссия - За гранью обычного</h1>\r\n\r\n<p>Мы видим свое предназначение в том, чтобы объединить мир через истинное кыргызское гостеприимство и национальную культуру. Через улучшение качества сервиса, обеспечивать процветание компании и сотрудников. Главная цель - превзойти ожидания наших гостей. Орион - больше, чем отель! Мы видим свое предназначение в том, чтобы объединить мир через истинное кыргызское гостеприимство и национальную культуру. Через улучшение качества сервиса, обеспечивать процветание компании и сотрудников.</p>\r\n\r\n<p><span style="color:#ffffff"><img alt="" src="https://cf.bstatic.com/xdata/images/hotel/max1024x768/36933885.jpg?k=dbd3710cb991e9fae44d9690e0a0b0d06ff1f7dafe3f61df3c4a400ebc0fbc6e&amp;o=&amp;hp=1" style="border-style:solid; border-width:20px; height:299px; width:450px" /><img alt="" src="https://cf.bstatic.com/xdata/images/hotel/max1024x768/36933885.jpg?k=dbd3710cb991e9fae44d9690e0a0b0d06ff1f7dafe3f61df3c4a400ebc0fbc6e&amp;o=&amp;hp=1" style="border-style:solid; border-width:20px; height:299px; width:450px" /></span></p>	51
54	<h1>Миссия - За гранью обычного</h1>\r\n\r\n<p>Мы видим свое предназначение в том, чтобы объединить мир через истинное кыргызское гостеприимство и национальную культуру. Через улучшение качества сервиса, обеспечивать процветание компании и сотрудников. Главная цель - превзойти ожидания наших гостей. Орион - больше, чем отель! Мы видим свое предназначение в том, чтобы объединить мир через истинное кыргызское гостеприимство и национальную культуру. Через улучшение качества сервиса, обеспечивать процветание компании и сотрудников.</p>\r\n\r\n<p><span style="color:#ffffff"><img alt="" src="https://cf.bstatic.com/xdata/images/hotel/max1024x768/36933915.jpg?k=ee2339ecf9b4322c21bf60bbc309c384e4ccfb0b3da25ccb6563c9b9e8b237c9&amp;o=&amp;hp=1" style="border-style:solid; border-width:20px; height:299px; width:450px" /><img alt="" src="https://cf.bstatic.com/xdata/images/hotel/max1024x768/36933915.jpg?k=ee2339ecf9b4322c21bf60bbc309c384e4ccfb0b3da25ccb6563c9b9e8b237c9&amp;o=&amp;hp=1" style="border-style:solid; border-width:20px; height:299px; width:450px" /></span></p>	52
55	<h1>Миссия - За гранью обычного</h1>\r\n\r\n<p>Мы видим свое предназначение в том, чтобы объединить мир через истинное кыргызское гостеприимство и национальную культуру. Через улучшение качества сервиса, обеспечивать процветание компании и сотрудников. Главная цель - превзойти ожидания наших гостей. Орион - больше, чем отель! Мы видим свое предназначение в том, чтобы объединить мир через истинное кыргызское гостеприимство и национальную культуру. Через улучшение качества сервиса, обеспечивать процветание компании и сотрудников.</p>\r\n\r\n<p><span style="color:#ffffff"><img alt="" src="https://cf.bstatic.com/xdata/images/hotel/max1024x768/36933880.jpg?k=896b260a05702c6b73427005f2874756a50f32db3f63502d5c01ce952f798c5e&amp;o=&amp;hp=1" style="border-style:solid; border-width:20px; height:299px; width:450px" /><img alt="" src="https://cf.bstatic.com/xdata/images/hotel/max1024x768/36933900.jpg?k=3835e4eaaf3b7df2de9c902204671a816a72af540c1b42e3a2893d0d9f67cd73&amp;o=&amp;hp=1" style="border-style:solid; border-width:20px; height:299px; width:450px" /></span></p>	50
56	<h1>Миссия - За гранью обычного</h1>\r\n\r\n<p>Мы видим свое предназначение в том, чтобы объединить мир через истинное кыргызское гостеприимство и национальную культуру. Через улучшение качества сервиса, обеспечивать процветание компании и сотрудников. Главная цель - превзойти ожидания наших гостей. Орион - больше, чем отель! Мы видим свое предназначение в том, чтобы объединить мир через истинное кыргызское гостеприимство и национальную культуру. Через улучшение качества сервиса, обеспечивать процветание компании и сотрудников.</p>\r\n\r\n<p><span style="color:#ffffff"><img alt="" src="https://www.orionbishkek.com/uploads/96d05c2db8a6d95046e227fa315895f6360e551e.jpeg?method=fit&amp;width=700&amp;height=700" style="border-style:solid; border-width:20px; height:300px; width:450px" /><img alt="" src="https://www.orionbishkek.com/uploads/3be7c15cadfdc267c34dd00527916df56d95bb39.jpeg?method=fit&amp;width=700&amp;height=700" style="border-style:solid; border-width:20px; height:289px; width:450px" /></span></p>	54
57	<h1>Миссия - За гранью обычного</h1>\r\n\r\n<p>Мы видим свое предназначение в том, чтобы объединить мир через истинное кыргызское гостеприимство и национальную культуру. Через улучшение качества сервиса, обеспечивать процветание компании и сотрудников. Главная цель - превзойти ожидания наших гостей. Орион - больше, чем отель! Мы видим свое предназначение в том, чтобы объединить мир через истинное кыргызское гостеприимство и национальную культуру. Через улучшение качества сервиса, обеспечивать процветание компании и сотрудников.</p>\r\n\r\n<p><span style="color:#ffffff"><img alt="" src="https://www.orionbishkek.com/uploads/96d05c2db8a6d95046e227fa315895f6360e551e.jpeg?method=fit&amp;width=700&amp;height=700" style="border-style:solid; border-width:20px; height:300px; width:450px" /><img alt="" src="https://www.orionbishkek.com/uploads/3be7c15cadfdc267c34dd00527916df56d95bb39.jpeg?method=fit&amp;width=700&amp;height=700" style="border-style:solid; border-width:20px; height:289px; width:450px" /></span></p>	60
59	<h1>Миссия - За гранью обычного</h1>\r\n\r\n<p>Мы видим свое предназначение в том, чтобы объединить мир через истинное кыргызское гостеприимство и национальную культуру. Через улучшение качества сервиса, обеспечивать процветание компании и сотрудников. Главная цель - превзойти ожидания наших гостей. Орион - больше, чем отель! Мы видим свое предназначение в том, чтобы объединить мир через истинное кыргызское гостеприимство и национальную культуру. Через улучшение качества сервиса, обеспечивать процветание компании и сотрудников.</p>\r\n\r\n<p><span style="color:#ffffff"><img alt="" src="https://cf.bstatic.com/xdata/images/hotel/max1024x768/36933900.jpg?k=3835e4eaaf3b7df2de9c902204671a816a72af540c1b42e3a2893d0d9f67cd73&amp;o=&amp;hp=1" style="border-style:solid; border-width:20px; height:299px; width:450px" /><img alt="" src="https://cf.bstatic.com/xdata/images/hotel/max1024x768/36933900.jpg?k=3835e4eaaf3b7df2de9c902204671a816a72af540c1b42e3a2893d0d9f67cd73&amp;o=&amp;hp=1" style="border-style:solid; border-width:20px; height:299px; width:450px" /></span></p>	57
60	<h1>Место для деловых встреч</h1>\r\n\r\n<p>В&nbsp;отеле &laquo;Орион&raquo; есть&nbsp;не&nbsp;только уютные номера и&nbsp;прекрасный ресторан, но&nbsp;и&nbsp;высококлассный конференц-зал, который поразит своей современной аудиовизуальной техникой и&nbsp;функциональностью. Он&nbsp;является идеальным местом для&nbsp;проведения деловых встреч, конференций и&nbsp;частных ужинов.</p>\r\n\r\n<p><span style="color:#ffffff"><img alt="" src="https://www.orionbishkek.com/uploads/3be7c15cadfdc267c34dd00527916df56d95bb39.jpeg?method=fit&amp;width=700&amp;height=700" style="border-style:solid; border-width:20px; height:289px; width:450px" /><img alt="" src="https://www.orionbishkek.com/uploads/e982b8d8845ba67f5da2a763ad957dcdfd05483c.jpeg?method=fit&amp;width=900&amp;height=413" style="border-style:solid; border-width:20px; height:300px; width:450px" /></span></p>	61
61	<h1>Миссия - За гранью обычного</h1>\r\n\r\n<p>Мы видим свое предназначение в том, чтобы объединить мир через истинное кыргызское гостеприимство и национальную культуру. Через улучшение качества сервиса, обеспечивать процветание компании и сотрудников. Главная цель - превзойти ожидания наших гостей. Орион - больше, чем отель! Мы видим свое предназначение в том, чтобы объединить мир через истинное кыргызское гостеприимство и национальную культуру. Через улучшение качества сервиса, обеспечивать процветание компании и сотрудников.</p>\r\n\r\n<p><span style="color:#ffffff"><img alt="" src="https://cf.bstatic.com/xdata/images/hotel/max1024x768/36933900.jpg?k=3835e4eaaf3b7df2de9c902204671a816a72af540c1b42e3a2893d0d9f67cd73&amp;o=&amp;hp=1" style="border-style:solid; border-width:20px; height:299px; width:450px" /><img alt="" src="https://cf.bstatic.com/xdata/images/hotel/max1024x768/36933900.jpg?k=3835e4eaaf3b7df2de9c902204671a816a72af540c1b42e3a2893d0d9f67cd73&amp;o=&amp;hp=1" style="border-style:solid; border-width:20px; height:299px; width:450px" /></span></p>	61
62	<h1>роскошный отдых</h1>\r\n\r\n<p>Palazzo - ресторан премиум-класса</p>\r\n\r\n<p><span style="color:#ffffff"><img alt="" src="https://www.orionbishkek.com/uploads/df14796a14a611685c8ba933249799278ab5181f.jpeg?method=fit&amp;width=625&amp;height=625" style="border-style:solid; border-width:20px; height:267px; width:450px" /><img alt="" src="https://www.orionbishkek.com/uploads/e0c581e3787aef7af99ae7d1682308908a121461.jpeg?method=fit&amp;width=625&amp;height=625" style="border-style:solid; border-width:20px; height:300px; width:450px" /></span></p>	59
63	<h1>Миссия - За гранью обычного</h1>\r\n\r\n<p>Мы видим свое предназначение в том, чтобы объединить мир через истинное кыргызское гостеприимство и национальную культуру. Через улучшение качества сервиса, обеспечивать процветание компании и сотрудников. Главная цель - превзойти ожидания наших гостей. Орион - больше, чем отель! Мы видим свое предназначение в том, чтобы объединить мир через истинное кыргызское гостеприимство и национальную культуру. Через улучшение качества сервиса, обеспечивать процветание компании и сотрудников.</p>\r\n\r\n<p><span style="color:#ffffff"><img alt="" src="https://cf.bstatic.com/xdata/images/hotel/max1024x768/36933900.jpg?k=3835e4eaaf3b7df2de9c902204671a816a72af540c1b42e3a2893d0d9f67cd73&amp;o=&amp;hp=1" style="border-style:solid; border-width:20px; height:299px; width:450px" /><img alt="" src="https://cf.bstatic.com/xdata/images/hotel/max1024x768/36933900.jpg?k=3835e4eaaf3b7df2de9c902204671a816a72af540c1b42e3a2893d0d9f67cd73&amp;o=&amp;hp=1" style="border-style:solid; border-width:20px; height:299px; width:450px" /></span></p>	56
65	<h1>Миссия - За гранью обычного</h1>\r\n\r\n<p>Мы видим свое предназначение в том, чтобы объединить мир через истинное кыргызское гостеприимство и национальную культуру. Через улучшение качества сервиса, обеспечивать процветание компании и сотрудников. Главная цель - превзойти ожидания наших гостей. Орион - больше, чем отель! Мы видим свое предназначение в том, чтобы объединить мир через истинное кыргызское гостеприимство и национальную культуру. Через улучшение качества сервиса, обеспечивать процветание компании и сотрудников.</p>\r\n\r\n<p><span style="color:#ffffff"><img alt="" src="https://www.orionbishkek.com/uploads/ce96f196931a136728d3d8b987f06938fa1699bc.jpeg?method=fit&amp;width=625&amp;height=625" style="border-style:solid; border-width:20px; height:300px; width:450px" /><img alt="" src="https://www.orionbishkek.com/uploads/bfbeae8f3fe74a7518058a9e607db8fc33c1534a.jpeg?method=fit&amp;width=625&amp;height=625" style="border-style:solid; border-width:20px; height:300px; width:450px" /></span></p>	58
9	<h1><iframe frameborder="0" height="360" sandbox="" src="https://www.youtube.com/embed/fMZBTCRGMS8" width="640"></iframe>Миссия - За гранью</h1>\r\n\r\n<p>Мы видим свое предназначение в том, чтобы объединить мир через истинное кыргызское гостеприимство и национальную культуру истинное<br />\r\nМы видим свое предназначение в том, чтобы объединить мир через истинное кыргызское гостеприимство и национальную культуру истинное</p>\r\n\r\n<p><span style="color:#ffffff"><img alt="" src="https://cf.bstatic.com/xdata/images/hotel/max1024x768/36933900.jpg?k=3835e4eaaf3b7df2de9c902204671a816a72af540c1b42e3a2893d0d9f67cd73&amp;o=&amp;hp=1" style="border-style:solid; border-width:20px; height:299px; width:450px" /><img alt="" src="https://cf.bstatic.com/xdata/images/hotel/max1024x768/36933880.jpg?k=896b260a05702c6b73427005f2874756a50f32db3f63502d5c01ce952f798c5e&amp;o=&amp;hp=1" style="border-style:solid; border-width:20px; height:299px; width:450px" /></span></p>	8
5	<p style="text-align:justify"><strong><span style="font-size:14pt"><span style="font-family:&quot;Times New Roman&quot;,serif">Основатель дизайн- студии Freedom Group Владислав Попов</span></span></strong></p>\r\n\r\n<p style="text-align:justify">&nbsp;</p>\r\n\r\n<p style="text-align:justify"><span style="font-size:14pt"><span style="font-family:&quot;Times New Roman&quot;,serif">Возможно, вы не знакомы с Владиславом лично, но все, что можно увидеть на первом этаже &laquo;Космопарка&raquo;, дизайн для зала IMAX,&nbsp;&nbsp;</span></span><span style="font-size:14pt"><span style="font-family:&quot;Times New Roman&quot;,serif">офиса &laquo;Кумтор&raquo;; на руднике, ресторана &laquo;Ала-Тоо&raquo;, фасады проектов Elite House - &laquo;Итальянский Квартал&raquo;, Nova City, New York, чайхана &laquo;Нават&raquo; на Южной Магистрали и проекты для домов первых лиц Кыргызстана -&nbsp;</span></span><span style="font-size:14pt"><span style="font-family:&quot;Times New Roman&quot;,serif">работа его команды. Изначально ребята занимались только дизайном, но спустя время, пришлось найти партнеров среди ремонтников, потому что не&nbsp;</span></span><span style="font-size:14pt"><span style="font-family:&quot;Times New Roman&quot;,serif">все строители могут воплотить в реальность задуманное дизайнером.&nbsp;</span></span><span style="font-size:14pt"><span style="font-family:&quot;Times New Roman&quot;,serif">Спустя время выяснилось, что заказчикам мало хорошего дизайна, они хотят еще качественную мебель.&nbsp;</span></span><span style="font-size:14pt"><span style="font-family:&quot;Times New Roman&quot;,serif">В итоге, компания Влада проектирует дома начиная от дизайна ландшафта и фасада, заканчивая установкой мебели. Все проекты &laquo;под ключ&raquo; въезжай и живи.</span></span></p>	67
\.


--
-- Data for Name: main_slider; Type: TABLE DATA; Schema: public; Owner: navis
--

COPY public.main_slider (id, language, title, description, img, last_id) FROM stdin;
2	kg	Монолит - ишенимдүүлүк менен комфортту чогуу жаратабыз!	бул бизнес борбору менен соода комплексин бириктирген биринчи комплекс	slider/banner_3QfziaN.png	1
4	kg	Орион – Кыргызстандагы сертификаты бар биринчи жана жалгыз мейманкана	Негизги максат – конокторубуздун үмүтүн ашыгы менен аткаруу!	slider/otel.png	3
1	ru	Монолит - создаем надежность и комфорт вместе!	-это первый в своем роде комплекс, который объединяет в себе бизнес-центр и торговый комплекс	slider/banner_1.png	\N
3	ru	Орион - первый и единственный отель с сертификатом в Кыргызстане	Главная цель - первзойти ожидании наших гостей. Орион - больше, чем отель!	slider/otel.png	\N
\.


--
-- Data for Name: main_subcategory; Type: TABLE DATA; Schema: public; Owner: navis
--

COPY public.main_subcategory (id, title, slug, cat_id) FROM stdin;
7	Отель	otel	1
8	Ресторан	restoran	1
12	Спа-салоны	spa-salony	1
16	Мейманкана	mejmankana	10
17	Ресторан	restoran	10
18	Спа-салондор	spa-salondor	10
19	Мейманкана	mejmankana	13
20	Ресторан	restoran	13
21	Спа-салондор	spa-salondor	13
22	Мейманкана	mejmankana	15
23	Ресторан	restoran	15
24	Спа-салондор	spa-salondor	15
25	Мейманкана	mejmankana	14
26	Ресторан	restoran	14
27	Спа-салондор	spa-salondor	14
28	Тест	test	1
33	Дизайнеры	dizajnery	2
34	Кыргзыстан	kyrgzystan	5
35	Дубай	dubaj	5
36	Uno city  by BORSAN	uno-city-by-borsan	23
37	Архитекторы	arhitektory	11
\.


--
-- Data for Name: users_user; Type: TABLE DATA; Schema: public; Owner: navis
--

COPY public.users_user (id, password, last_login, is_superuser, first_name, last_name, email, is_staff, is_active, date_joined, phone, user_type, code, activated) FROM stdin;
10	pbkdf2_sha256$600000$LfCcNY3ifzmGzn6diqTQW1$SXr9SgzceKcfScatp3fxsvra1iBNmFQCz5qZnHHshYA=	2024-03-09 09:59:16.095924+00	t				t	t	2024-03-08 18:49:46.65901+00	0500	Журналист	633225	f
8	pbkdf2_sha256$600000$WiKWNTH2u7ErdiskzsESyu$9CPuwLj0w8ebjZMsLuCt/x51cjVkhOzI8P0Pr0cHp84=	2024-03-09 10:12:43.615482+00	t	Санжарбек	Кылычбеков	ky1ychbekow06@gmail.com	t	t	2024-03-08 13:40:39+00	0557541222	Журналист	237657	f
\.


--
-- Data for Name: users_user_groups; Type: TABLE DATA; Schema: public; Owner: navis
--

COPY public.users_user_groups (id, user_id, group_id) FROM stdin;
3	8	1
\.


--
-- Data for Name: users_user_user_permissions; Type: TABLE DATA; Schema: public; Owner: navis
--

COPY public.users_user_user_permissions (id, user_id, permission_id) FROM stdin;
121	8	1
122	8	2
123	8	3
124	8	4
128	8	8
132	8	12
136	8	16
137	8	17
138	8	18
139	8	19
140	8	20
148	8	28
149	8	29
150	8	30
151	8	31
152	8	32
153	8	33
154	8	34
155	8	35
156	8	36
157	8	37
158	8	38
159	8	39
160	8	40
161	8	41
162	8	42
163	8	43
164	8	44
165	8	45
166	8	46
167	8	47
168	8	48
169	8	49
170	8	50
171	8	51
172	8	52
173	8	53
174	8	54
175	8	55
176	8	56
177	8	57
178	8	58
179	8	59
180	8	60
181	8	61
182	8	62
183	8	63
184	8	64
\.


--
-- Name: auth_group_id_seq; Type: SEQUENCE SET; Schema: public; Owner: navis
--

SELECT pg_catalog.setval('public.auth_group_id_seq', 4, true);


--
-- Name: auth_group_permissions_id_seq; Type: SEQUENCE SET; Schema: public; Owner: navis
--

SELECT pg_catalog.setval('public.auth_group_permissions_id_seq', 175, true);


--
-- Name: auth_permission_id_seq; Type: SEQUENCE SET; Schema: public; Owner: navis
--

SELECT pg_catalog.setval('public.auth_permission_id_seq', 64, true);


--
-- Name: auth_user_groups_id_seq; Type: SEQUENCE SET; Schema: public; Owner: navis
--

SELECT pg_catalog.setval('public.auth_user_groups_id_seq', 5, true);


--
-- Name: auth_user_id_seq; Type: SEQUENCE SET; Schema: public; Owner: navis
--

SELECT pg_catalog.setval('public.auth_user_id_seq', 12, true);


--
-- Name: auth_user_user_permissions_id_seq; Type: SEQUENCE SET; Schema: public; Owner: navis
--

SELECT pg_catalog.setval('public.auth_user_user_permissions_id_seq', 192, true);


--
-- Name: django_admin_log_id_seq; Type: SEQUENCE SET; Schema: public; Owner: navis
--

SELECT pg_catalog.setval('public.django_admin_log_id_seq', 679, true);


--
-- Name: django_content_type_id_seq; Type: SEQUENCE SET; Schema: public; Owner: navis
--

SELECT pg_catalog.setval('public.django_content_type_id_seq', 15, true);


--
-- Name: django_migrations_id_seq; Type: SEQUENCE SET; Schema: public; Owner: navis
--

SELECT pg_catalog.setval('public.django_migrations_id_seq', 64, true);


--
-- Name: main_category_id_seq; Type: SEQUENCE SET; Schema: public; Owner: navis
--

SELECT pg_catalog.setval('public.main_category_id_seq', 23, true);


--
-- Name: main_comments_id_seq; Type: SEQUENCE SET; Schema: public; Owner: navis
--

SELECT pg_catalog.setval('public.main_comments_id_seq', 103, true);


--
-- Name: main_post_id_seq; Type: SEQUENCE SET; Schema: public; Owner: navis
--

SELECT pg_catalog.setval('public.main_post_id_seq', 112, true);


--
-- Name: main_slider_id_seq; Type: SEQUENCE SET; Schema: public; Owner: navis
--

SELECT pg_catalog.setval('public.main_slider_id_seq', 8, true);


--
-- Name: main_statedetail_id_seq; Type: SEQUENCE SET; Schema: public; Owner: navis
--

SELECT pg_catalog.setval('public.main_statedetail_id_seq', 78, true);


--
-- Name: main_subcategory_id_seq; Type: SEQUENCE SET; Schema: public; Owner: navis
--

SELECT pg_catalog.setval('public.main_subcategory_id_seq', 37, true);


--
-- Name: users_user_groups_id_seq; Type: SEQUENCE SET; Schema: public; Owner: navis
--

SELECT pg_catalog.setval('public.users_user_groups_id_seq', 3, true);


--
-- Name: users_user_id_seq; Type: SEQUENCE SET; Schema: public; Owner: navis
--

SELECT pg_catalog.setval('public.users_user_id_seq', 10, true);


--
-- Name: users_user_user_permissions_id_seq; Type: SEQUENCE SET; Schema: public; Owner: navis
--

SELECT pg_catalog.setval('public.users_user_user_permissions_id_seq', 255, true);


--
-- Name: auth_group auth_group_name_key; Type: CONSTRAINT; Schema: public; Owner: navis
--

ALTER TABLE ONLY public.auth_group
    ADD CONSTRAINT auth_group_name_key UNIQUE (name);


--
-- Name: auth_group_permissions auth_group_permissions_group_id_permission_id_0cd325b0_uniq; Type: CONSTRAINT; Schema: public; Owner: navis
--

ALTER TABLE ONLY public.auth_group_permissions
    ADD CONSTRAINT auth_group_permissions_group_id_permission_id_0cd325b0_uniq UNIQUE (group_id, permission_id);


--
-- Name: auth_group_permissions auth_group_permissions_pkey; Type: CONSTRAINT; Schema: public; Owner: navis
--

ALTER TABLE ONLY public.auth_group_permissions
    ADD CONSTRAINT auth_group_permissions_pkey PRIMARY KEY (id);


--
-- Name: auth_group auth_group_pkey; Type: CONSTRAINT; Schema: public; Owner: navis
--

ALTER TABLE ONLY public.auth_group
    ADD CONSTRAINT auth_group_pkey PRIMARY KEY (id);


--
-- Name: auth_permission auth_permission_content_type_id_codename_01ab375a_uniq; Type: CONSTRAINT; Schema: public; Owner: navis
--

ALTER TABLE ONLY public.auth_permission
    ADD CONSTRAINT auth_permission_content_type_id_codename_01ab375a_uniq UNIQUE (content_type_id, codename);


--
-- Name: auth_permission auth_permission_pkey; Type: CONSTRAINT; Schema: public; Owner: navis
--

ALTER TABLE ONLY public.auth_permission
    ADD CONSTRAINT auth_permission_pkey PRIMARY KEY (id);


--
-- Name: auth_user_groups auth_user_groups_pkey; Type: CONSTRAINT; Schema: public; Owner: navis
--

ALTER TABLE ONLY public.auth_user_groups
    ADD CONSTRAINT auth_user_groups_pkey PRIMARY KEY (id);


--
-- Name: auth_user_groups auth_user_groups_user_id_group_id_94350c0c_uniq; Type: CONSTRAINT; Schema: public; Owner: navis
--

ALTER TABLE ONLY public.auth_user_groups
    ADD CONSTRAINT auth_user_groups_user_id_group_id_94350c0c_uniq UNIQUE (user_id, group_id);


--
-- Name: auth_user auth_user_pkey; Type: CONSTRAINT; Schema: public; Owner: navis
--

ALTER TABLE ONLY public.auth_user
    ADD CONSTRAINT auth_user_pkey PRIMARY KEY (id);


--
-- Name: auth_user_user_permissions auth_user_user_permissions_pkey; Type: CONSTRAINT; Schema: public; Owner: navis
--

ALTER TABLE ONLY public.auth_user_user_permissions
    ADD CONSTRAINT auth_user_user_permissions_pkey PRIMARY KEY (id);


--
-- Name: auth_user_user_permissions auth_user_user_permissions_user_id_permission_id_14a6b632_uniq; Type: CONSTRAINT; Schema: public; Owner: navis
--

ALTER TABLE ONLY public.auth_user_user_permissions
    ADD CONSTRAINT auth_user_user_permissions_user_id_permission_id_14a6b632_uniq UNIQUE (user_id, permission_id);


--
-- Name: auth_user auth_user_username_key; Type: CONSTRAINT; Schema: public; Owner: navis
--

ALTER TABLE ONLY public.auth_user
    ADD CONSTRAINT auth_user_username_key UNIQUE (username);


--
-- Name: django_admin_log django_admin_log_pkey; Type: CONSTRAINT; Schema: public; Owner: navis
--

ALTER TABLE ONLY public.django_admin_log
    ADD CONSTRAINT django_admin_log_pkey PRIMARY KEY (id);


--
-- Name: django_content_type django_content_type_app_label_model_76bd3d3b_uniq; Type: CONSTRAINT; Schema: public; Owner: navis
--

ALTER TABLE ONLY public.django_content_type
    ADD CONSTRAINT django_content_type_app_label_model_76bd3d3b_uniq UNIQUE (app_label, model);


--
-- Name: django_content_type django_content_type_pkey; Type: CONSTRAINT; Schema: public; Owner: navis
--

ALTER TABLE ONLY public.django_content_type
    ADD CONSTRAINT django_content_type_pkey PRIMARY KEY (id);


--
-- Name: django_migrations django_migrations_pkey; Type: CONSTRAINT; Schema: public; Owner: navis
--

ALTER TABLE ONLY public.django_migrations
    ADD CONSTRAINT django_migrations_pkey PRIMARY KEY (id);


--
-- Name: django_session django_session_pkey; Type: CONSTRAINT; Schema: public; Owner: navis
--

ALTER TABLE ONLY public.django_session
    ADD CONSTRAINT django_session_pkey PRIMARY KEY (session_key);


--
-- Name: main_category main_category_pkey; Type: CONSTRAINT; Schema: public; Owner: navis
--

ALTER TABLE ONLY public.main_category
    ADD CONSTRAINT main_category_pkey PRIMARY KEY (id);


--
-- Name: main_comments main_comments_pkey; Type: CONSTRAINT; Schema: public; Owner: navis
--

ALTER TABLE ONLY public.main_comments
    ADD CONSTRAINT main_comments_pkey PRIMARY KEY (id);


--
-- Name: main_post main_post_pkey; Type: CONSTRAINT; Schema: public; Owner: navis
--

ALTER TABLE ONLY public.main_post
    ADD CONSTRAINT main_post_pkey PRIMARY KEY (id);


--
-- Name: main_post main_post_slug_key; Type: CONSTRAINT; Schema: public; Owner: navis
--

ALTER TABLE ONLY public.main_post
    ADD CONSTRAINT main_post_slug_key UNIQUE (slug);


--
-- Name: main_slider main_slider_pkey; Type: CONSTRAINT; Schema: public; Owner: navis
--

ALTER TABLE ONLY public.main_slider
    ADD CONSTRAINT main_slider_pkey PRIMARY KEY (id);


--
-- Name: main_postdetail main_statedetail_pkey; Type: CONSTRAINT; Schema: public; Owner: navis
--

ALTER TABLE ONLY public.main_postdetail
    ADD CONSTRAINT main_statedetail_pkey PRIMARY KEY (id);


--
-- Name: main_subcategory main_subcategory_pkey; Type: CONSTRAINT; Schema: public; Owner: navis
--

ALTER TABLE ONLY public.main_subcategory
    ADD CONSTRAINT main_subcategory_pkey PRIMARY KEY (id);


--
-- Name: users_user_groups users_user_groups_pkey; Type: CONSTRAINT; Schema: public; Owner: navis
--

ALTER TABLE ONLY public.users_user_groups
    ADD CONSTRAINT users_user_groups_pkey PRIMARY KEY (id);


--
-- Name: users_user_groups users_user_groups_user_id_group_id_b88eab82_uniq; Type: CONSTRAINT; Schema: public; Owner: navis
--

ALTER TABLE ONLY public.users_user_groups
    ADD CONSTRAINT users_user_groups_user_id_group_id_b88eab82_uniq UNIQUE (user_id, group_id);


--
-- Name: users_user users_user_phone_key; Type: CONSTRAINT; Schema: public; Owner: navis
--

ALTER TABLE ONLY public.users_user
    ADD CONSTRAINT users_user_phone_key UNIQUE (phone);


--
-- Name: users_user users_user_pkey; Type: CONSTRAINT; Schema: public; Owner: navis
--

ALTER TABLE ONLY public.users_user
    ADD CONSTRAINT users_user_pkey PRIMARY KEY (id);


--
-- Name: users_user_user_permissions users_user_user_permissions_pkey; Type: CONSTRAINT; Schema: public; Owner: navis
--

ALTER TABLE ONLY public.users_user_user_permissions
    ADD CONSTRAINT users_user_user_permissions_pkey PRIMARY KEY (id);


--
-- Name: users_user_user_permissions users_user_user_permissions_user_id_permission_id_43338c45_uniq; Type: CONSTRAINT; Schema: public; Owner: navis
--

ALTER TABLE ONLY public.users_user_user_permissions
    ADD CONSTRAINT users_user_user_permissions_user_id_permission_id_43338c45_uniq UNIQUE (user_id, permission_id);


--
-- Name: auth_group_name_a6ea08ec_like; Type: INDEX; Schema: public; Owner: navis
--

CREATE INDEX auth_group_name_a6ea08ec_like ON public.auth_group USING btree (name varchar_pattern_ops);


--
-- Name: auth_group_permissions_group_id_b120cbf9; Type: INDEX; Schema: public; Owner: navis
--

CREATE INDEX auth_group_permissions_group_id_b120cbf9 ON public.auth_group_permissions USING btree (group_id);


--
-- Name: auth_group_permissions_permission_id_84c5c92e; Type: INDEX; Schema: public; Owner: navis
--

CREATE INDEX auth_group_permissions_permission_id_84c5c92e ON public.auth_group_permissions USING btree (permission_id);


--
-- Name: auth_permission_content_type_id_2f476e4b; Type: INDEX; Schema: public; Owner: navis
--

CREATE INDEX auth_permission_content_type_id_2f476e4b ON public.auth_permission USING btree (content_type_id);


--
-- Name: auth_user_groups_group_id_97559544; Type: INDEX; Schema: public; Owner: navis
--

CREATE INDEX auth_user_groups_group_id_97559544 ON public.auth_user_groups USING btree (group_id);


--
-- Name: auth_user_groups_user_id_6a12ed8b; Type: INDEX; Schema: public; Owner: navis
--

CREATE INDEX auth_user_groups_user_id_6a12ed8b ON public.auth_user_groups USING btree (user_id);


--
-- Name: auth_user_user_permissions_permission_id_1fbb5f2c; Type: INDEX; Schema: public; Owner: navis
--

CREATE INDEX auth_user_user_permissions_permission_id_1fbb5f2c ON public.auth_user_user_permissions USING btree (permission_id);


--
-- Name: auth_user_user_permissions_user_id_a95ead1b; Type: INDEX; Schema: public; Owner: navis
--

CREATE INDEX auth_user_user_permissions_user_id_a95ead1b ON public.auth_user_user_permissions USING btree (user_id);


--
-- Name: auth_user_username_6821ab7c_like; Type: INDEX; Schema: public; Owner: navis
--

CREATE INDEX auth_user_username_6821ab7c_like ON public.auth_user USING btree (username varchar_pattern_ops);


--
-- Name: django_admin_log_content_type_id_c4bce8eb; Type: INDEX; Schema: public; Owner: navis
--

CREATE INDEX django_admin_log_content_type_id_c4bce8eb ON public.django_admin_log USING btree (content_type_id);


--
-- Name: django_admin_log_user_id_c564eba6; Type: INDEX; Schema: public; Owner: navis
--

CREATE INDEX django_admin_log_user_id_c564eba6 ON public.django_admin_log USING btree (user_id);


--
-- Name: django_session_expire_date_a5c62663; Type: INDEX; Schema: public; Owner: navis
--

CREATE INDEX django_session_expire_date_a5c62663 ON public.django_session USING btree (expire_date);


--
-- Name: django_session_session_key_c0390e0f_like; Type: INDEX; Schema: public; Owner: navis
--

CREATE INDEX django_session_session_key_c0390e0f_like ON public.django_session USING btree (session_key varchar_pattern_ops);


--
-- Name: main_category_last_id_0883b7df; Type: INDEX; Schema: public; Owner: navis
--

CREATE INDEX main_category_last_id_0883b7df ON public.main_category USING btree (last_id);


--
-- Name: main_category_slug_7ae6758d; Type: INDEX; Schema: public; Owner: navis
--

CREATE INDEX main_category_slug_7ae6758d ON public.main_category USING btree (slug);


--
-- Name: main_category_slug_7ae6758d_like; Type: INDEX; Schema: public; Owner: navis
--

CREATE INDEX main_category_slug_7ae6758d_like ON public.main_category USING btree (slug varchar_pattern_ops);


--
-- Name: main_comments_post_id_341fa7cd; Type: INDEX; Schema: public; Owner: navis
--

CREATE INDEX main_comments_post_id_341fa7cd ON public.main_comments USING btree (post_id);


--
-- Name: main_post_cat_id_058ec943; Type: INDEX; Schema: public; Owner: navis
--

CREATE INDEX main_post_cat_id_058ec943 ON public.main_post USING btree (cat_id);


--
-- Name: main_post_last_id_79a1ae6f; Type: INDEX; Schema: public; Owner: navis
--

CREATE INDEX main_post_last_id_79a1ae6f ON public.main_post USING btree (last_id);


--
-- Name: main_post_slug_c8e86538_like; Type: INDEX; Schema: public; Owner: navis
--

CREATE INDEX main_post_slug_c8e86538_like ON public.main_post USING btree (slug varchar_pattern_ops);


--
-- Name: main_post_sub_cat_id_4791407e; Type: INDEX; Schema: public; Owner: navis
--

CREATE INDEX main_post_sub_cat_id_4791407e ON public.main_post USING btree (sub_cat_id);


--
-- Name: main_post_user_id_313f9722; Type: INDEX; Schema: public; Owner: navis
--

CREATE INDEX main_post_user_id_313f9722 ON public.main_post USING btree (user_id);


--
-- Name: main_slider_last_id_764488e2; Type: INDEX; Schema: public; Owner: navis
--

CREATE INDEX main_slider_last_id_764488e2 ON public.main_slider USING btree (last_id);


--
-- Name: main_statedetail_main_id_9837120b; Type: INDEX; Schema: public; Owner: navis
--

CREATE INDEX main_statedetail_main_id_9837120b ON public.main_postdetail USING btree (main_id);


--
-- Name: main_subcategory_cat_id_a4d2397f; Type: INDEX; Schema: public; Owner: navis
--

CREATE INDEX main_subcategory_cat_id_a4d2397f ON public.main_subcategory USING btree (cat_id);


--
-- Name: main_subcategory_slug_22db0743; Type: INDEX; Schema: public; Owner: navis
--

CREATE INDEX main_subcategory_slug_22db0743 ON public.main_subcategory USING btree (slug);


--
-- Name: main_subcategory_slug_22db0743_like; Type: INDEX; Schema: public; Owner: navis
--

CREATE INDEX main_subcategory_slug_22db0743_like ON public.main_subcategory USING btree (slug varchar_pattern_ops);


--
-- Name: users_user_groups_group_id_9afc8d0e; Type: INDEX; Schema: public; Owner: navis
--

CREATE INDEX users_user_groups_group_id_9afc8d0e ON public.users_user_groups USING btree (group_id);


--
-- Name: users_user_groups_user_id_5f6f5a90; Type: INDEX; Schema: public; Owner: navis
--

CREATE INDEX users_user_groups_user_id_5f6f5a90 ON public.users_user_groups USING btree (user_id);


--
-- Name: users_user_phone_fe37f55c_like; Type: INDEX; Schema: public; Owner: navis
--

CREATE INDEX users_user_phone_fe37f55c_like ON public.users_user USING btree (phone varchar_pattern_ops);


--
-- Name: users_user_user_permissions_permission_id_0b93982e; Type: INDEX; Schema: public; Owner: navis
--

CREATE INDEX users_user_user_permissions_permission_id_0b93982e ON public.users_user_user_permissions USING btree (permission_id);


--
-- Name: users_user_user_permissions_user_id_20aca447; Type: INDEX; Schema: public; Owner: navis
--

CREATE INDEX users_user_user_permissions_user_id_20aca447 ON public.users_user_user_permissions USING btree (user_id);


--
-- Name: auth_group_permissions auth_group_permissio_permission_id_84c5c92e_fk_auth_perm; Type: FK CONSTRAINT; Schema: public; Owner: navis
--

ALTER TABLE ONLY public.auth_group_permissions
    ADD CONSTRAINT auth_group_permissio_permission_id_84c5c92e_fk_auth_perm FOREIGN KEY (permission_id) REFERENCES public.auth_permission(id) DEFERRABLE INITIALLY DEFERRED;


--
-- Name: auth_group_permissions auth_group_permissions_group_id_b120cbf9_fk_auth_group_id; Type: FK CONSTRAINT; Schema: public; Owner: navis
--

ALTER TABLE ONLY public.auth_group_permissions
    ADD CONSTRAINT auth_group_permissions_group_id_b120cbf9_fk_auth_group_id FOREIGN KEY (group_id) REFERENCES public.auth_group(id) DEFERRABLE INITIALLY DEFERRED;


--
-- Name: auth_permission auth_permission_content_type_id_2f476e4b_fk_django_co; Type: FK CONSTRAINT; Schema: public; Owner: navis
--

ALTER TABLE ONLY public.auth_permission
    ADD CONSTRAINT auth_permission_content_type_id_2f476e4b_fk_django_co FOREIGN KEY (content_type_id) REFERENCES public.django_content_type(id) DEFERRABLE INITIALLY DEFERRED;


--
-- Name: auth_user_groups auth_user_groups_group_id_97559544_fk_auth_group_id; Type: FK CONSTRAINT; Schema: public; Owner: navis
--

ALTER TABLE ONLY public.auth_user_groups
    ADD CONSTRAINT auth_user_groups_group_id_97559544_fk_auth_group_id FOREIGN KEY (group_id) REFERENCES public.auth_group(id) DEFERRABLE INITIALLY DEFERRED;


--
-- Name: auth_user_groups auth_user_groups_user_id_6a12ed8b_fk_auth_user_id; Type: FK CONSTRAINT; Schema: public; Owner: navis
--

ALTER TABLE ONLY public.auth_user_groups
    ADD CONSTRAINT auth_user_groups_user_id_6a12ed8b_fk_auth_user_id FOREIGN KEY (user_id) REFERENCES public.auth_user(id) DEFERRABLE INITIALLY DEFERRED;


--
-- Name: auth_user_user_permissions auth_user_user_permi_permission_id_1fbb5f2c_fk_auth_perm; Type: FK CONSTRAINT; Schema: public; Owner: navis
--

ALTER TABLE ONLY public.auth_user_user_permissions
    ADD CONSTRAINT auth_user_user_permi_permission_id_1fbb5f2c_fk_auth_perm FOREIGN KEY (permission_id) REFERENCES public.auth_permission(id) DEFERRABLE INITIALLY DEFERRED;


--
-- Name: auth_user_user_permissions auth_user_user_permissions_user_id_a95ead1b_fk_auth_user_id; Type: FK CONSTRAINT; Schema: public; Owner: navis
--

ALTER TABLE ONLY public.auth_user_user_permissions
    ADD CONSTRAINT auth_user_user_permissions_user_id_a95ead1b_fk_auth_user_id FOREIGN KEY (user_id) REFERENCES public.auth_user(id) DEFERRABLE INITIALLY DEFERRED;


--
-- Name: django_admin_log django_admin_log_content_type_id_c4bce8eb_fk_django_co; Type: FK CONSTRAINT; Schema: public; Owner: navis
--

ALTER TABLE ONLY public.django_admin_log
    ADD CONSTRAINT django_admin_log_content_type_id_c4bce8eb_fk_django_co FOREIGN KEY (content_type_id) REFERENCES public.django_content_type(id) DEFERRABLE INITIALLY DEFERRED;


--
-- Name: django_admin_log django_admin_log_user_id_c564eba6_fk_auth_user_id; Type: FK CONSTRAINT; Schema: public; Owner: navis
--

ALTER TABLE ONLY public.django_admin_log
    ADD CONSTRAINT django_admin_log_user_id_c564eba6_fk_auth_user_id FOREIGN KEY (user_id) REFERENCES public.auth_user(id) DEFERRABLE INITIALLY DEFERRED;


--
-- Name: main_category main_category_last_id_0883b7df_fk_main_category_id; Type: FK CONSTRAINT; Schema: public; Owner: navis
--

ALTER TABLE ONLY public.main_category
    ADD CONSTRAINT main_category_last_id_0883b7df_fk_main_category_id FOREIGN KEY (last_id) REFERENCES public.main_category(id) DEFERRABLE INITIALLY DEFERRED;


--
-- Name: main_comments main_comments_post_id_341fa7cd_fk_main_post_id; Type: FK CONSTRAINT; Schema: public; Owner: navis
--

ALTER TABLE ONLY public.main_comments
    ADD CONSTRAINT main_comments_post_id_341fa7cd_fk_main_post_id FOREIGN KEY (post_id) REFERENCES public.main_post(id) DEFERRABLE INITIALLY DEFERRED;


--
-- Name: main_post main_post_cat_id_058ec943_fk_main_category_id; Type: FK CONSTRAINT; Schema: public; Owner: navis
--

ALTER TABLE ONLY public.main_post
    ADD CONSTRAINT main_post_cat_id_058ec943_fk_main_category_id FOREIGN KEY (cat_id) REFERENCES public.main_category(id) DEFERRABLE INITIALLY DEFERRED;


--
-- Name: main_post main_post_last_id_79a1ae6f_fk_main_post_id; Type: FK CONSTRAINT; Schema: public; Owner: navis
--

ALTER TABLE ONLY public.main_post
    ADD CONSTRAINT main_post_last_id_79a1ae6f_fk_main_post_id FOREIGN KEY (last_id) REFERENCES public.main_post(id) DEFERRABLE INITIALLY DEFERRED;


--
-- Name: main_post main_post_sub_cat_id_4791407e_fk_main_subcategory_id; Type: FK CONSTRAINT; Schema: public; Owner: navis
--

ALTER TABLE ONLY public.main_post
    ADD CONSTRAINT main_post_sub_cat_id_4791407e_fk_main_subcategory_id FOREIGN KEY (sub_cat_id) REFERENCES public.main_subcategory(id) DEFERRABLE INITIALLY DEFERRED;


--
-- Name: main_post main_post_user_id_313f9722_fk_auth_user_id; Type: FK CONSTRAINT; Schema: public; Owner: navis
--

ALTER TABLE ONLY public.main_post
    ADD CONSTRAINT main_post_user_id_313f9722_fk_auth_user_id FOREIGN KEY (user_id) REFERENCES public.auth_user(id) DEFERRABLE INITIALLY DEFERRED;


--
-- Name: main_slider main_slider_last_id_764488e2_fk_main_slider_id; Type: FK CONSTRAINT; Schema: public; Owner: navis
--

ALTER TABLE ONLY public.main_slider
    ADD CONSTRAINT main_slider_last_id_764488e2_fk_main_slider_id FOREIGN KEY (last_id) REFERENCES public.main_slider(id) DEFERRABLE INITIALLY DEFERRED;


--
-- Name: main_subcategory main_subcategory_cat_id_a4d2397f_fk_main_category_id; Type: FK CONSTRAINT; Schema: public; Owner: navis
--

ALTER TABLE ONLY public.main_subcategory
    ADD CONSTRAINT main_subcategory_cat_id_a4d2397f_fk_main_category_id FOREIGN KEY (cat_id) REFERENCES public.main_category(id) DEFERRABLE INITIALLY DEFERRED;


--
-- Name: users_user_groups users_user_groups_group_id_9afc8d0e_fk_auth_group_id; Type: FK CONSTRAINT; Schema: public; Owner: navis
--

ALTER TABLE ONLY public.users_user_groups
    ADD CONSTRAINT users_user_groups_group_id_9afc8d0e_fk_auth_group_id FOREIGN KEY (group_id) REFERENCES public.auth_group(id) DEFERRABLE INITIALLY DEFERRED;


--
-- Name: users_user_groups users_user_groups_user_id_5f6f5a90_fk_users_user_id; Type: FK CONSTRAINT; Schema: public; Owner: navis
--

ALTER TABLE ONLY public.users_user_groups
    ADD CONSTRAINT users_user_groups_user_id_5f6f5a90_fk_users_user_id FOREIGN KEY (user_id) REFERENCES public.users_user(id) DEFERRABLE INITIALLY DEFERRED;


--
-- Name: users_user_user_permissions users_user_user_perm_permission_id_0b93982e_fk_auth_perm; Type: FK CONSTRAINT; Schema: public; Owner: navis
--

ALTER TABLE ONLY public.users_user_user_permissions
    ADD CONSTRAINT users_user_user_perm_permission_id_0b93982e_fk_auth_perm FOREIGN KEY (permission_id) REFERENCES public.auth_permission(id) DEFERRABLE INITIALLY DEFERRED;


--
-- Name: users_user_user_permissions users_user_user_permissions_user_id_20aca447_fk_users_user_id; Type: FK CONSTRAINT; Schema: public; Owner: navis
--

ALTER TABLE ONLY public.users_user_user_permissions
    ADD CONSTRAINT users_user_user_permissions_user_id_20aca447_fk_users_user_id FOREIGN KEY (user_id) REFERENCES public.users_user(id) DEFERRABLE INITIALLY DEFERRED;


--
-- PostgreSQL database dump complete
--

