--
-- PostgreSQL database dump
--

-- Dumped from database version 14.11 (Ubuntu 14.11-0ubuntu0.22.04.1)
-- Dumped by pg_dump version 14.11 (Ubuntu 14.11-0ubuntu0.22.04.1)

SET statement_timeout = 0;
SET lock_timeout = 0;
SET idle_in_transaction_session_timeout = 0;
SET client_encoding = 'UTF8';
SET standard_conforming_strings = on;
SELECT pg_catalog.set_config('search_path', '', false);
SET check_function_bodies = false;
SET xmloption = content;
SET client_min_messages = warning;
SET row_security = off;

SET default_tablespace = '';

SET default_table_access_method = heap;

--
-- Name: auth_group; Type: TABLE; Schema: public; Owner: navis
--

CREATE TABLE public.auth_group (
    id integer NOT NULL,
    name character varying(150) NOT NULL
);


ALTER TABLE public.auth_group OWNER TO navis;

--
-- Name: auth_group_id_seq; Type: SEQUENCE; Schema: public; Owner: navis
--

ALTER TABLE public.auth_group ALTER COLUMN id ADD GENERATED BY DEFAULT AS IDENTITY (
    SEQUENCE NAME public.auth_group_id_seq
    START WITH 1
    INCREMENT BY 1
    NO MINVALUE
    NO MAXVALUE
    CACHE 1
);


--
-- Name: auth_group_permissions; Type: TABLE; Schema: public; Owner: navis
--

CREATE TABLE public.auth_group_permissions (
    id bigint NOT NULL,
    group_id integer NOT NULL,
    permission_id integer NOT NULL
);


ALTER TABLE public.auth_group_permissions OWNER TO navis;

--
-- Name: auth_group_permissions_id_seq; Type: SEQUENCE; Schema: public; Owner: navis
--

ALTER TABLE public.auth_group_permissions ALTER COLUMN id ADD GENERATED BY DEFAULT AS IDENTITY (
    SEQUENCE NAME public.auth_group_permissions_id_seq
    START WITH 1
    INCREMENT BY 1
    NO MINVALUE
    NO MAXVALUE
    CACHE 1
);


--
-- Name: auth_permission; Type: TABLE; Schema: public; Owner: navis
--

CREATE TABLE public.auth_permission (
    id integer NOT NULL,
    name character varying(255) NOT NULL,
    content_type_id integer NOT NULL,
    codename character varying(100) NOT NULL
);


ALTER TABLE public.auth_permission OWNER TO navis;

--
-- Name: auth_permission_id_seq; Type: SEQUENCE; Schema: public; Owner: navis
--

ALTER TABLE public.auth_permission ALTER COLUMN id ADD GENERATED BY DEFAULT AS IDENTITY (
    SEQUENCE NAME public.auth_permission_id_seq
    START WITH 1
    INCREMENT BY 1
    NO MINVALUE
    NO MAXVALUE
    CACHE 1
);


--
-- Name: auth_user; Type: TABLE; Schema: public; Owner: navis
--

CREATE TABLE public.auth_user (
    id integer NOT NULL,
    password character varying(128) NOT NULL,
    last_login timestamp with time zone,
    is_superuser boolean NOT NULL,
    username character varying(150) NOT NULL,
    first_name character varying(150) NOT NULL,
    last_name character varying(150) NOT NULL,
    email character varying(254) NOT NULL,
    is_staff boolean NOT NULL,
    is_active boolean NOT NULL,
    date_joined timestamp with time zone NOT NULL
);


ALTER TABLE public.auth_user OWNER TO navis;

--
-- Name: auth_user_groups; Type: TABLE; Schema: public; Owner: navis
--

CREATE TABLE public.auth_user_groups (
    id bigint NOT NULL,
    user_id integer NOT NULL,
    group_id integer NOT NULL
);


ALTER TABLE public.auth_user_groups OWNER TO navis;

--
-- Name: auth_user_groups_id_seq; Type: SEQUENCE; Schema: public; Owner: navis
--

ALTER TABLE public.auth_user_groups ALTER COLUMN id ADD GENERATED BY DEFAULT AS IDENTITY (
    SEQUENCE NAME public.auth_user_groups_id_seq
    START WITH 1
    INCREMENT BY 1
    NO MINVALUE
    NO MAXVALUE
    CACHE 1
);


--
-- Name: auth_user_id_seq; Type: SEQUENCE; Schema: public; Owner: navis
--

ALTER TABLE public.auth_user ALTER COLUMN id ADD GENERATED BY DEFAULT AS IDENTITY (
    SEQUENCE NAME public.auth_user_id_seq
    START WITH 1
    INCREMENT BY 1
    NO MINVALUE
    NO MAXVALUE
    CACHE 1
);


--
-- Name: auth_user_user_permissions; Type: TABLE; Schema: public; Owner: navis
--

CREATE TABLE public.auth_user_user_permissions (
    id bigint NOT NULL,
    user_id integer NOT NULL,
    permission_id integer NOT NULL
);


ALTER TABLE public.auth_user_user_permissions OWNER TO navis;

--
-- Name: auth_user_user_permissions_id_seq; Type: SEQUENCE; Schema: public; Owner: navis
--

ALTER TABLE public.auth_user_user_permissions ALTER COLUMN id ADD GENERATED BY DEFAULT AS IDENTITY (
    SEQUENCE NAME public.auth_user_user_permissions_id_seq
    START WITH 1
    INCREMENT BY 1
    NO MINVALUE
    NO MAXVALUE
    CACHE 1
);


--
-- Name: django_admin_log; Type: TABLE; Schema: public; Owner: navis
--

CREATE TABLE public.django_admin_log (
    id integer NOT NULL,
    action_time timestamp with time zone NOT NULL,
    object_id text,
    object_repr character varying(200) NOT NULL,
    action_flag smallint NOT NULL,
    change_message text NOT NULL,
    content_type_id integer,
    user_id integer NOT NULL,
    CONSTRAINT django_admin_log_action_flag_check CHECK ((action_flag >= 0))
);


ALTER TABLE public.django_admin_log OWNER TO navis;

--
-- Name: django_admin_log_id_seq; Type: SEQUENCE; Schema: public; Owner: navis
--

ALTER TABLE public.django_admin_log ALTER COLUMN id ADD GENERATED BY DEFAULT AS IDENTITY (
    SEQUENCE NAME public.django_admin_log_id_seq
    START WITH 1
    INCREMENT BY 1
    NO MINVALUE
    NO MAXVALUE
    CACHE 1
);


--
-- Name: django_content_type; Type: TABLE; Schema: public; Owner: navis
--

CREATE TABLE public.django_content_type (
    id integer NOT NULL,
    app_label character varying(100) NOT NULL,
    model character varying(100) NOT NULL
);


ALTER TABLE public.django_content_type OWNER TO navis;

--
-- Name: django_content_type_id_seq; Type: SEQUENCE; Schema: public; Owner: navis
--

ALTER TABLE public.django_content_type ALTER COLUMN id ADD GENERATED BY DEFAULT AS IDENTITY (
    SEQUENCE NAME public.django_content_type_id_seq
    START WITH 1
    INCREMENT BY 1
    NO MINVALUE
    NO MAXVALUE
    CACHE 1
);


--
-- Name: django_migrations; Type: TABLE; Schema: public; Owner: navis
--

CREATE TABLE public.django_migrations (
    id bigint NOT NULL,
    app character varying(255) NOT NULL,
    name character varying(255) NOT NULL,
    applied timestamp with time zone NOT NULL
);


ALTER TABLE public.django_migrations OWNER TO navis;

--
-- Name: django_migrations_id_seq; Type: SEQUENCE; Schema: public; Owner: navis
--

ALTER TABLE public.django_migrations ALTER COLUMN id ADD GENERATED BY DEFAULT AS IDENTITY (
    SEQUENCE NAME public.django_migrations_id_seq
    START WITH 1
    INCREMENT BY 1
    NO MINVALUE
    NO MAXVALUE
    CACHE 1
);


--
-- Name: django_session; Type: TABLE; Schema: public; Owner: navis
--

CREATE TABLE public.django_session (
    session_key character varying(40) NOT NULL,
    session_data text NOT NULL,
    expire_date timestamp with time zone NOT NULL
);


ALTER TABLE public.django_session OWNER TO navis;

--
-- Name: home_about; Type: TABLE; Schema: public; Owner: navis
--

CREATE TABLE public.home_about (
    id bigint NOT NULL,
    slug character varying(50),
    category character varying(50),
    title character varying(100),
    img character varying(100),
    last_mood date
);


ALTER TABLE public.home_about OWNER TO navis;

--
-- Name: home_about_id_seq; Type: SEQUENCE; Schema: public; Owner: navis
--

ALTER TABLE public.home_about ALTER COLUMN id ADD GENERATED BY DEFAULT AS IDENTITY (
    SEQUENCE NAME public.home_about_id_seq
    START WITH 1
    INCREMENT BY 1
    NO MINVALUE
    NO MAXVALUE
    CACHE 1
);


--
-- Name: home_aboutdetail; Type: TABLE; Schema: public; Owner: navis
--

CREATE TABLE public.home_aboutdetail (
    id bigint NOT NULL,
    slug character varying(50),
    title character varying(100),
    description text NOT NULL,
    img character varying(100),
    last_mood date,
    category_id bigint
);


ALTER TABLE public.home_aboutdetail OWNER TO navis;

--
-- Name: home_aboutdetail_id_seq; Type: SEQUENCE; Schema: public; Owner: navis
--

ALTER TABLE public.home_aboutdetail ALTER COLUMN id ADD GENERATED BY DEFAULT AS IDENTITY (
    SEQUENCE NAME public.home_aboutdetail_id_seq
    START WITH 1
    INCREMENT BY 1
    NO MINVALUE
    NO MAXVALUE
    CACHE 1
);


--
-- Name: main_category; Type: TABLE; Schema: public; Owner: navis
--

CREATE TABLE public.main_category (
    id bigint NOT NULL,
    name character varying(255)
);


ALTER TABLE public.main_category OWNER TO navis;

--
-- Name: main_category_id_seq; Type: SEQUENCE; Schema: public; Owner: navis
--

ALTER TABLE public.main_category ALTER COLUMN id ADD GENERATED BY DEFAULT AS IDENTITY (
    SEQUENCE NAME public.main_category_id_seq
    START WITH 1
    INCREMENT BY 1
    NO MINVALUE
    NO MAXVALUE
    CACHE 1
);


--
-- Name: main_header; Type: TABLE; Schema: public; Owner: navis
--

CREATE TABLE public.main_header (
    id bigint NOT NULL,
    title character varying(255) NOT NULL
);


ALTER TABLE public.main_header OWNER TO navis;

--
-- Name: main_header_id_seq; Type: SEQUENCE; Schema: public; Owner: navis
--

ALTER TABLE public.main_header ALTER COLUMN id ADD GENERATED BY DEFAULT AS IDENTITY (
    SEQUENCE NAME public.main_header_id_seq
    START WITH 1
    INCREMENT BY 1
    NO MINVALUE
    NO MAXVALUE
    CACHE 1
);


--
-- Name: main_resident; Type: TABLE; Schema: public; Owner: navis
--

CREATE TABLE public.main_resident (
    id bigint NOT NULL,
    slug character varying(50),
    image character varying(100) NOT NULL,
    title character varying(255),
    lang character varying(2555),
    data date,
    updated_at timestamp with time zone NOT NULL,
    last_mod timestamp with time zone NOT NULL,
    save_state boolean NOT NULL,
    category_id bigint NOT NULL,
    header_id bigint NOT NULL,
    name_id bigint
);


ALTER TABLE public.main_resident OWNER TO navis;

--
-- Name: main_resident_id_seq; Type: SEQUENCE; Schema: public; Owner: navis
--

ALTER TABLE public.main_resident ALTER COLUMN id ADD GENERATED BY DEFAULT AS IDENTITY (
    SEQUENCE NAME public.main_resident_id_seq
    START WITH 1
    INCREMENT BY 1
    NO MINVALUE
    NO MAXVALUE
    CACHE 1
);


--
-- Name: main_residentdetail; Type: TABLE; Schema: public; Owner: navis
--

CREATE TABLE public.main_residentdetail (
    id bigint NOT NULL,
    description text,
    key_id bigint NOT NULL
);


ALTER TABLE public.main_residentdetail OWNER TO navis;

--
-- Name: main_residentdetail_id_seq; Type: SEQUENCE; Schema: public; Owner: navis
--

ALTER TABLE public.main_residentdetail ALTER COLUMN id ADD GENERATED BY DEFAULT AS IDENTITY (
    SEQUENCE NAME public.main_residentdetail_id_seq
    START WITH 1
    INCREMENT BY 1
    NO MINVALUE
    NO MAXVALUE
    CACHE 1
);


--
-- Name: main_slider; Type: TABLE; Schema: public; Owner: navis
--

CREATE TABLE public.main_slider (
    id bigint NOT NULL,
    image character varying(100) NOT NULL,
    title character varying(255),
    description character varying(255)
);


ALTER TABLE public.main_slider OWNER TO navis;

--
-- Name: main_slider_id_seq; Type: SEQUENCE; Schema: public; Owner: navis
--

ALTER TABLE public.main_slider ALTER COLUMN id ADD GENERATED BY DEFAULT AS IDENTITY (
    SEQUENCE NAME public.main_slider_id_seq
    START WITH 1
    INCREMENT BY 1
    NO MINVALUE
    NO MAXVALUE
    CACHE 1
);


--
-- Name: main_subcategory; Type: TABLE; Schema: public; Owner: navis
--

CREATE TABLE public.main_subcategory (
    id bigint NOT NULL,
    slug character varying(50),
    title character varying(100) NOT NULL,
    category_id bigint NOT NULL
);


ALTER TABLE public.main_subcategory OWNER TO navis;

--
-- Name: main_subcategory_id_seq; Type: SEQUENCE; Schema: public; Owner: navis
--

ALTER TABLE public.main_subcategory ALTER COLUMN id ADD GENERATED BY DEFAULT AS IDENTITY (
    SEQUENCE NAME public.main_subcategory_id_seq
    START WITH 1
    INCREMENT BY 1
    NO MINVALUE
    NO MAXVALUE
    CACHE 1
);


--
-- Name: main_subheader; Type: TABLE; Schema: public; Owner: navis
--

CREATE TABLE public.main_subheader (
    id bigint NOT NULL,
    slug character varying(50),
    title character varying(255),
    key_id bigint NOT NULL
);


ALTER TABLE public.main_subheader OWNER TO navis;

--
-- Name: main_subheader_id_seq; Type: SEQUENCE; Schema: public; Owner: navis
--

ALTER TABLE public.main_subheader ALTER COLUMN id ADD GENERATED BY DEFAULT AS IDENTITY (
    SEQUENCE NAME public.main_subheader_id_seq
    START WITH 1
    INCREMENT BY 1
    NO MINVALUE
    NO MAXVALUE
    CACHE 1
);


--
-- Name: users_user; Type: TABLE; Schema: public; Owner: navis
--

CREATE TABLE public.users_user (
    id bigint NOT NULL,
    password character varying(128) NOT NULL,
    last_login timestamp with time zone,
    is_superuser boolean NOT NULL,
    username character varying(150) NOT NULL,
    first_name character varying(150) NOT NULL,
    last_name character varying(150) NOT NULL,
    email character varying(254) NOT NULL,
    is_staff boolean NOT NULL,
    is_active boolean NOT NULL,
    date_joined timestamp with time zone NOT NULL,
    phone character varying(30) NOT NULL,
    user_type character varying(100) NOT NULL,
    code integer,
    activated boolean NOT NULL
);


ALTER TABLE public.users_user OWNER TO navis;

--
-- Name: users_user_groups; Type: TABLE; Schema: public; Owner: navis
--

CREATE TABLE public.users_user_groups (
    id bigint NOT NULL,
    user_id bigint NOT NULL,
    group_id integer NOT NULL
);


ALTER TABLE public.users_user_groups OWNER TO navis;

--
-- Name: users_user_groups_id_seq; Type: SEQUENCE; Schema: public; Owner: navis
--

ALTER TABLE public.users_user_groups ALTER COLUMN id ADD GENERATED BY DEFAULT AS IDENTITY (
    SEQUENCE NAME public.users_user_groups_id_seq
    START WITH 1
    INCREMENT BY 1
    NO MINVALUE
    NO MAXVALUE
    CACHE 1
);


--
-- Name: users_user_id_seq; Type: SEQUENCE; Schema: public; Owner: navis
--

ALTER TABLE public.users_user ALTER COLUMN id ADD GENERATED BY DEFAULT AS IDENTITY (
    SEQUENCE NAME public.users_user_id_seq
    START WITH 1
    INCREMENT BY 1
    NO MINVALUE
    NO MAXVALUE
    CACHE 1
);


--
-- Name: users_user_user_permissions; Type: TABLE; Schema: public; Owner: navis
--

CREATE TABLE public.users_user_user_permissions (
    id bigint NOT NULL,
    user_id bigint NOT NULL,
    permission_id integer NOT NULL
);


ALTER TABLE public.users_user_user_permissions OWNER TO navis;

--
-- Name: users_user_user_permissions_id_seq; Type: SEQUENCE; Schema: public; Owner: navis
--

ALTER TABLE public.users_user_user_permissions ALTER COLUMN id ADD GENERATED BY DEFAULT AS IDENTITY (
    SEQUENCE NAME public.users_user_user_permissions_id_seq
    START WITH 1
    INCREMENT BY 1
    NO MINVALUE
    NO MAXVALUE
    CACHE 1
);


--
-- Data for Name: auth_group; Type: TABLE DATA; Schema: public; Owner: navis
--

COPY public.auth_group (id, name) FROM stdin;
\.


--
-- Data for Name: auth_group_permissions; Type: TABLE DATA; Schema: public; Owner: navis
--

COPY public.auth_group_permissions (id, group_id, permission_id) FROM stdin;
\.


--
-- Data for Name: auth_permission; Type: TABLE DATA; Schema: public; Owner: navis
--

COPY public.auth_permission (id, name, content_type_id, codename) FROM stdin;
1	Can add log entry	1	add_logentry
2	Can change log entry	1	change_logentry
3	Can delete log entry	1	delete_logentry
4	Can view log entry	1	view_logentry
5	Can add permission	2	add_permission
6	Can change permission	2	change_permission
7	Can delete permission	2	delete_permission
8	Can view permission	2	view_permission
9	Can add group	3	add_group
10	Can change group	3	change_group
11	Can delete group	3	delete_group
12	Can view group	3	view_group
13	Can add user	4	add_user
14	Can change user	4	change_user
15	Can delete user	4	delete_user
16	Can view user	4	view_user
17	Can add content type	5	add_contenttype
18	Can change content type	5	change_contenttype
19	Can delete content type	5	delete_contenttype
20	Can view content type	5	view_contenttype
21	Can add session	6	add_session
22	Can change session	6	change_session
23	Can delete session	6	delete_session
24	Can view session	6	view_session
25	Can add user	7	add_user
26	Can change user	7	change_user
27	Can delete user	7	delete_user
28	Can view user	7	view_user
29	Can add 	8	add_category
30	Can change 	8	change_category
31	Can delete 	8	delete_category
32	Can view 	8	view_category
33	Can add header	9	add_header
34	Can change header	9	change_header
35	Can delete header	9	delete_header
36	Can view header	9	view_header
37	Can add 	10	add_resident
38	Can change 	10	change_resident
39	Can delete 	10	delete_resident
40	Can view 	10	view_resident
41	Can add 	11	add_slider
42	Can change 	11	change_slider
43	Can delete 	11	delete_slider
44	Can view 	11	view_slider
45	Can add sub header	12	add_subheader
46	Can change sub header	12	change_subheader
47	Can delete sub header	12	delete_subheader
48	Can view sub header	12	view_subheader
49	Can add sub category	13	add_subcategory
50	Can change sub category	13	change_subcategory
51	Can delete sub category	13	delete_subcategory
52	Can view sub category	13	view_subcategory
53	Can add Дополнительно	14	add_residentdetail
54	Can change Дополнительно	14	change_residentdetail
55	Can delete Дополнительно	14	delete_residentdetail
56	Can view Дополнительно	14	view_residentdetail
57	Can add 	15	add_about
58	Can change 	15	change_about
59	Can delete 	15	delete_about
60	Can view 	15	view_about
61	Can add 	16	add_aboutdetail
62	Can change 	16	change_aboutdetail
63	Can delete 	16	delete_aboutdetail
64	Can view 	16	view_aboutdetail
\.


--
-- Data for Name: auth_user; Type: TABLE DATA; Schema: public; Owner: navis
--

COPY public.auth_user (id, password, last_login, is_superuser, username, first_name, last_name, email, is_staff, is_active, date_joined) FROM stdin;
1	pbkdf2_sha256$600000$L5YJJzpLQyF0yfNlZbF7n6$WpWuHX0SUIdwnjlBoBl7uCeT3rUPsTop2zbaYRdsffI=	2024-02-29 14:23:22.000457+00	t	admin				t	t	2024-02-29 14:19:49.756619+00
\.


--
-- Data for Name: auth_user_groups; Type: TABLE DATA; Schema: public; Owner: navis
--

COPY public.auth_user_groups (id, user_id, group_id) FROM stdin;
\.


--
-- Data for Name: auth_user_user_permissions; Type: TABLE DATA; Schema: public; Owner: navis
--

COPY public.auth_user_user_permissions (id, user_id, permission_id) FROM stdin;
\.


--
-- Data for Name: django_admin_log; Type: TABLE DATA; Schema: public; Owner: navis
--

COPY public.django_admin_log (id, action_time, object_id, object_repr, action_flag, change_message, content_type_id, user_id) FROM stdin;
\.


--
-- Data for Name: django_content_type; Type: TABLE DATA; Schema: public; Owner: navis
--

COPY public.django_content_type (id, app_label, model) FROM stdin;
1	admin	logentry
2	auth	permission
3	auth	group
4	auth	user
5	contenttypes	contenttype
6	sessions	session
7	users	user
8	main	category
9	main	header
10	main	resident
11	main	slider
12	main	subheader
13	main	subcategory
14	main	residentdetail
15	home	about
16	home	aboutdetail
\.


--
-- Data for Name: django_migrations; Type: TABLE DATA; Schema: public; Owner: navis
--

COPY public.django_migrations (id, app, name, applied) FROM stdin;
1	contenttypes	0001_initial	2024-02-29 14:18:35.508567+00
2	auth	0001_initial	2024-02-29 14:18:35.562318+00
3	admin	0001_initial	2024-02-29 14:18:35.58155+00
4	admin	0002_logentry_remove_auto_add	2024-02-29 14:18:35.590501+00
5	admin	0003_logentry_add_action_flag_choices	2024-02-29 14:18:35.598967+00
6	contenttypes	0002_remove_content_type_name	2024-02-29 14:18:35.616119+00
7	auth	0002_alter_permission_name_max_length	2024-02-29 14:18:35.624494+00
8	auth	0003_alter_user_email_max_length	2024-02-29 14:18:35.632411+00
9	auth	0004_alter_user_username_opts	2024-02-29 14:18:35.640219+00
10	auth	0005_alter_user_last_login_null	2024-02-29 14:18:35.648777+00
11	auth	0006_require_contenttypes_0002	2024-02-29 14:18:35.651621+00
12	auth	0007_alter_validators_add_error_messages	2024-02-29 14:18:35.66033+00
13	auth	0008_alter_user_username_max_length	2024-02-29 14:18:35.672119+00
14	auth	0009_alter_user_last_name_max_length	2024-02-29 14:18:35.682957+00
15	auth	0010_alter_group_name_max_length	2024-02-29 14:18:35.692174+00
16	auth	0011_update_proxy_permissions	2024-02-29 14:18:35.700302+00
17	auth	0012_alter_user_first_name_max_length	2024-02-29 14:18:35.708575+00
18	home	0001_initial	2024-02-29 14:18:35.728839+00
19	main	0001_initial	2024-02-29 14:18:35.793292+00
20	sessions	0001_initial	2024-02-29 14:18:35.804285+00
21	users	0001_initial	2024-02-29 14:18:35.841599+00
\.


--
-- Data for Name: django_session; Type: TABLE DATA; Schema: public; Owner: navis
--

COPY public.django_session (session_key, session_data, expire_date) FROM stdin;
qry5gu0o2azg0wcrf7rryy51uj42l1xm	.eJxVjDsOwjAQBe_iGln-xGugpOcM1q53gwPIluKkQtwdIqWA9s3Me6mE61LS2mVOE6uzsurwuxHmh9QN8B3rrenc6jJPpDdF77Tra2N5Xnb376BgL9_66DKOMYQBTz5bAhNtiJHAjSKWIjtPRsiwGCALlnkgBhAvACa7COr9AePuN_I:1rfhGd:Prsp_CJgQheYStwP0Ql_IlHfI4p7hashBcxx_QVUUHk	2024-03-14 14:20:11.617689+00
0e7qvbffyt0ldsg2x750bkvrk4h84c3q	.eJxVjDsOwjAQBe_iGln-xGugpOcM1q53gwPIluKkQtwdIqWA9s3Me6mE61LS2mVOE6uzsurwuxHmh9QN8B3rrenc6jJPpDdF77Tra2N5Xnb376BgL9_66DKOMYQBTz5bAhNtiJHAjSKWIjtPRsiwGCALlnkgBhAvACa7COr9AePuN_I:1rfhJi:gk-6FfwIXzw89W8djklqzeu-cxwM68QZ7r59ApDgtuQ	2024-03-14 14:23:22.00254+00
\.


--
-- Data for Name: home_about; Type: TABLE DATA; Schema: public; Owner: navis
--

COPY public.home_about (id, slug, category, title, img, last_mood) FROM stdin;
\.


--
-- Data for Name: home_aboutdetail; Type: TABLE DATA; Schema: public; Owner: navis
--

COPY public.home_aboutdetail (id, slug, title, description, img, last_mood, category_id) FROM stdin;
\.


--
-- Data for Name: main_category; Type: TABLE DATA; Schema: public; Owner: navis
--

COPY public.main_category (id, name) FROM stdin;
\.


--
-- Data for Name: main_header; Type: TABLE DATA; Schema: public; Owner: navis
--

COPY public.main_header (id, title) FROM stdin;
\.


--
-- Data for Name: main_resident; Type: TABLE DATA; Schema: public; Owner: navis
--

COPY public.main_resident (id, slug, image, title, lang, data, updated_at, last_mod, save_state, category_id, header_id, name_id) FROM stdin;
\.


--
-- Data for Name: main_residentdetail; Type: TABLE DATA; Schema: public; Owner: navis
--

COPY public.main_residentdetail (id, description, key_id) FROM stdin;
\.


--
-- Data for Name: main_slider; Type: TABLE DATA; Schema: public; Owner: navis
--

COPY public.main_slider (id, image, title, description) FROM stdin;
\.


--
-- Data for Name: main_subcategory; Type: TABLE DATA; Schema: public; Owner: navis
--

COPY public.main_subcategory (id, slug, title, category_id) FROM stdin;
\.


--
-- Data for Name: main_subheader; Type: TABLE DATA; Schema: public; Owner: navis
--

COPY public.main_subheader (id, slug, title, key_id) FROM stdin;
\.


--
-- Data for Name: users_user; Type: TABLE DATA; Schema: public; Owner: navis
--

COPY public.users_user (id, password, last_login, is_superuser, username, first_name, last_name, email, is_staff, is_active, date_joined, phone, user_type, code, activated) FROM stdin;
\.


--
-- Data for Name: users_user_groups; Type: TABLE DATA; Schema: public; Owner: navis
--

COPY public.users_user_groups (id, user_id, group_id) FROM stdin;
\.


--
-- Data for Name: users_user_user_permissions; Type: TABLE DATA; Schema: public; Owner: navis
--

COPY public.users_user_user_permissions (id, user_id, permission_id) FROM stdin;
\.


--
-- Name: auth_group_id_seq; Type: SEQUENCE SET; Schema: public; Owner: navis
--

SELECT pg_catalog.setval('public.auth_group_id_seq', 1, false);


--
-- Name: auth_group_permissions_id_seq; Type: SEQUENCE SET; Schema: public; Owner: navis
--

SELECT pg_catalog.setval('public.auth_group_permissions_id_seq', 1, false);


--
-- Name: auth_permission_id_seq; Type: SEQUENCE SET; Schema: public; Owner: navis
--

SELECT pg_catalog.setval('public.auth_permission_id_seq', 64, true);


--
-- Name: auth_user_groups_id_seq; Type: SEQUENCE SET; Schema: public; Owner: navis
--

SELECT pg_catalog.setval('public.auth_user_groups_id_seq', 1, false);


--
-- Name: auth_user_id_seq; Type: SEQUENCE SET; Schema: public; Owner: navis
--

SELECT pg_catalog.setval('public.auth_user_id_seq', 1, true);


--
-- Name: auth_user_user_permissions_id_seq; Type: SEQUENCE SET; Schema: public; Owner: navis
--

SELECT pg_catalog.setval('public.auth_user_user_permissions_id_seq', 1, false);


--
-- Name: django_admin_log_id_seq; Type: SEQUENCE SET; Schema: public; Owner: navis
--

SELECT pg_catalog.setval('public.django_admin_log_id_seq', 1, false);


--
-- Name: django_content_type_id_seq; Type: SEQUENCE SET; Schema: public; Owner: navis
--

SELECT pg_catalog.setval('public.django_content_type_id_seq', 16, true);


--
-- Name: django_migrations_id_seq; Type: SEQUENCE SET; Schema: public; Owner: navis
--

SELECT pg_catalog.setval('public.django_migrations_id_seq', 21, true);


--
-- Name: home_about_id_seq; Type: SEQUENCE SET; Schema: public; Owner: navis
--

SELECT pg_catalog.setval('public.home_about_id_seq', 1, false);


--
-- Name: home_aboutdetail_id_seq; Type: SEQUENCE SET; Schema: public; Owner: navis
--

SELECT pg_catalog.setval('public.home_aboutdetail_id_seq', 1, false);


--
-- Name: main_category_id_seq; Type: SEQUENCE SET; Schema: public; Owner: navis
--

SELECT pg_catalog.setval('public.main_category_id_seq', 1, false);


--
-- Name: main_header_id_seq; Type: SEQUENCE SET; Schema: public; Owner: navis
--

SELECT pg_catalog.setval('public.main_header_id_seq', 1, false);


--
-- Name: main_resident_id_seq; Type: SEQUENCE SET; Schema: public; Owner: navis
--

SELECT pg_catalog.setval('public.main_resident_id_seq', 1, false);


--
-- Name: main_residentdetail_id_seq; Type: SEQUENCE SET; Schema: public; Owner: navis
--

SELECT pg_catalog.setval('public.main_residentdetail_id_seq', 1, false);


--
-- Name: main_slider_id_seq; Type: SEQUENCE SET; Schema: public; Owner: navis
--

SELECT pg_catalog.setval('public.main_slider_id_seq', 1, false);


--
-- Name: main_subcategory_id_seq; Type: SEQUENCE SET; Schema: public; Owner: navis
--

SELECT pg_catalog.setval('public.main_subcategory_id_seq', 1, false);


--
-- Name: main_subheader_id_seq; Type: SEQUENCE SET; Schema: public; Owner: navis
--

SELECT pg_catalog.setval('public.main_subheader_id_seq', 1, false);


--
-- Name: users_user_groups_id_seq; Type: SEQUENCE SET; Schema: public; Owner: navis
--

SELECT pg_catalog.setval('public.users_user_groups_id_seq', 1, false);


--
-- Name: users_user_id_seq; Type: SEQUENCE SET; Schema: public; Owner: navis
--

SELECT pg_catalog.setval('public.users_user_id_seq', 1, false);


--
-- Name: users_user_user_permissions_id_seq; Type: SEQUENCE SET; Schema: public; Owner: navis
--

SELECT pg_catalog.setval('public.users_user_user_permissions_id_seq', 1, false);


--
-- Name: auth_group auth_group_name_key; Type: CONSTRAINT; Schema: public; Owner: navis
--

ALTER TABLE ONLY public.auth_group
    ADD CONSTRAINT auth_group_name_key UNIQUE (name);


--
-- Name: auth_group_permissions auth_group_permissions_group_id_permission_id_0cd325b0_uniq; Type: CONSTRAINT; Schema: public; Owner: navis
--

ALTER TABLE ONLY public.auth_group_permissions
    ADD CONSTRAINT auth_group_permissions_group_id_permission_id_0cd325b0_uniq UNIQUE (group_id, permission_id);


--
-- Name: auth_group_permissions auth_group_permissions_pkey; Type: CONSTRAINT; Schema: public; Owner: navis
--

ALTER TABLE ONLY public.auth_group_permissions
    ADD CONSTRAINT auth_group_permissions_pkey PRIMARY KEY (id);


--
-- Name: auth_group auth_group_pkey; Type: CONSTRAINT; Schema: public; Owner: navis
--

ALTER TABLE ONLY public.auth_group
    ADD CONSTRAINT auth_group_pkey PRIMARY KEY (id);


--
-- Name: auth_permission auth_permission_content_type_id_codename_01ab375a_uniq; Type: CONSTRAINT; Schema: public; Owner: navis
--

ALTER TABLE ONLY public.auth_permission
    ADD CONSTRAINT auth_permission_content_type_id_codename_01ab375a_uniq UNIQUE (content_type_id, codename);


--
-- Name: auth_permission auth_permission_pkey; Type: CONSTRAINT; Schema: public; Owner: navis
--

ALTER TABLE ONLY public.auth_permission
    ADD CONSTRAINT auth_permission_pkey PRIMARY KEY (id);


--
-- Name: auth_user_groups auth_user_groups_pkey; Type: CONSTRAINT; Schema: public; Owner: navis
--

ALTER TABLE ONLY public.auth_user_groups
    ADD CONSTRAINT auth_user_groups_pkey PRIMARY KEY (id);


--
-- Name: auth_user_groups auth_user_groups_user_id_group_id_94350c0c_uniq; Type: CONSTRAINT; Schema: public; Owner: navis
--

ALTER TABLE ONLY public.auth_user_groups
    ADD CONSTRAINT auth_user_groups_user_id_group_id_94350c0c_uniq UNIQUE (user_id, group_id);


--
-- Name: auth_user auth_user_pkey; Type: CONSTRAINT; Schema: public; Owner: navis
--

ALTER TABLE ONLY public.auth_user
    ADD CONSTRAINT auth_user_pkey PRIMARY KEY (id);


--
-- Name: auth_user_user_permissions auth_user_user_permissions_pkey; Type: CONSTRAINT; Schema: public; Owner: navis
--

ALTER TABLE ONLY public.auth_user_user_permissions
    ADD CONSTRAINT auth_user_user_permissions_pkey PRIMARY KEY (id);


--
-- Name: auth_user_user_permissions auth_user_user_permissions_user_id_permission_id_14a6b632_uniq; Type: CONSTRAINT; Schema: public; Owner: navis
--

ALTER TABLE ONLY public.auth_user_user_permissions
    ADD CONSTRAINT auth_user_user_permissions_user_id_permission_id_14a6b632_uniq UNIQUE (user_id, permission_id);


--
-- Name: auth_user auth_user_username_key; Type: CONSTRAINT; Schema: public; Owner: navis
--

ALTER TABLE ONLY public.auth_user
    ADD CONSTRAINT auth_user_username_key UNIQUE (username);


--
-- Name: django_admin_log django_admin_log_pkey; Type: CONSTRAINT; Schema: public; Owner: navis
--

ALTER TABLE ONLY public.django_admin_log
    ADD CONSTRAINT django_admin_log_pkey PRIMARY KEY (id);


--
-- Name: django_content_type django_content_type_app_label_model_76bd3d3b_uniq; Type: CONSTRAINT; Schema: public; Owner: navis
--

ALTER TABLE ONLY public.django_content_type
    ADD CONSTRAINT django_content_type_app_label_model_76bd3d3b_uniq UNIQUE (app_label, model);


--
-- Name: django_content_type django_content_type_pkey; Type: CONSTRAINT; Schema: public; Owner: navis
--

ALTER TABLE ONLY public.django_content_type
    ADD CONSTRAINT django_content_type_pkey PRIMARY KEY (id);


--
-- Name: django_migrations django_migrations_pkey; Type: CONSTRAINT; Schema: public; Owner: navis
--

ALTER TABLE ONLY public.django_migrations
    ADD CONSTRAINT django_migrations_pkey PRIMARY KEY (id);


--
-- Name: django_session django_session_pkey; Type: CONSTRAINT; Schema: public; Owner: navis
--

ALTER TABLE ONLY public.django_session
    ADD CONSTRAINT django_session_pkey PRIMARY KEY (session_key);


--
-- Name: home_about home_about_pkey; Type: CONSTRAINT; Schema: public; Owner: navis
--

ALTER TABLE ONLY public.home_about
    ADD CONSTRAINT home_about_pkey PRIMARY KEY (id);


--
-- Name: home_about home_about_slug_key; Type: CONSTRAINT; Schema: public; Owner: navis
--

ALTER TABLE ONLY public.home_about
    ADD CONSTRAINT home_about_slug_key UNIQUE (slug);


--
-- Name: home_aboutdetail home_aboutdetail_pkey; Type: CONSTRAINT; Schema: public; Owner: navis
--

ALTER TABLE ONLY public.home_aboutdetail
    ADD CONSTRAINT home_aboutdetail_pkey PRIMARY KEY (id);


--
-- Name: home_aboutdetail home_aboutdetail_slug_key; Type: CONSTRAINT; Schema: public; Owner: navis
--

ALTER TABLE ONLY public.home_aboutdetail
    ADD CONSTRAINT home_aboutdetail_slug_key UNIQUE (slug);


--
-- Name: main_category main_category_pkey; Type: CONSTRAINT; Schema: public; Owner: navis
--

ALTER TABLE ONLY public.main_category
    ADD CONSTRAINT main_category_pkey PRIMARY KEY (id);


--
-- Name: main_header main_header_pkey; Type: CONSTRAINT; Schema: public; Owner: navis
--

ALTER TABLE ONLY public.main_header
    ADD CONSTRAINT main_header_pkey PRIMARY KEY (id);


--
-- Name: main_resident main_resident_pkey; Type: CONSTRAINT; Schema: public; Owner: navis
--

ALTER TABLE ONLY public.main_resident
    ADD CONSTRAINT main_resident_pkey PRIMARY KEY (id);


--
-- Name: main_resident main_resident_slug_key; Type: CONSTRAINT; Schema: public; Owner: navis
--

ALTER TABLE ONLY public.main_resident
    ADD CONSTRAINT main_resident_slug_key UNIQUE (slug);


--
-- Name: main_residentdetail main_residentdetail_pkey; Type: CONSTRAINT; Schema: public; Owner: navis
--

ALTER TABLE ONLY public.main_residentdetail
    ADD CONSTRAINT main_residentdetail_pkey PRIMARY KEY (id);


--
-- Name: main_slider main_slider_pkey; Type: CONSTRAINT; Schema: public; Owner: navis
--

ALTER TABLE ONLY public.main_slider
    ADD CONSTRAINT main_slider_pkey PRIMARY KEY (id);


--
-- Name: main_subcategory main_subcategory_pkey; Type: CONSTRAINT; Schema: public; Owner: navis
--

ALTER TABLE ONLY public.main_subcategory
    ADD CONSTRAINT main_subcategory_pkey PRIMARY KEY (id);


--
-- Name: main_subcategory main_subcategory_slug_key; Type: CONSTRAINT; Schema: public; Owner: navis
--

ALTER TABLE ONLY public.main_subcategory
    ADD CONSTRAINT main_subcategory_slug_key UNIQUE (slug);


--
-- Name: main_subheader main_subheader_pkey; Type: CONSTRAINT; Schema: public; Owner: navis
--

ALTER TABLE ONLY public.main_subheader
    ADD CONSTRAINT main_subheader_pkey PRIMARY KEY (id);


--
-- Name: users_user_groups users_user_groups_pkey; Type: CONSTRAINT; Schema: public; Owner: navis
--

ALTER TABLE ONLY public.users_user_groups
    ADD CONSTRAINT users_user_groups_pkey PRIMARY KEY (id);


--
-- Name: users_user_groups users_user_groups_user_id_group_id_b88eab82_uniq; Type: CONSTRAINT; Schema: public; Owner: navis
--

ALTER TABLE ONLY public.users_user_groups
    ADD CONSTRAINT users_user_groups_user_id_group_id_b88eab82_uniq UNIQUE (user_id, group_id);


--
-- Name: users_user users_user_phone_key; Type: CONSTRAINT; Schema: public; Owner: navis
--

ALTER TABLE ONLY public.users_user
    ADD CONSTRAINT users_user_phone_key UNIQUE (phone);


--
-- Name: users_user users_user_pkey; Type: CONSTRAINT; Schema: public; Owner: navis
--

ALTER TABLE ONLY public.users_user
    ADD CONSTRAINT users_user_pkey PRIMARY KEY (id);


--
-- Name: users_user_user_permissions users_user_user_permissions_pkey; Type: CONSTRAINT; Schema: public; Owner: navis
--

ALTER TABLE ONLY public.users_user_user_permissions
    ADD CONSTRAINT users_user_user_permissions_pkey PRIMARY KEY (id);


--
-- Name: users_user_user_permissions users_user_user_permissions_user_id_permission_id_43338c45_uniq; Type: CONSTRAINT; Schema: public; Owner: navis
--

ALTER TABLE ONLY public.users_user_user_permissions
    ADD CONSTRAINT users_user_user_permissions_user_id_permission_id_43338c45_uniq UNIQUE (user_id, permission_id);


--
-- Name: users_user users_user_username_key; Type: CONSTRAINT; Schema: public; Owner: navis
--

ALTER TABLE ONLY public.users_user
    ADD CONSTRAINT users_user_username_key UNIQUE (username);


--
-- Name: auth_group_name_a6ea08ec_like; Type: INDEX; Schema: public; Owner: navis
--

CREATE INDEX auth_group_name_a6ea08ec_like ON public.auth_group USING btree (name varchar_pattern_ops);


--
-- Name: auth_group_permissions_group_id_b120cbf9; Type: INDEX; Schema: public; Owner: navis
--

CREATE INDEX auth_group_permissions_group_id_b120cbf9 ON public.auth_group_permissions USING btree (group_id);


--
-- Name: auth_group_permissions_permission_id_84c5c92e; Type: INDEX; Schema: public; Owner: navis
--

CREATE INDEX auth_group_permissions_permission_id_84c5c92e ON public.auth_group_permissions USING btree (permission_id);


--
-- Name: auth_permission_content_type_id_2f476e4b; Type: INDEX; Schema: public; Owner: navis
--

CREATE INDEX auth_permission_content_type_id_2f476e4b ON public.auth_permission USING btree (content_type_id);


--
-- Name: auth_user_groups_group_id_97559544; Type: INDEX; Schema: public; Owner: navis
--

CREATE INDEX auth_user_groups_group_id_97559544 ON public.auth_user_groups USING btree (group_id);


--
-- Name: auth_user_groups_user_id_6a12ed8b; Type: INDEX; Schema: public; Owner: navis
--

CREATE INDEX auth_user_groups_user_id_6a12ed8b ON public.auth_user_groups USING btree (user_id);


--
-- Name: auth_user_user_permissions_permission_id_1fbb5f2c; Type: INDEX; Schema: public; Owner: navis
--

CREATE INDEX auth_user_user_permissions_permission_id_1fbb5f2c ON public.auth_user_user_permissions USING btree (permission_id);


--
-- Name: auth_user_user_permissions_user_id_a95ead1b; Type: INDEX; Schema: public; Owner: navis
--

CREATE INDEX auth_user_user_permissions_user_id_a95ead1b ON public.auth_user_user_permissions USING btree (user_id);


--
-- Name: auth_user_username_6821ab7c_like; Type: INDEX; Schema: public; Owner: navis
--

CREATE INDEX auth_user_username_6821ab7c_like ON public.auth_user USING btree (username varchar_pattern_ops);


--
-- Name: django_admin_log_content_type_id_c4bce8eb; Type: INDEX; Schema: public; Owner: navis
--

CREATE INDEX django_admin_log_content_type_id_c4bce8eb ON public.django_admin_log USING btree (content_type_id);


--
-- Name: django_admin_log_user_id_c564eba6; Type: INDEX; Schema: public; Owner: navis
--

CREATE INDEX django_admin_log_user_id_c564eba6 ON public.django_admin_log USING btree (user_id);


--
-- Name: django_session_expire_date_a5c62663; Type: INDEX; Schema: public; Owner: navis
--

CREATE INDEX django_session_expire_date_a5c62663 ON public.django_session USING btree (expire_date);


--
-- Name: django_session_session_key_c0390e0f_like; Type: INDEX; Schema: public; Owner: navis
--

CREATE INDEX django_session_session_key_c0390e0f_like ON public.django_session USING btree (session_key varchar_pattern_ops);


--
-- Name: home_about_slug_6195601f_like; Type: INDEX; Schema: public; Owner: navis
--

CREATE INDEX home_about_slug_6195601f_like ON public.home_about USING btree (slug varchar_pattern_ops);


--
-- Name: home_aboutdetail_category_id_fa246b89; Type: INDEX; Schema: public; Owner: navis
--

CREATE INDEX home_aboutdetail_category_id_fa246b89 ON public.home_aboutdetail USING btree (category_id);


--
-- Name: home_aboutdetail_slug_09defdda_like; Type: INDEX; Schema: public; Owner: navis
--

CREATE INDEX home_aboutdetail_slug_09defdda_like ON public.home_aboutdetail USING btree (slug varchar_pattern_ops);


--
-- Name: main_resident_category_id_d4b615ab; Type: INDEX; Schema: public; Owner: navis
--

CREATE INDEX main_resident_category_id_d4b615ab ON public.main_resident USING btree (category_id);


--
-- Name: main_resident_header_id_88d7e13e; Type: INDEX; Schema: public; Owner: navis
--

CREATE INDEX main_resident_header_id_88d7e13e ON public.main_resident USING btree (header_id);


--
-- Name: main_resident_name_id_3db20dde; Type: INDEX; Schema: public; Owner: navis
--

CREATE INDEX main_resident_name_id_3db20dde ON public.main_resident USING btree (name_id);


--
-- Name: main_resident_slug_9bd03034_like; Type: INDEX; Schema: public; Owner: navis
--

CREATE INDEX main_resident_slug_9bd03034_like ON public.main_resident USING btree (slug varchar_pattern_ops);


--
-- Name: main_residentdetail_key_id_29ba28bd; Type: INDEX; Schema: public; Owner: navis
--

CREATE INDEX main_residentdetail_key_id_29ba28bd ON public.main_residentdetail USING btree (key_id);


--
-- Name: main_subcategory_category_id_6fe50eaa; Type: INDEX; Schema: public; Owner: navis
--

CREATE INDEX main_subcategory_category_id_6fe50eaa ON public.main_subcategory USING btree (category_id);


--
-- Name: main_subcategory_slug_22db0743_like; Type: INDEX; Schema: public; Owner: navis
--

CREATE INDEX main_subcategory_slug_22db0743_like ON public.main_subcategory USING btree (slug varchar_pattern_ops);


--
-- Name: main_subheader_key_id_f38d57fa; Type: INDEX; Schema: public; Owner: navis
--

CREATE INDEX main_subheader_key_id_f38d57fa ON public.main_subheader USING btree (key_id);


--
-- Name: main_subheader_slug_061e301f; Type: INDEX; Schema: public; Owner: navis
--

CREATE INDEX main_subheader_slug_061e301f ON public.main_subheader USING btree (slug);


--
-- Name: main_subheader_slug_061e301f_like; Type: INDEX; Schema: public; Owner: navis
--

CREATE INDEX main_subheader_slug_061e301f_like ON public.main_subheader USING btree (slug varchar_pattern_ops);


--
-- Name: users_user_groups_group_id_9afc8d0e; Type: INDEX; Schema: public; Owner: navis
--

CREATE INDEX users_user_groups_group_id_9afc8d0e ON public.users_user_groups USING btree (group_id);


--
-- Name: users_user_groups_user_id_5f6f5a90; Type: INDEX; Schema: public; Owner: navis
--

CREATE INDEX users_user_groups_user_id_5f6f5a90 ON public.users_user_groups USING btree (user_id);


--
-- Name: users_user_phone_fe37f55c_like; Type: INDEX; Schema: public; Owner: navis
--

CREATE INDEX users_user_phone_fe37f55c_like ON public.users_user USING btree (phone varchar_pattern_ops);


--
-- Name: users_user_user_permissions_permission_id_0b93982e; Type: INDEX; Schema: public; Owner: navis
--

CREATE INDEX users_user_user_permissions_permission_id_0b93982e ON public.users_user_user_permissions USING btree (permission_id);


--
-- Name: users_user_user_permissions_user_id_20aca447; Type: INDEX; Schema: public; Owner: navis
--

CREATE INDEX users_user_user_permissions_user_id_20aca447 ON public.users_user_user_permissions USING btree (user_id);


--
-- Name: users_user_username_06e46fe6_like; Type: INDEX; Schema: public; Owner: navis
--

CREATE INDEX users_user_username_06e46fe6_like ON public.users_user USING btree (username varchar_pattern_ops);


--
-- Name: auth_group_permissions auth_group_permissio_permission_id_84c5c92e_fk_auth_perm; Type: FK CONSTRAINT; Schema: public; Owner: navis
--

ALTER TABLE ONLY public.auth_group_permissions
    ADD CONSTRAINT auth_group_permissio_permission_id_84c5c92e_fk_auth_perm FOREIGN KEY (permission_id) REFERENCES public.auth_permission(id) DEFERRABLE INITIALLY DEFERRED;


--
-- Name: auth_group_permissions auth_group_permissions_group_id_b120cbf9_fk_auth_group_id; Type: FK CONSTRAINT; Schema: public; Owner: navis
--

ALTER TABLE ONLY public.auth_group_permissions
    ADD CONSTRAINT auth_group_permissions_group_id_b120cbf9_fk_auth_group_id FOREIGN KEY (group_id) REFERENCES public.auth_group(id) DEFERRABLE INITIALLY DEFERRED;


--
-- Name: auth_permission auth_permission_content_type_id_2f476e4b_fk_django_co; Type: FK CONSTRAINT; Schema: public; Owner: navis
--

ALTER TABLE ONLY public.auth_permission
    ADD CONSTRAINT auth_permission_content_type_id_2f476e4b_fk_django_co FOREIGN KEY (content_type_id) REFERENCES public.django_content_type(id) DEFERRABLE INITIALLY DEFERRED;


--
-- Name: auth_user_groups auth_user_groups_group_id_97559544_fk_auth_group_id; Type: FK CONSTRAINT; Schema: public; Owner: navis
--

ALTER TABLE ONLY public.auth_user_groups
    ADD CONSTRAINT auth_user_groups_group_id_97559544_fk_auth_group_id FOREIGN KEY (group_id) REFERENCES public.auth_group(id) DEFERRABLE INITIALLY DEFERRED;


--
-- Name: auth_user_groups auth_user_groups_user_id_6a12ed8b_fk_auth_user_id; Type: FK CONSTRAINT; Schema: public; Owner: navis
--

ALTER TABLE ONLY public.auth_user_groups
    ADD CONSTRAINT auth_user_groups_user_id_6a12ed8b_fk_auth_user_id FOREIGN KEY (user_id) REFERENCES public.auth_user(id) DEFERRABLE INITIALLY DEFERRED;


--
-- Name: auth_user_user_permissions auth_user_user_permi_permission_id_1fbb5f2c_fk_auth_perm; Type: FK CONSTRAINT; Schema: public; Owner: navis
--

ALTER TABLE ONLY public.auth_user_user_permissions
    ADD CONSTRAINT auth_user_user_permi_permission_id_1fbb5f2c_fk_auth_perm FOREIGN KEY (permission_id) REFERENCES public.auth_permission(id) DEFERRABLE INITIALLY DEFERRED;


--
-- Name: auth_user_user_permissions auth_user_user_permissions_user_id_a95ead1b_fk_auth_user_id; Type: FK CONSTRAINT; Schema: public; Owner: navis
--

ALTER TABLE ONLY public.auth_user_user_permissions
    ADD CONSTRAINT auth_user_user_permissions_user_id_a95ead1b_fk_auth_user_id FOREIGN KEY (user_id) REFERENCES public.auth_user(id) DEFERRABLE INITIALLY DEFERRED;


--
-- Name: django_admin_log django_admin_log_content_type_id_c4bce8eb_fk_django_co; Type: FK CONSTRAINT; Schema: public; Owner: navis
--

ALTER TABLE ONLY public.django_admin_log
    ADD CONSTRAINT django_admin_log_content_type_id_c4bce8eb_fk_django_co FOREIGN KEY (content_type_id) REFERENCES public.django_content_type(id) DEFERRABLE INITIALLY DEFERRED;


--
-- Name: django_admin_log django_admin_log_user_id_c564eba6_fk_auth_user_id; Type: FK CONSTRAINT; Schema: public; Owner: navis
--

ALTER TABLE ONLY public.django_admin_log
    ADD CONSTRAINT django_admin_log_user_id_c564eba6_fk_auth_user_id FOREIGN KEY (user_id) REFERENCES public.auth_user(id) DEFERRABLE INITIALLY DEFERRED;


--
-- Name: home_aboutdetail home_aboutdetail_category_id_fa246b89_fk_home_about_id; Type: FK CONSTRAINT; Schema: public; Owner: navis
--

ALTER TABLE ONLY public.home_aboutdetail
    ADD CONSTRAINT home_aboutdetail_category_id_fa246b89_fk_home_about_id FOREIGN KEY (category_id) REFERENCES public.home_about(id) DEFERRABLE INITIALLY DEFERRED;


--
-- Name: main_resident main_resident_category_id_d4b615ab_fk_main_category_id; Type: FK CONSTRAINT; Schema: public; Owner: navis
--

ALTER TABLE ONLY public.main_resident
    ADD CONSTRAINT main_resident_category_id_d4b615ab_fk_main_category_id FOREIGN KEY (category_id) REFERENCES public.main_category(id) DEFERRABLE INITIALLY DEFERRED;


--
-- Name: main_resident main_resident_header_id_88d7e13e_fk_main_header_id; Type: FK CONSTRAINT; Schema: public; Owner: navis
--

ALTER TABLE ONLY public.main_resident
    ADD CONSTRAINT main_resident_header_id_88d7e13e_fk_main_header_id FOREIGN KEY (header_id) REFERENCES public.main_header(id) DEFERRABLE INITIALLY DEFERRED;


--
-- Name: main_resident main_resident_name_id_3db20dde_fk_main_subcategory_id; Type: FK CONSTRAINT; Schema: public; Owner: navis
--

ALTER TABLE ONLY public.main_resident
    ADD CONSTRAINT main_resident_name_id_3db20dde_fk_main_subcategory_id FOREIGN KEY (name_id) REFERENCES public.main_subcategory(id) DEFERRABLE INITIALLY DEFERRED;


--
-- Name: main_residentdetail main_residentdetail_key_id_29ba28bd_fk_main_resident_id; Type: FK CONSTRAINT; Schema: public; Owner: navis
--

ALTER TABLE ONLY public.main_residentdetail
    ADD CONSTRAINT main_residentdetail_key_id_29ba28bd_fk_main_resident_id FOREIGN KEY (key_id) REFERENCES public.main_resident(id) DEFERRABLE INITIALLY DEFERRED;


--
-- Name: main_subcategory main_subcategory_category_id_6fe50eaa_fk_main_category_id; Type: FK CONSTRAINT; Schema: public; Owner: navis
--

ALTER TABLE ONLY public.main_subcategory
    ADD CONSTRAINT main_subcategory_category_id_6fe50eaa_fk_main_category_id FOREIGN KEY (category_id) REFERENCES public.main_category(id) DEFERRABLE INITIALLY DEFERRED;


--
-- Name: main_subheader main_subheader_key_id_f38d57fa_fk_main_header_id; Type: FK CONSTRAINT; Schema: public; Owner: navis
--

ALTER TABLE ONLY public.main_subheader
    ADD CONSTRAINT main_subheader_key_id_f38d57fa_fk_main_header_id FOREIGN KEY (key_id) REFERENCES public.main_header(id) DEFERRABLE INITIALLY DEFERRED;


--
-- Name: users_user_groups users_user_groups_group_id_9afc8d0e_fk_auth_group_id; Type: FK CONSTRAINT; Schema: public; Owner: navis
--

ALTER TABLE ONLY public.users_user_groups
    ADD CONSTRAINT users_user_groups_group_id_9afc8d0e_fk_auth_group_id FOREIGN KEY (group_id) REFERENCES public.auth_group(id) DEFERRABLE INITIALLY DEFERRED;


--
-- Name: users_user_groups users_user_groups_user_id_5f6f5a90_fk_users_user_id; Type: FK CONSTRAINT; Schema: public; Owner: navis
--

ALTER TABLE ONLY public.users_user_groups
    ADD CONSTRAINT users_user_groups_user_id_5f6f5a90_fk_users_user_id FOREIGN KEY (user_id) REFERENCES public.users_user(id) DEFERRABLE INITIALLY DEFERRED;


--
-- Name: users_user_user_permissions users_user_user_perm_permission_id_0b93982e_fk_auth_perm; Type: FK CONSTRAINT; Schema: public; Owner: navis
--

ALTER TABLE ONLY public.users_user_user_permissions
    ADD CONSTRAINT users_user_user_perm_permission_id_0b93982e_fk_auth_perm FOREIGN KEY (permission_id) REFERENCES public.auth_permission(id) DEFERRABLE INITIALLY DEFERRED;


--
-- Name: users_user_user_permissions users_user_user_permissions_user_id_20aca447_fk_users_user_id; Type: FK CONSTRAINT; Schema: public; Owner: navis
--

ALTER TABLE ONLY public.users_user_user_permissions
    ADD CONSTRAINT users_user_user_permissions_user_id_20aca447_fk_users_user_id FOREIGN KEY (user_id) REFERENCES public.users_user(id) DEFERRABLE INITIALLY DEFERRED;


--
-- PostgreSQL database dump complete
--

