--
-- PostgreSQL database dump
--

-- Dumped from database version 14.11 (Ubuntu 14.11-0ubuntu0.22.04.1)
-- Dumped by pg_dump version 14.11 (Ubuntu 14.11-0ubuntu0.22.04.1)

SET statement_timeout = 0;
SET lock_timeout = 0;
SET idle_in_transaction_session_timeout = 0;
SET client_encoding = 'UTF8';
SET standard_conforming_strings = on;
SELECT pg_catalog.set_config('search_path', '', false);
SET check_function_bodies = false;
SET xmloption = content;
SET client_min_messages = warning;
SET row_security = off;

SET default_tablespace = '';

SET default_table_access_method = heap;

--
-- Name: auth_group; Type: TABLE; Schema: public; Owner: navis
--

CREATE TABLE public.auth_group (
    id integer NOT NULL,
    name character varying(150) NOT NULL
);


ALTER TABLE public.auth_group OWNER TO navis;

--
-- Name: auth_group_id_seq; Type: SEQUENCE; Schema: public; Owner: navis
--

ALTER TABLE public.auth_group ALTER COLUMN id ADD GENERATED BY DEFAULT AS IDENTITY (
    SEQUENCE NAME public.auth_group_id_seq
    START WITH 1
    INCREMENT BY 1
    NO MINVALUE
    NO MAXVALUE
    CACHE 1
);


--
-- Name: auth_group_permissions; Type: TABLE; Schema: public; Owner: navis
--

CREATE TABLE public.auth_group_permissions (
    id bigint NOT NULL,
    group_id integer NOT NULL,
    permission_id integer NOT NULL
);


ALTER TABLE public.auth_group_permissions OWNER TO navis;

--
-- Name: auth_group_permissions_id_seq; Type: SEQUENCE; Schema: public; Owner: navis
--

ALTER TABLE public.auth_group_permissions ALTER COLUMN id ADD GENERATED BY DEFAULT AS IDENTITY (
    SEQUENCE NAME public.auth_group_permissions_id_seq
    START WITH 1
    INCREMENT BY 1
    NO MINVALUE
    NO MAXVALUE
    CACHE 1
);


--
-- Name: auth_permission; Type: TABLE; Schema: public; Owner: navis
--

CREATE TABLE public.auth_permission (
    id integer NOT NULL,
    name character varying(255) NOT NULL,
    content_type_id integer NOT NULL,
    codename character varying(100) NOT NULL
);


ALTER TABLE public.auth_permission OWNER TO navis;

--
-- Name: auth_permission_id_seq; Type: SEQUENCE; Schema: public; Owner: navis
--

ALTER TABLE public.auth_permission ALTER COLUMN id ADD GENERATED BY DEFAULT AS IDENTITY (
    SEQUENCE NAME public.auth_permission_id_seq
    START WITH 1
    INCREMENT BY 1
    NO MINVALUE
    NO MAXVALUE
    CACHE 1
);


--
-- Name: auth_user; Type: TABLE; Schema: public; Owner: navis
--

CREATE TABLE public.auth_user (
    id integer NOT NULL,
    password character varying(128) NOT NULL,
    last_login timestamp with time zone,
    is_superuser boolean NOT NULL,
    username character varying(150) NOT NULL,
    first_name character varying(150) NOT NULL,
    last_name character varying(150) NOT NULL,
    email character varying(254) NOT NULL,
    is_staff boolean NOT NULL,
    is_active boolean NOT NULL,
    date_joined timestamp with time zone NOT NULL
);


ALTER TABLE public.auth_user OWNER TO navis;

--
-- Name: auth_user_groups; Type: TABLE; Schema: public; Owner: navis
--

CREATE TABLE public.auth_user_groups (
    id bigint NOT NULL,
    user_id integer NOT NULL,
    group_id integer NOT NULL
);


ALTER TABLE public.auth_user_groups OWNER TO navis;

--
-- Name: auth_user_groups_id_seq; Type: SEQUENCE; Schema: public; Owner: navis
--

ALTER TABLE public.auth_user_groups ALTER COLUMN id ADD GENERATED BY DEFAULT AS IDENTITY (
    SEQUENCE NAME public.auth_user_groups_id_seq
    START WITH 1
    INCREMENT BY 1
    NO MINVALUE
    NO MAXVALUE
    CACHE 1
);


--
-- Name: auth_user_id_seq; Type: SEQUENCE; Schema: public; Owner: navis
--

ALTER TABLE public.auth_user ALTER COLUMN id ADD GENERATED BY DEFAULT AS IDENTITY (
    SEQUENCE NAME public.auth_user_id_seq
    START WITH 1
    INCREMENT BY 1
    NO MINVALUE
    NO MAXVALUE
    CACHE 1
);


--
-- Name: auth_user_user_permissions; Type: TABLE; Schema: public; Owner: navis
--

CREATE TABLE public.auth_user_user_permissions (
    id bigint NOT NULL,
    user_id integer NOT NULL,
    permission_id integer NOT NULL
);


ALTER TABLE public.auth_user_user_permissions OWNER TO navis;

--
-- Name: auth_user_user_permissions_id_seq; Type: SEQUENCE; Schema: public; Owner: navis
--

ALTER TABLE public.auth_user_user_permissions ALTER COLUMN id ADD GENERATED BY DEFAULT AS IDENTITY (
    SEQUENCE NAME public.auth_user_user_permissions_id_seq
    START WITH 1
    INCREMENT BY 1
    NO MINVALUE
    NO MAXVALUE
    CACHE 1
);


--
-- Name: django_admin_log; Type: TABLE; Schema: public; Owner: navis
--

CREATE TABLE public.django_admin_log (
    id integer NOT NULL,
    action_time timestamp with time zone NOT NULL,
    object_id text,
    object_repr character varying(200) NOT NULL,
    action_flag smallint NOT NULL,
    change_message text NOT NULL,
    content_type_id integer,
    user_id integer NOT NULL,
    CONSTRAINT django_admin_log_action_flag_check CHECK ((action_flag >= 0))
);


ALTER TABLE public.django_admin_log OWNER TO navis;

--
-- Name: django_admin_log_id_seq; Type: SEQUENCE; Schema: public; Owner: navis
--

ALTER TABLE public.django_admin_log ALTER COLUMN id ADD GENERATED BY DEFAULT AS IDENTITY (
    SEQUENCE NAME public.django_admin_log_id_seq
    START WITH 1
    INCREMENT BY 1
    NO MINVALUE
    NO MAXVALUE
    CACHE 1
);


--
-- Name: django_content_type; Type: TABLE; Schema: public; Owner: navis
--

CREATE TABLE public.django_content_type (
    id integer NOT NULL,
    app_label character varying(100) NOT NULL,
    model character varying(100) NOT NULL
);


ALTER TABLE public.django_content_type OWNER TO navis;

--
-- Name: django_content_type_id_seq; Type: SEQUENCE; Schema: public; Owner: navis
--

ALTER TABLE public.django_content_type ALTER COLUMN id ADD GENERATED BY DEFAULT AS IDENTITY (
    SEQUENCE NAME public.django_content_type_id_seq
    START WITH 1
    INCREMENT BY 1
    NO MINVALUE
    NO MAXVALUE
    CACHE 1
);


--
-- Name: django_migrations; Type: TABLE; Schema: public; Owner: navis
--

CREATE TABLE public.django_migrations (
    id bigint NOT NULL,
    app character varying(255) NOT NULL,
    name character varying(255) NOT NULL,
    applied timestamp with time zone NOT NULL
);


ALTER TABLE public.django_migrations OWNER TO navis;

--
-- Name: django_migrations_id_seq; Type: SEQUENCE; Schema: public; Owner: navis
--

ALTER TABLE public.django_migrations ALTER COLUMN id ADD GENERATED BY DEFAULT AS IDENTITY (
    SEQUENCE NAME public.django_migrations_id_seq
    START WITH 1
    INCREMENT BY 1
    NO MINVALUE
    NO MAXVALUE
    CACHE 1
);


--
-- Name: django_session; Type: TABLE; Schema: public; Owner: navis
--

CREATE TABLE public.django_session (
    session_key character varying(40) NOT NULL,
    session_data text NOT NULL,
    expire_date timestamp with time zone NOT NULL
);


ALTER TABLE public.django_session OWNER TO navis;

--
-- Name: main_category; Type: TABLE; Schema: public; Owner: navis
--

CREATE TABLE public.main_category (
    id bigint NOT NULL,
    language character varying(255),
    title character varying(255),
    is_active boolean NOT NULL,
    slug character varying(50)
);


ALTER TABLE public.main_category OWNER TO navis;

--
-- Name: main_category_id_seq; Type: SEQUENCE; Schema: public; Owner: navis
--

ALTER TABLE public.main_category ALTER COLUMN id ADD GENERATED BY DEFAULT AS IDENTITY (
    SEQUENCE NAME public.main_category_id_seq
    START WITH 1
    INCREMENT BY 1
    NO MINVALUE
    NO MAXVALUE
    CACHE 1
);


--
-- Name: main_comments; Type: TABLE; Schema: public; Owner: navis
--

CREATE TABLE public.main_comments (
    id bigint NOT NULL,
    "user" character varying(30) NOT NULL,
    comment text NOT NULL,
    is_active boolean NOT NULL,
    post_id bigint NOT NULL,
    created_at timestamp with time zone
);


ALTER TABLE public.main_comments OWNER TO navis;

--
-- Name: main_comments_id_seq; Type: SEQUENCE; Schema: public; Owner: navis
--

ALTER TABLE public.main_comments ALTER COLUMN id ADD GENERATED BY DEFAULT AS IDENTITY (
    SEQUENCE NAME public.main_comments_id_seq
    START WITH 1
    INCREMENT BY 1
    NO MINVALUE
    NO MAXVALUE
    CACHE 1
);


--
-- Name: main_post; Type: TABLE; Schema: public; Owner: navis
--

CREATE TABLE public.main_post (
    id bigint NOT NULL,
    language character varying(255),
    title character varying(255),
    img character varying(100),
    is_active boolean NOT NULL,
    slug character varying(1000),
    created_at timestamp with time zone,
    updated_at timestamp with time zone NOT NULL,
    views integer NOT NULL,
    cat_id bigint NOT NULL,
    last_id bigint,
    sub_cat_id bigint,
    is_save boolean NOT NULL,
    user_id bigint NOT NULL,
    is_main boolean NOT NULL,
    CONSTRAINT main_post_views_check CHECK ((views >= 0))
);


ALTER TABLE public.main_post OWNER TO navis;

--
-- Name: main_post_id_seq; Type: SEQUENCE; Schema: public; Owner: navis
--

ALTER TABLE public.main_post ALTER COLUMN id ADD GENERATED BY DEFAULT AS IDENTITY (
    SEQUENCE NAME public.main_post_id_seq
    START WITH 1
    INCREMENT BY 1
    NO MINVALUE
    NO MAXVALUE
    CACHE 1
);


--
-- Name: main_post_tags; Type: TABLE; Schema: public; Owner: navis
--

CREATE TABLE public.main_post_tags (
    id bigint NOT NULL,
    post_id bigint NOT NULL,
    tag_id bigint NOT NULL
);


ALTER TABLE public.main_post_tags OWNER TO navis;

--
-- Name: main_post_tags_id_seq; Type: SEQUENCE; Schema: public; Owner: navis
--

ALTER TABLE public.main_post_tags ALTER COLUMN id ADD GENERATED BY DEFAULT AS IDENTITY (
    SEQUENCE NAME public.main_post_tags_id_seq
    START WITH 1
    INCREMENT BY 1
    NO MINVALUE
    NO MAXVALUE
    CACHE 1
);


--
-- Name: main_postdetail; Type: TABLE; Schema: public; Owner: navis
--

CREATE TABLE public.main_postdetail (
    id bigint NOT NULL,
    description text,
    main_id bigint NOT NULL
);


ALTER TABLE public.main_postdetail OWNER TO navis;

--
-- Name: main_postfile; Type: TABLE; Schema: public; Owner: navis
--

CREATE TABLE public.main_postfile (
    id bigint NOT NULL,
    title character varying(255),
    file character varying(100),
    exception_id bigint NOT NULL
);


ALTER TABLE public.main_postfile OWNER TO navis;

--
-- Name: main_postfile_id_seq; Type: SEQUENCE; Schema: public; Owner: navis
--

ALTER TABLE public.main_postfile ALTER COLUMN id ADD GENERATED BY DEFAULT AS IDENTITY (
    SEQUENCE NAME public.main_postfile_id_seq
    START WITH 1
    INCREMENT BY 1
    NO MINVALUE
    NO MAXVALUE
    CACHE 1
);


--
-- Name: main_postslider; Type: TABLE; Schema: public; Owner: navis
--

CREATE TABLE public.main_postslider (
    id bigint NOT NULL,
    image character varying(100),
    slider_id bigint NOT NULL
);


ALTER TABLE public.main_postslider OWNER TO navis;

--
-- Name: main_postslider_id_seq; Type: SEQUENCE; Schema: public; Owner: navis
--

ALTER TABLE public.main_postslider ALTER COLUMN id ADD GENERATED BY DEFAULT AS IDENTITY (
    SEQUENCE NAME public.main_postslider_id_seq
    START WITH 1
    INCREMENT BY 1
    NO MINVALUE
    NO MAXVALUE
    CACHE 1
);


--
-- Name: main_slider; Type: TABLE; Schema: public; Owner: navis
--

CREATE TABLE public.main_slider (
    id bigint NOT NULL,
    language character varying(255),
    title character varying(255) NOT NULL,
    description character varying(255),
    img character varying(100),
    last_id bigint
);


ALTER TABLE public.main_slider OWNER TO navis;

--
-- Name: main_slider_id_seq; Type: SEQUENCE; Schema: public; Owner: navis
--

ALTER TABLE public.main_slider ALTER COLUMN id ADD GENERATED BY DEFAULT AS IDENTITY (
    SEQUENCE NAME public.main_slider_id_seq
    START WITH 1
    INCREMENT BY 1
    NO MINVALUE
    NO MAXVALUE
    CACHE 1
);


--
-- Name: main_statedetail_id_seq; Type: SEQUENCE; Schema: public; Owner: navis
--

ALTER TABLE public.main_postdetail ALTER COLUMN id ADD GENERATED BY DEFAULT AS IDENTITY (
    SEQUENCE NAME public.main_statedetail_id_seq
    START WITH 1
    INCREMENT BY 1
    NO MINVALUE
    NO MAXVALUE
    CACHE 1
);


--
-- Name: main_subcategory; Type: TABLE; Schema: public; Owner: navis
--

CREATE TABLE public.main_subcategory (
    id bigint NOT NULL,
    title character varying(255),
    slug character varying(50),
    cat_id bigint NOT NULL
);


ALTER TABLE public.main_subcategory OWNER TO navis;

--
-- Name: main_subcategory_id_seq; Type: SEQUENCE; Schema: public; Owner: navis
--

ALTER TABLE public.main_subcategory ALTER COLUMN id ADD GENERATED BY DEFAULT AS IDENTITY (
    SEQUENCE NAME public.main_subcategory_id_seq
    START WITH 1
    INCREMENT BY 1
    NO MINVALUE
    NO MAXVALUE
    CACHE 1
);


--
-- Name: main_tag; Type: TABLE; Schema: public; Owner: navis
--

CREATE TABLE public.main_tag (
    id bigint NOT NULL,
    tag character varying(250) NOT NULL,
    slug character varying(1000)
);


ALTER TABLE public.main_tag OWNER TO navis;

--
-- Name: main_tag_id_seq; Type: SEQUENCE; Schema: public; Owner: navis
--

ALTER TABLE public.main_tag ALTER COLUMN id ADD GENERATED BY DEFAULT AS IDENTITY (
    SEQUENCE NAME public.main_tag_id_seq
    START WITH 1
    INCREMENT BY 1
    NO MINVALUE
    NO MAXVALUE
    CACHE 1
);


--
-- Name: users_user; Type: TABLE; Schema: public; Owner: navis
--

CREATE TABLE public.users_user (
    id bigint NOT NULL,
    password character varying(128) NOT NULL,
    last_login timestamp with time zone,
    is_superuser boolean NOT NULL,
    first_name character varying(150) NOT NULL,
    last_name character varying(150) NOT NULL,
    email character varying(254) NOT NULL,
    is_staff boolean NOT NULL,
    is_active boolean NOT NULL,
    date_joined timestamp with time zone NOT NULL,
    phone character varying(30) NOT NULL,
    user_type character varying(100) NOT NULL,
    code integer,
    activated boolean NOT NULL
);


ALTER TABLE public.users_user OWNER TO navis;

--
-- Name: users_user_groups; Type: TABLE; Schema: public; Owner: navis
--

CREATE TABLE public.users_user_groups (
    id bigint NOT NULL,
    user_id bigint NOT NULL,
    group_id integer NOT NULL
);


ALTER TABLE public.users_user_groups OWNER TO navis;

--
-- Name: users_user_groups_id_seq; Type: SEQUENCE; Schema: public; Owner: navis
--

ALTER TABLE public.users_user_groups ALTER COLUMN id ADD GENERATED BY DEFAULT AS IDENTITY (
    SEQUENCE NAME public.users_user_groups_id_seq
    START WITH 1
    INCREMENT BY 1
    NO MINVALUE
    NO MAXVALUE
    CACHE 1
);


--
-- Name: users_user_id_seq; Type: SEQUENCE; Schema: public; Owner: navis
--

ALTER TABLE public.users_user ALTER COLUMN id ADD GENERATED BY DEFAULT AS IDENTITY (
    SEQUENCE NAME public.users_user_id_seq
    START WITH 1
    INCREMENT BY 1
    NO MINVALUE
    NO MAXVALUE
    CACHE 1
);


--
-- Name: users_user_user_permissions; Type: TABLE; Schema: public; Owner: navis
--

CREATE TABLE public.users_user_user_permissions (
    id bigint NOT NULL,
    user_id bigint NOT NULL,
    permission_id integer NOT NULL
);


ALTER TABLE public.users_user_user_permissions OWNER TO navis;

--
-- Name: users_user_user_permissions_id_seq; Type: SEQUENCE; Schema: public; Owner: navis
--

ALTER TABLE public.users_user_user_permissions ALTER COLUMN id ADD GENERATED BY DEFAULT AS IDENTITY (
    SEQUENCE NAME public.users_user_user_permissions_id_seq
    START WITH 1
    INCREMENT BY 1
    NO MINVALUE
    NO MAXVALUE
    CACHE 1
);


--
-- Data for Name: auth_group; Type: TABLE DATA; Schema: public; Owner: navis
--

COPY public.auth_group (id, name) FROM stdin;
1	Журналисты
\.


--
-- Data for Name: auth_group_permissions; Type: TABLE DATA; Schema: public; Owner: navis
--

COPY public.auth_group_permissions (id, group_id, permission_id) FROM stdin;
1	1	34
2	1	35
3	1	41
4	1	42
5	1	48
6	1	49
7	1	53
152	1	5
153	1	6
154	1	7
155	1	9
156	1	10
157	1	11
158	1	13
159	1	14
160	1	15
21	1	8
25	1	12
29	1	16
33	1	28
34	1	29
35	1	30
36	1	31
37	1	32
38	1	33
39	1	36
40	1	37
41	1	38
42	1	39
43	1	40
44	1	43
45	1	44
46	1	45
47	1	46
48	1	47
49	1	50
50	1	51
51	1	52
52	1	54
53	1	55
54	1	56
161	1	21
162	1	22
163	1	23
164	1	24
165	1	25
166	1	26
167	1	27
168	1	57
169	1	58
170	1	59
171	1	60
172	1	61
75	1	1
76	1	2
77	1	3
78	1	4
79	1	17
80	1	18
81	1	19
82	1	20
173	1	62
174	1	63
175	1	64
\.


--
-- Data for Name: auth_permission; Type: TABLE DATA; Schema: public; Owner: navis
--

COPY public.auth_permission (id, name, content_type_id, codename) FROM stdin;
1	Can add log entry	1	add_logentry
2	Can change log entry	1	change_logentry
3	Can delete log entry	1	delete_logentry
4	Can view log entry	1	view_logentry
5	Can add permission	2	add_permission
6	Can change permission	2	change_permission
7	Can delete permission	2	delete_permission
8	Can view permission	2	view_permission
9	Can add group	3	add_group
10	Can change group	3	change_group
11	Can delete group	3	delete_group
12	Can view group	3	view_group
13	Can add user	4	add_user
14	Can change user	4	change_user
15	Can delete user	4	delete_user
16	Can view user	4	view_user
17	Can add content type	5	add_contenttype
18	Can change content type	5	change_contenttype
19	Can delete content type	5	delete_contenttype
20	Can view content type	5	view_contenttype
21	Can add session	6	add_session
22	Can change session	6	change_session
23	Can delete session	6	delete_session
24	Can view session	6	view_session
25	Can add user	7	add_user
26	Can change user	7	change_user
27	Can delete user	7	delete_user
28	Can view user	7	view_user
29	Can add Категория	8	add_category
30	Can change Категория	8	change_category
31	Can delete Категория	8	delete_category
32	Can view Категория	8	view_category
33	Can add 	9	add_state
34	Can change 	9	change_state
35	Can delete 	9	delete_state
36	Can view 	9	view_state
37	Can add Подкатегория	10	add_subcategory
38	Can change Подкатегория	10	change_subcategory
39	Can delete Подкатегория	10	delete_subcategory
40	Can view Подкатегория	10	view_subcategory
41	Can add Дополнительно	11	add_statedetail
42	Can change Дополнительно	11	change_statedetail
43	Can delete Дополнительно	11	delete_statedetail
44	Can view Дополнительно	11	view_statedetail
45	Can add 	12	add_slider
46	Can change 	12	change_slider
47	Can delete 	12	delete_slider
48	Can view 	12	view_slider
49	Can add 	13	add_post
50	Can change 	13	change_post
51	Can delete 	13	delete_post
52	Can view 	13	view_post
53	Can add Дополнительно	11	add_postdetail
54	Can change Дополнительно	11	change_postdetail
55	Can delete Дополнительно	11	delete_postdetail
56	Can view Дополнительно	11	view_postdetail
57	Can add comment	14	add_comment
58	Can change comment	14	change_comment
59	Can delete comment	14	delete_comment
60	Can view comment	14	view_comment
61	Can add comments	15	add_comments
62	Can change comments	15	change_comments
63	Can delete comments	15	delete_comments
64	Can view comments	15	view_comments
65	Can add Слайдер	16	add_postslider
66	Can change Слайдер	16	change_postslider
67	Can delete Слайдер	16	delete_postslider
68	Can view Слайдер	16	view_postslider
69	Can add post file	17	add_postfile
70	Can change post file	17	change_postfile
71	Can delete post file	17	delete_postfile
72	Can view post file	17	view_postfile
73	Can add tag	18	add_tag
74	Can change tag	18	change_tag
75	Can delete tag	18	delete_tag
76	Can view tag	18	view_tag
\.


--
-- Data for Name: auth_user; Type: TABLE DATA; Schema: public; Owner: navis
--

COPY public.auth_user (id, password, last_login, is_superuser, username, first_name, last_name, email, is_staff, is_active, date_joined) FROM stdin;
10	pbkdf2_sha256$600000$IqxG94KQSpGKz9LRnPwLXf$c8v81aqKyJr/OUP+lvcw5sAXT6SrfQcKHQjU8EYpKpg=	2024-03-11 08:36:23.925776+00	t	Санжарбек	Санжарбек	Кылычбеков	ky1ychbekow06@gmail.com	t	t	2024-03-10 14:12:19+00
1	pbkdf2_sha256$600000$CIV1xtZRjJkDRLcNnu234z$D++9Ym7sGZCpeefdjQ6M6YdqCkyC4j0YWubH+zHlC68=	2024-03-15 13:52:30.716556+00	t	admin	Аня	Наташова	anynat@gmail.com	t	t	2024-03-06 18:41:27+00
\.


--
-- Data for Name: auth_user_groups; Type: TABLE DATA; Schema: public; Owner: navis
--

COPY public.auth_user_groups (id, user_id, group_id) FROM stdin;
5	10	1
\.


--
-- Data for Name: auth_user_user_permissions; Type: TABLE DATA; Schema: public; Owner: navis
--

COPY public.auth_user_user_permissions (id, user_id, permission_id) FROM stdin;
129	10	1
130	10	2
131	10	3
132	10	4
133	10	5
134	10	6
135	10	7
136	10	8
137	10	9
138	10	10
139	10	11
140	10	12
141	10	13
142	10	14
143	10	15
144	10	16
145	10	17
146	10	18
147	10	19
148	10	20
149	10	21
150	10	22
151	10	23
152	10	24
153	10	25
154	10	26
155	10	27
156	10	28
157	10	29
158	10	30
159	10	31
160	10	32
161	10	33
162	10	34
163	10	35
164	10	36
165	10	37
166	10	38
167	10	39
168	10	40
169	10	41
170	10	42
171	10	43
172	10	44
173	10	45
174	10	46
175	10	47
176	10	48
177	10	49
178	10	50
179	10	51
180	10	52
181	10	53
182	10	54
183	10	55
184	10	56
185	10	57
186	10	58
187	10	59
188	10	60
189	10	61
190	10	62
191	10	63
192	10	64
\.


--
-- Data for Name: django_admin_log; Type: TABLE DATA; Schema: public; Owner: navis
--

COPY public.django_admin_log (id, action_time, object_id, object_repr, action_flag, change_message, content_type_id, user_id) FROM stdin;
1	2024-03-06 18:48:33.566744+00	1	Недвижимость	1	[{"added": {}}]	8	1
2	2024-03-06 18:50:02.960035+00	1	Недвижимость	2	[{"changed": {"fields": ["\\u042f\\u0437\\u044b\\u043a"]}}]	8	1
3	2024-03-06 18:50:55.094993+00	2	Роскошный отдых	1	[{"added": {}}]	8	1
4	2024-03-06 18:51:09.790246+00	3	Дизайн	1	[{"added": {}}]	8	1
5	2024-03-06 18:51:22.836861+00	4	Продукты	1	[{"added": {}}]	8	1
6	2024-03-06 18:51:34.232651+00	5	Интервью	1	[{"added": {}}]	8	1
7	2024-03-06 18:51:46.186023+00	6	Контакты	1	[{"added": {}}]	8	1
8	2024-03-06 19:01:07.571354+00	1	Slider object (1)	1	[{"added": {}}]	12	1
9	2024-03-06 19:05:40.009732+00	1	Монолит - создаем надежность и комфорт вместе!	2	[{"changed": {"fields": ["\\u042f\\u0437\\u044b\\u043a"]}}]	12	1
10	2024-03-06 19:05:48.447821+00	1	Монолит - создаем надежность и комфорт вместе!	2	[{"changed": {"fields": ["\\u042f\\u0437\\u044b\\u043a"]}}]	12	1
11	2024-03-06 19:08:25.360719+00	2	Монолит - ишенимдүүлүк менен комфортту чогуу жаратабыз!	1	[{"added": {}}]	12	1
12	2024-03-06 19:13:00.593929+00	1	Недвижимость	2	[{"changed": {"fields": ["\\u042f\\u0437\\u044b\\u043a"]}}]	8	1
13	2024-03-06 19:14:57.199778+00	1	Недвижимость	2	[{"added": {"name": "\\u041f\\u043e\\u0434\\u043a\\u0430\\u0442\\u0435\\u0433\\u043e\\u0440\\u0438\\u044f", "object": "\\u043e\\u0442\\u0435\\u043b\\u0438"}}, {"added": {"name": "\\u041f\\u043e\\u0434\\u043a\\u0430\\u0442\\u0435\\u0433\\u043e\\u0440\\u0438\\u044f", "object": "\\u0440\\u0435\\u0441\\u0442\\u043e\\u0440\\u0430\\u043d\\u044b"}}, {"added": {"name": "\\u041f\\u043e\\u0434\\u043a\\u0430\\u0442\\u0435\\u0433\\u043e\\u0440\\u0438\\u044f", "object": "\\u0441\\u043f\\u0430-\\u0441\\u0430\\u043b\\u043e\\u043d\\u044b"}}]	8	1
14	2024-03-06 19:15:10.836413+00	1	Недвижимость	2	[{"deleted": {"name": "\\u041f\\u043e\\u0434\\u043a\\u0430\\u0442\\u0435\\u0433\\u043e\\u0440\\u0438\\u044f", "object": "\\u043e\\u0442\\u0435\\u043b\\u0438"}}, {"deleted": {"name": "\\u041f\\u043e\\u0434\\u043a\\u0430\\u0442\\u0435\\u0433\\u043e\\u0440\\u0438\\u044f", "object": "\\u0440\\u0435\\u0441\\u0442\\u043e\\u0440\\u0430\\u043d\\u044b"}}, {"deleted": {"name": "\\u041f\\u043e\\u0434\\u043a\\u0430\\u0442\\u0435\\u0433\\u043e\\u0440\\u0438\\u044f", "object": "\\u0441\\u043f\\u0430-\\u0441\\u0430\\u043b\\u043e\\u043d\\u044b"}}]	8	1
15	2024-03-06 19:15:22.626652+00	2	Роскошный отдых	2	[{"added": {"name": "\\u041f\\u043e\\u0434\\u043a\\u0430\\u0442\\u0435\\u0433\\u043e\\u0440\\u0438\\u044f", "object": "\\u043e\\u0442\\u0435\\u043b\\u0438"}}, {"added": {"name": "\\u041f\\u043e\\u0434\\u043a\\u0430\\u0442\\u0435\\u0433\\u043e\\u0440\\u0438\\u044f", "object": "\\u0440\\u0435\\u0441\\u0442\\u043e\\u0440\\u0430\\u043d\\u044b"}}, {"added": {"name": "\\u041f\\u043e\\u0434\\u043a\\u0430\\u0442\\u0435\\u0433\\u043e\\u0440\\u0438\\u044f", "object": "\\u0441\\u043f\\u0430-\\u0441\\u0430\\u043b\\u043e\\u043d\\u044b"}}]	8	1
16	2024-03-06 19:23:47.299717+00	1	Недвижимость	2	[{"added": {"name": "\\u041f\\u043e\\u0434\\u043a\\u0430\\u0442\\u0435\\u0433\\u043e\\u0440\\u0438\\u044f", "object": "\\u0436\\u0438\\u043b\\u043e\\u0439 \\u0434\\u043e\\u043c"}}, {"added": {"name": "\\u041f\\u043e\\u0434\\u043a\\u0430\\u0442\\u0435\\u0433\\u043e\\u0440\\u0438\\u044f", "object": "\\u0434\\u0430\\u0447\\u0430"}}]	8	1
17	2024-03-06 19:24:28.437183+00	7	каракольский отель	1	[{"added": {}}, {"added": {"name": "\\u041f\\u043e\\u0434\\u043a\\u0430\\u0442\\u0435\\u0433\\u043e\\u0440\\u0438\\u044f", "object": "\\u041e\\u0442\\u0435\\u043b\\u044c"}}]	8	1
18	2024-03-06 19:25:16.219444+00	7	каракольский отель	2	[{"changed": {"fields": ["\\u0410\\u043a\\u0442\\u0438\\u0432\\u043d\\u043e"]}}]	8	1
19	2024-03-06 19:34:52.198028+00	8	ОРион отель не только гавно	1	[{"added": {}}, {"added": {"name": "\\u041f\\u043e\\u0434\\u043a\\u0430\\u0442\\u0435\\u0433\\u043e\\u0440\\u0438\\u044f", "object": "\\u041e\\u0440\\u0438\\u043e\\u043d \\u043e\\u0442\\u0435\\u043b\\u044c \\u041a\\u0410\\u0420\\u0410\\u041a\\u041e\\u041b\\u042c"}}]	8	1
20	2024-03-06 19:40:57.776132+00	8	ОРион отель не только гавно	3		8	1
21	2024-03-06 19:59:22.689915+00	9	Недвижимость	1	[{"added": {}}, {"added": {"name": "\\u041f\\u043e\\u0434\\u043a\\u0430\\u0442\\u0435\\u0433\\u043e\\u0440\\u0438\\u044f", "object": "\\u041a\\u0432\\u0430\\u0440\\u0442\\u0438\\u0440\\u0430"}}]	8	1
22	2024-03-06 20:00:08.13836+00	1	Москва - жилой дом премиум-класса	1	[{"added": {}}]	9	1
23	2024-03-06 20:02:08.623747+00	2	Москва - тан калыштуу уй, жомоктогу коз ирмемдер	1	[{"added": {}}, {"added": {"name": "\\u0414\\u043e\\u043f\\u043e\\u043b\\u043d\\u0438\\u0442\\u0435\\u043b\\u044c\\u043d\\u043e", "object": "StateDetail object (1)"}}]	9	1
24	2024-03-06 20:15:45.748409+00	1	Москва - жилой дом премиум-класса	1	[{"added": {}}, {"added": {"name": "\\u0414\\u043e\\u043f\\u043e\\u043b\\u043d\\u0438\\u0442\\u0435\\u043b\\u044c\\u043d\\u043e", "object": "PostDetail object (2)"}}]	13	1
25	2024-03-06 20:17:07.291866+00	2	UNO City - новый город-курорт в Кыргызстане	1	[{"added": {}}]	13	1
26	2024-03-06 20:17:57.418476+00	3	Взять квартиру в ипотеку в Бишкеке: миссия выполнима?	1	[{"added": {}}, {"added": {"name": "\\u0414\\u043e\\u043f\\u043e\\u043b\\u043d\\u0438\\u0442\\u0435\\u043b\\u044c\\u043d\\u043e", "object": "PostDetail object (3)"}}]	13	1
27	2024-03-06 20:18:33.583695+00	4	Секреты Дубай, недвижимость за рубежом	1	[{"added": {}}, {"added": {"name": "\\u0414\\u043e\\u043f\\u043e\\u043b\\u043d\\u0438\\u0442\\u0435\\u043b\\u044c\\u043d\\u043e", "object": "PostDetail object (4)"}}]	13	1
28	2024-03-06 20:20:00.696873+00	3	Взять квартиру в ипотеку в Бишкеке: миссия выполнима?	2	[{"changed": {"fields": ["\\u042f\\u0437\\u044b\\u043a"]}}]	13	1
29	2024-03-06 20:20:30.668128+00	4	Секреты Дубай, недвижимость за рубежом	2	[{"changed": {"fields": ["\\u042f\\u0437\\u044b\\u043a", "\\u0412\\u044b\\u0431\\u0435\\u0440\\u0438\\u0442\\u0435 \\u0440\\u0443\\u0441\\u0441\\u043a\\u0443\\u044e \\u0432\\u0435\\u0440\\u0441\\u0438\\u044e \\u0441\\u0442\\u0430\\u0442\\u044c\\u0438, \\u0447\\u0442\\u043e\\u0431\\u044b \\u0434\\u043e\\u0431\\u0430\\u0432\\u0438\\u0442\\u044c \\u0438\\u0437\\u043e\\u0431\\u0440\\u0430\\u0436\\u0435\\u043d\\u0438\\u0435 \\u0430\\u0432\\u0442\\u043e\\u043c\\u0430\\u0442\\u0438\\u0447\\u0435\\u0441\\u043a\\u0438\\u0439!"]}}]	13	1
30	2024-03-06 20:20:40.899069+00	2	UNO City - новый город-курорт в Кыргызстане	2	[{"changed": {"fields": ["\\u042f\\u0437\\u044b\\u043a"]}}]	13	1
31	2024-03-06 20:21:54.143113+00	1	Москва - жилой дом премиум-класса	2	[{"changed": {"fields": ["\\u041a\\u0430\\u0442\\u0435\\u0433\\u043e\\u0440\\u0438\\u044f", "\\u041f\\u043e\\u0434\\u043a\\u0430\\u0442\\u0435\\u0433\\u043e\\u0440\\u0438\\u044f"]}}]	13	1
32	2024-03-06 20:22:07.334999+00	2	UNO City - новый город-курорт в Кыргызстане	2	[{"changed": {"fields": ["\\u041a\\u0430\\u0442\\u0435\\u0433\\u043e\\u0440\\u0438\\u044f", "\\u041f\\u043e\\u0434\\u043a\\u0430\\u0442\\u0435\\u0433\\u043e\\u0440\\u0438\\u044f"]}}]	13	1
33	2024-03-06 20:22:16.501489+00	2	UNO City - новый город-курорт в Кыргызстане	2	[{"changed": {"fields": ["\\u041f\\u043e\\u0434\\u043a\\u0430\\u0442\\u0435\\u0433\\u043e\\u0440\\u0438\\u044f"]}}]	13	1
34	2024-03-06 20:22:29.101922+00	3	Взять квартиру в ипотеку в Бишкеке: миссия выполнима?	2	[{"changed": {"fields": ["\\u041a\\u0430\\u0442\\u0435\\u0433\\u043e\\u0440\\u0438\\u044f", "\\u041f\\u043e\\u0434\\u043a\\u0430\\u0442\\u0435\\u0433\\u043e\\u0440\\u0438\\u044f"]}}]	13	1
35	2024-03-06 20:22:37.866242+00	4	Секреты Дубай, недвижимость за рубежом	2	[{"changed": {"fields": ["\\u041a\\u0430\\u0442\\u0435\\u0433\\u043e\\u0440\\u0438\\u044f", "\\u041f\\u043e\\u0434\\u043a\\u0430\\u0442\\u0435\\u0433\\u043e\\u0440\\u0438\\u044f"]}}]	13	1
36	2024-03-06 20:22:47.919523+00	7	каракольский отель	3		8	1
37	2024-03-06 20:22:53.049805+00	9	Недвижимость	3		8	1
38	2024-03-06 21:25:50.619626+00	10	Кыймылсыз мүлк	1	[{"added": {}}]	8	1
39	2024-03-06 21:27:02.147518+00	10	Кыймылсыз мүлк	2	[{"changed": {"fields": ["\\u0410\\u043a\\u0442\\u0438\\u0432\\u043d\\u043e"]}}]	8	1
40	2024-03-06 21:27:07.961747+00	10	Кыймылсыз мүлк	2	[{"changed": {"fields": ["\\u0410\\u043a\\u0442\\u0438\\u0432\\u043d\\u043e"]}}]	8	1
41	2024-03-07 06:33:27.747628+00	1	Недвижимость	2	[{"added": {"name": "\\u041f\\u043e\\u0434\\u043a\\u0430\\u0442\\u0435\\u0433\\u043e\\u0440\\u0438\\u044f", "object": "\\u0421\\u043f\\u0430-\\u0441\\u0430\\u043b\\u043e\\u043d\\u044b"}}, {"changed": {"name": "\\u041f\\u043e\\u0434\\u043a\\u0430\\u0442\\u0435\\u0433\\u043e\\u0440\\u0438\\u044f", "object": "\\u041e\\u0442\\u0435\\u043b\\u044c", "fields": ["\\u041d\\u0430\\u0437\\u0432\\u0430\\u043d\\u0438\\u0435"]}}, {"changed": {"name": "\\u041f\\u043e\\u0434\\u043a\\u0430\\u0442\\u0435\\u0433\\u043e\\u0440\\u0438\\u044f", "object": "\\u0420\\u0435\\u0441\\u0442\\u043e\\u0440\\u0430\\u043d", "fields": ["\\u041d\\u0430\\u0437\\u0432\\u0430\\u043d\\u0438\\u0435"]}}]	8	1
42	2024-03-07 06:33:50.829552+00	4	Секреты Дубай, недвижимость за рубежом	2	[{"changed": {"fields": ["\\u0418\\u0437\\u043e\\u0431\\u0440\\u0430\\u0436\\u0435\\u043d\\u0438\\u0435"]}}]	13	1
43	2024-03-07 06:34:30.181297+00	3	Взять квартиру в ипотеку в Бишкеке: миссия выполнима?	2	[{"changed": {"fields": ["\\u0418\\u0437\\u043e\\u0431\\u0440\\u0430\\u0436\\u0435\\u043d\\u0438\\u0435"]}}]	13	1
44	2024-03-07 06:34:38.30888+00	4	Секреты Дубай, недвижимость за рубежом	2	[{"changed": {"fields": ["\\u0418\\u0437\\u043e\\u0431\\u0440\\u0430\\u0436\\u0435\\u043d\\u0438\\u0435"]}}]	13	1
45	2024-03-07 06:35:23.872996+00	5	Palazzo - ресторан премиум-класса	1	[{"added": {}}]	13	1
46	2024-03-07 06:37:18.350381+00	6	Москва - жилой дом премиум-класс	1	[{"added": {}}]	13	1
47	2024-03-07 06:37:45.173574+00	7	Sumbule - SPA центр незабываемого отдыха, красоты и здоровья	1	[{"added": {}}]	13	1
48	2024-03-07 06:37:55.938799+00	7	Sumbule - SPA центр незабываемого отдыха, красоты и здоровья	2	[{"changed": {"fields": ["\\u0418\\u0437\\u043e\\u0431\\u0440\\u0430\\u0436\\u0435\\u043d\\u0438\\u0435"]}}]	13	1
49	2024-03-07 06:38:05.856152+00	4	Секреты Дубай, недвижимость за рубежом	2	[{"changed": {"fields": ["\\u0418\\u0437\\u043e\\u0431\\u0440\\u0430\\u0436\\u0435\\u043d\\u0438\\u0435"]}}]	13	1
50	2024-03-07 06:38:16.806468+00	4	Секреты Дубай, недвижимость за рубежом	2	[{"changed": {"fields": ["\\u0418\\u0437\\u043e\\u0431\\u0440\\u0430\\u0436\\u0435\\u043d\\u0438\\u0435"]}}]	13	1
51	2024-03-07 06:38:27.251563+00	2	UNO City - новый город-курорт в Кыргызстане	2	[{"changed": {"fields": ["\\u0418\\u0437\\u043e\\u0431\\u0440\\u0430\\u0436\\u0435\\u043d\\u0438\\u0435"]}}]	13	1
52	2024-03-07 06:39:23.226911+00	8	Галерея - отделочные материалы оптом и в розницу	1	[{"added": {}}]	13	1
53	2024-03-07 06:40:12.711801+00	2	Роскошный отдых	2	[{"changed": {"fields": ["\\u0412\\u044b\\u0431\\u0435\\u0440\\u0438\\u0442\\u0435 \\u0440\\u0443\\u0441\\u0441\\u043a\\u0443\\u044e \\u0432\\u0435\\u0440\\u0441\\u0438\\u044e \\u043a\\u0430\\u0442\\u0435\\u0433\\u043e\\u0440\\u0438\\u0438!"]}}, {"changed": {"name": "\\u041f\\u043e\\u0434\\u043a\\u0430\\u0442\\u0435\\u0433\\u043e\\u0440\\u0438\\u044f", "object": "\\u041e\\u0442\\u0435\\u043b\\u0438", "fields": ["\\u041d\\u0430\\u0437\\u0432\\u0430\\u043d\\u0438\\u0435"]}}, {"changed": {"name": "\\u041f\\u043e\\u0434\\u043a\\u0430\\u0442\\u0435\\u0433\\u043e\\u0440\\u0438\\u044f", "object": "\\u0420\\u0435\\u0441\\u0442\\u043e\\u0440\\u0430\\u043d\\u044b", "fields": ["\\u041d\\u0430\\u0437\\u0432\\u0430\\u043d\\u0438\\u0435"]}}, {"changed": {"name": "\\u041f\\u043e\\u0434\\u043a\\u0430\\u0442\\u0435\\u0433\\u043e\\u0440\\u0438\\u044f", "object": "\\u0421\\u043f\\u0430-\\u0441\\u0430\\u043b\\u043e\\u043d\\u044b", "fields": ["\\u041d\\u0430\\u0437\\u0432\\u0430\\u043d\\u0438\\u0435"]}}]	8	1
54	2024-03-07 06:40:45.61813+00	9	Галерея - отделочные материалы оптом и  розницу	1	[{"added": {}}]	13	1
55	2024-03-07 06:41:15.19556+00	10	Все под одной крышей: стройматериалы, сантехника, инструменты, электротовары и мн.	1	[{"added": {}}]	13	1
56	2024-03-07 06:41:36.355829+00	11	Все под одной крышей: стройматериалы, сантехника, электротовары и мн.	1	[{"added": {}}]	13	1
57	2024-03-07 06:41:58.966379+00	12	Все под одной крышей: стройматериалы,, инструменты, электротовары и мн.	1	[{"added": {}}]	13	1
58	2024-03-07 06:42:13.531627+00	11	Все под одной крышей: стройматериалы, сантехника, электротовары и мн.	2	[{"changed": {"fields": ["\\u041a\\u0430\\u0442\\u0435\\u0433\\u043e\\u0440\\u0438\\u044f", "\\u041f\\u043e\\u0434\\u043a\\u0430\\u0442\\u0435\\u0433\\u043e\\u0440\\u0438\\u044f"]}}]	13	1
59	2024-03-07 06:42:24.695672+00	11	Все под одной крышей: стройматериалы, сантехника, электротовары и мн.	2	[{"changed": {"fields": ["\\u041f\\u043e\\u0434\\u043a\\u0430\\u0442\\u0435\\u0433\\u043e\\u0440\\u0438\\u044f"]}}]	13	1
60	2024-03-07 06:42:50.100848+00	13	Все под одной крышей: , сантехника, инструменты, электротовары и мн.	1	[{"added": {}}]	13	1
61	2024-03-07 06:43:09.972534+00	14	Все под одной крышей: стройматериалы, сантехника, инструменты	1	[{"added": {}}]	13	1
62	2024-03-07 06:43:38.006999+00	15	Все под одной крышей: стройматериалы, сантехника, инструменты, электротовары	1	[{"added": {}}]	13	1
63	2024-03-07 06:44:11.213968+00	16	Все под одной крышей:  инструменты, электротовары и мн.	1	[{"added": {}}]	13	1
64	2024-03-07 06:47:13.403654+00	17	Владислав Попов - основатель дизайн-студии Freedom Group	1	[{"added": {}}]	13	1
65	2024-03-07 06:48:13.597858+00	18	Владислав- основатель дизайн-студии Freedom Group	1	[{"added": {}}]	13	1
66	2024-03-07 06:48:35.178612+00	19	Владислав Попов - основатель дизайн Freedom Group	1	[{"added": {}}]	13	1
67	2024-03-07 06:48:58.624136+00	20	Владислав Попов - основатель студии Freedom Group	1	[{"added": {}}]	13	1
863	2024-03-15 11:39:11.833738+00	150	Кыймылсыз мулк	2	[]	13	1
68	2024-03-07 06:49:11.000807+00	20	Владислав Попов - основатель студии Freedom Group	2	[{"changed": {"fields": ["\\u0418\\u0437\\u043e\\u0431\\u0440\\u0430\\u0436\\u0435\\u043d\\u0438\\u0435"]}}]	13	1
69	2024-03-07 06:49:59.454098+00	21	Отель Орион - не только место для отдыха	1	[{"added": {}}]	13	1
70	2024-03-07 06:50:23.121787+00	22	Отель Орион -  только место для отдыха	1	[{"added": {}}]	13	1
71	2024-03-07 06:50:49.025687+00	23	Отель Орион - не только место  отдыха	1	[{"added": {}}]	13	1
72	2024-03-07 06:51:13.169411+00	24	Sumbule - центр незабываемого отдыха, красоты и здоровья	1	[{"added": {}}]	13	1
73	2024-03-07 06:51:30.823374+00	25	Sumbule - SPA  незабываемого отдыха, красоты и здоровья	1	[{"added": {}}]	13	1
74	2024-03-07 06:51:49.54123+00	26	Sumbule - SPA центр незабываемого отдыха, красоты	1	[{"added": {}}]	13	1
75	2024-03-07 06:52:10.343185+00	27	Sumbule - SPA центр незабываемого красоты и здоровья	1	[{"added": {}}]	13	1
76	2024-03-07 06:52:31.477633+00	28	SPA центр незабываемого отдыха, красоты и здоровья	1	[{"added": {}}]	13	1
77	2024-03-07 06:53:19.977752+00	11	Популярные	1	[{"added": {}}, {"added": {"name": "\\u041f\\u043e\\u0434\\u043a\\u0430\\u0442\\u0435\\u0433\\u043e\\u0440\\u0438\\u044f", "object": "\\u041e\\u0442\\u0435\\u043b\\u044c"}}, {"added": {"name": "\\u041f\\u043e\\u0434\\u043a\\u0430\\u0442\\u0435\\u0433\\u043e\\u0440\\u0438\\u044f", "object": "\\u0420\\u0435\\u0441\\u0442\\u043e\\u0440\\u0430\\u043d"}}, {"added": {"name": "\\u041f\\u043e\\u0434\\u043a\\u0430\\u0442\\u0435\\u0433\\u043e\\u0440\\u0438\\u044f", "object": "\\u0421\\u043f\\u0430-\\u0441\\u0430\\u043b\\u043e\\u043d\\u044b"}}]	8	1
78	2024-03-07 06:53:44.211609+00	29	Sumbule - SPA центр незабываемого отдыха, красоты здоровья	1	[{"added": {}}]	13	1
79	2024-03-07 06:54:09.562499+00	30	Sumbule - SPA центр незабываемого отдых  красоты и здоровья	1	[{"added": {}}]	13	1
80	2024-03-07 06:54:40.77961+00	31	Palazzo - ресторан премиум-класа	1	[{"added": {}}]	13	1
81	2024-03-07 06:55:07.625249+00	32	Palazzo - ресторан лучшего-класса	1	[{"added": {}}]	13	1
82	2024-03-07 06:55:15.663653+00	32	Palazzo - ресторан лучшего-класса	2	[{"changed": {"fields": ["\\u041f\\u043e\\u0434\\u043a\\u0430\\u0442\\u0435\\u0433\\u043e\\u0440\\u0438\\u044f"]}}]	13	1
83	2024-03-07 06:55:46.752305+00	33	UNO City - новый город-курорт в Кыргызстан	1	[{"added": {}}]	13	1
84	2024-03-07 06:56:10.346363+00	34	UNO City - новый город-курорт  Кыргызстане	1	[{"added": {}}]	13	1
85	2024-03-07 06:56:32.511601+00	35	UNO City - новый курорт в Кыргызстане	1	[{"added": {}}]	13	1
86	2024-03-07 06:57:01.895025+00	36	UNO - новый город-курорт в Кыргызстане	1	[{"added": {}}]	13	1
87	2024-03-07 06:57:38.661307+00	12	Предложение от компании	1	[{"added": {}}]	8	1
88	2024-03-07 06:57:57.731203+00	12	Предложение от компании	2	[]	8	1
89	2024-03-07 06:58:45.198522+00	38	Взять квартиру в ипотеку в Бишкек: миссия выполнима?	1	[{"added": {}}]	13	1
90	2024-03-07 06:59:09.913137+00	39	Взять квартиру  ипотеку в Бишкеке: миссия выполнима?	1	[{"added": {}}]	13	1
91	2024-03-07 06:59:36.048644+00	40	Взять квартиру на ипотеку в Бишкеке: миссия выполнима?	1	[{"added": {}}]	13	1
92	2024-03-07 06:59:56.672649+00	41	Взять квартиру в ипотеку в Бишкеке:  выполнима?	1	[{"added": {}}]	13	1
93	2024-03-07 07:00:25.40703+00	42	Взять квартира в ипотеку в Бишкеке: миссия выполнима?	1	[{"added": {}}]	13	1
94	2024-03-07 07:00:45.540603+00	43	Взять квартиру в ипотеку в Бишкеке: миссия выполним?	1	[{"added": {}}]	13	1
95	2024-03-07 07:04:11.962502+00	10	Кыймылсыз мүлк	2	[{"added": {"name": "\\u041f\\u043e\\u0434\\u043a\\u0430\\u0442\\u0435\\u0433\\u043e\\u0440\\u0438\\u044f", "object": "\\u041c\\u0435\\u0439\\u043c\\u0430\\u043d\\u043a\\u0430\\u043d\\u0430"}}, {"added": {"name": "\\u041f\\u043e\\u0434\\u043a\\u0430\\u0442\\u0435\\u0433\\u043e\\u0440\\u0438\\u044f", "object": "\\u0420\\u0435\\u0441\\u0442\\u043e\\u0440\\u0430\\u043d"}}, {"added": {"name": "\\u041f\\u043e\\u0434\\u043a\\u0430\\u0442\\u0435\\u0433\\u043e\\u0440\\u0438\\u044f", "object": "\\u0421\\u043f\\u0430-\\u0441\\u0430\\u043b\\u043e\\u043d\\u0434\\u043e\\u0440"}}]	8	1
96	2024-03-07 07:05:00.970249+00	13	Люкс майрам	1	[{"added": {}}, {"added": {"name": "\\u041f\\u043e\\u0434\\u043a\\u0430\\u0442\\u0435\\u0433\\u043e\\u0440\\u0438\\u044f", "object": "\\u041c\\u0435\\u0439\\u043c\\u0430\\u043d\\u043a\\u0430\\u043d\\u0430"}}, {"added": {"name": "\\u041f\\u043e\\u0434\\u043a\\u0430\\u0442\\u0435\\u0433\\u043e\\u0440\\u0438\\u044f", "object": "\\u0420\\u0435\\u0441\\u0442\\u043e\\u0440\\u0430\\u043d"}}, {"added": {"name": "\\u041f\\u043e\\u0434\\u043a\\u0430\\u0442\\u0435\\u0433\\u043e\\u0440\\u0438\\u044f", "object": "\\u0421\\u043f\\u0430-\\u0441\\u0430\\u043b\\u043e\\u043d\\u0434\\u043e\\u0440"}}]	8	1
97	2024-03-07 07:05:47.453211+00	44	Москва - премиум турак жай имараты	1	[{"added": {}}]	13	1
98	2024-03-07 07:06:10.346299+00	45	Москва - премиум турак жай имараттар	1	[{"added": {}}]	13	1
99	2024-03-07 07:06:32.68367+00	46	Москва - премиум турак имараты	1	[{"added": {}}]	13	1
100	2024-03-07 07:07:51.231488+00	47	Мовква - премиум турак жай имараты	1	[{"added": {}}]	13	1
101	2024-03-07 07:08:28.262564+00	48	UNO City - Кыргызстандагы жаңы курорттук шаар	1	[{"added": {}}]	13	1
102	2024-03-07 07:08:52.437063+00	49	UNO City - Кыргызстандагы жаңы курортук шаар	1	[{"added": {}}]	13	1
103	2024-03-07 07:09:04.026936+00	13	Люкс майрам	2	[]	8	1
104	2024-03-07 07:09:32.19003+00	50	UNO City - Кыргызстандагы  курорттук шаар	1	[{"added": {}}]	13	1
105	2024-03-07 07:09:53.927255+00	51	UNO - Кыргызстандагы жаңы курорттук шаар	1	[{"added": {}}]	13	1
106	2024-03-07 07:10:11.576918+00	52	UNO City - Кыргызстанда жаңы курорттук шаар	1	[{"added": {}}]	13	1
107	2024-03-07 07:10:33.097029+00	53	City - Кыргызстандагы жаңы курорттук шаар	1	[{"added": {}}]	13	1
108	2024-03-07 07:11:08.267641+00	54	Бишкектен ипотека менен батир алуу: миссия мүмкүнбү?	1	[{"added": {}}]	13	1
109	2024-03-07 07:11:29.071692+00	55	Бишкектен ипотека батир алуу: миссия мүмкүнбү?	1	[{"added": {}}]	13	1
110	2024-03-07 07:12:00.621525+00	56	Бишкектен ипотека менен батир : миссия мүмкүнбү?	1	[{"added": {}}]	13	1
111	2024-03-07 07:12:48.822985+00	14	Популярдуу	1	[{"added": {}}]	8	1
112	2024-03-07 07:13:54.419886+00	15	Компаниеден сунуштар	1	[{"added": {}}]	8	1
113	2024-03-07 07:14:07.542305+00	16	Продукттар	1	[{"added": {}}]	8	1
114	2024-03-07 07:14:52.37815+00	15	Компанияден сунуштар	2	[{"changed": {"fields": ["\\u041d\\u0430\\u0437\\u0432\\u0430\\u043d\\u0438\\u0435"]}}, {"added": {"name": "\\u041f\\u043e\\u0434\\u043a\\u0430\\u0442\\u0435\\u0433\\u043e\\u0440\\u0438\\u044f", "object": "\\u041c\\u0435\\u0439\\u043c\\u0430\\u043d\\u043a\\u0430\\u043d\\u0430"}}, {"added": {"name": "\\u041f\\u043e\\u0434\\u043a\\u0430\\u0442\\u0435\\u0433\\u043e\\u0440\\u0438\\u044f", "object": "\\u0420\\u0435\\u0441\\u0442\\u043e\\u0440\\u0430\\u043d"}}, {"added": {"name": "\\u041f\\u043e\\u0434\\u043a\\u0430\\u0442\\u0435\\u0433\\u043e\\u0440\\u0438\\u044f", "object": "\\u0421\\u043f\\u0430-\\u0441\\u0430\\u043b\\u043e\\u043d\\u0434\\u043e\\u0440"}}]	8	1
115	2024-03-07 07:15:07.984028+00	14	Популярдуу	2	[{"added": {"name": "\\u041f\\u043e\\u0434\\u043a\\u0430\\u0442\\u0435\\u0433\\u043e\\u0440\\u0438\\u044f", "object": "\\u041c\\u0435\\u0439\\u043c\\u0430\\u043d\\u043a\\u0430\\u043d\\u0430"}}, {"added": {"name": "\\u041f\\u043e\\u0434\\u043a\\u0430\\u0442\\u0435\\u0433\\u043e\\u0440\\u0438\\u044f", "object": "\\u0420\\u0435\\u0441\\u0442\\u043e\\u0440\\u0430\\u043d"}}, {"added": {"name": "\\u041f\\u043e\\u0434\\u043a\\u0430\\u0442\\u0435\\u0433\\u043e\\u0440\\u0438\\u044f", "object": "\\u0421\\u043f\\u0430-\\u0441\\u0430\\u043b\\u043e\\u043d\\u0434\\u043e\\u0440"}}]	8	1
116	2024-03-07 07:15:58.645642+00	57	Бишкектен ипотека менен батир алуу: миссия мүмкүн?	1	[{"added": {}}]	13	1
117	2024-03-07 07:16:59.417568+00	58	Дубайдын сырлары, чет өлкөдөгү кыймылсыз мүлк	1	[{"added": {}}]	13	1
118	2024-03-07 07:17:22.820681+00	59	Дубайдын сырлары, чет  кыймылсыз мүлк	1	[{"added": {}}]	13	1
119	2024-03-07 07:17:42.582513+00	60	Дубайдын сырлары, чет өлкөдөгү кыймылсыз	1	[{"added": {}}]	13	1
120	2024-03-07 07:18:18.322737+00	61	Дубайдын сыры, чет өлкөдөгү кыймылсыз мүлк	1	[{"added": {}}]	13	1
121	2024-03-07 07:19:02.936992+00	62	Галерея - бүтүрүү материалдары дүң жана чекене	1	[{"added": {}}]	13	1
122	2024-03-07 07:19:23.952181+00	63	Галерея - бүтүрүү материалдары дүң	1	[{"added": {}}]	13	1
123	2024-03-07 07:19:44.352813+00	64	Галерея - материалдары дүң жана чекене	1	[{"added": {}}]	13	1
124	2024-03-07 07:20:08.075451+00	65	Галерея - бүтүрүү материалдары жана чекене	1	[{"added": {}}]	13	1
125	2024-03-07 07:20:39.728136+00	67	Галерея - бүтүрү материлдары дүң жана чекене	1	[{"added": {}}]	13	1
126	2024-03-07 07:21:26.840483+00	3	Дизайн	3		8	1
127	2024-03-07 07:49:01.282273+00	67	Галерея - бүтүрү материлдары дүң жана чекене	2	[{"changed": {"fields": ["\\u0418\\u0437\\u043e\\u0431\\u0440\\u0430\\u0436\\u0435\\u043d\\u0438\\u0435"]}}]	13	1
128	2024-03-07 08:16:08.395394+00	65	Галерея - бүтүрүү материалдары жана чекене	2	[{"changed": {"fields": ["\\u0418\\u0437\\u043e\\u0431\\u0440\\u0430\\u0436\\u0435\\u043d\\u0438\\u0435"]}}]	13	1
129	2024-03-07 08:16:17.282723+00	64	Галерея - материалдары дүң жана чекене	2	[{"changed": {"fields": ["\\u0418\\u0437\\u043e\\u0431\\u0440\\u0430\\u0436\\u0435\\u043d\\u0438\\u0435"]}}]	13	1
130	2024-03-07 08:16:27.022217+00	63	Галерея - бүтүрүү материалдары дүң	2	[{"changed": {"fields": ["\\u0418\\u0437\\u043e\\u0431\\u0440\\u0430\\u0436\\u0435\\u043d\\u0438\\u0435"]}}]	13	1
131	2024-03-07 08:16:36.519231+00	62	Галерея - бүтүрүү материалдары дүң жана чекене	2	[{"changed": {"fields": ["\\u0418\\u0437\\u043e\\u0431\\u0440\\u0430\\u0436\\u0435\\u043d\\u0438\\u0435"]}}]	13	1
132	2024-03-07 08:16:46.584775+00	61	Дубайдын сыры, чет өлкөдөгү кыймылсыз мүлк	2	[{"changed": {"fields": ["\\u0418\\u0437\\u043e\\u0431\\u0440\\u0430\\u0436\\u0435\\u043d\\u0438\\u0435"]}}]	13	1
133	2024-03-07 08:16:55.486856+00	60	Дубайдын сырлары, чет өлкөдөгү кыймылсыз	2	[{"changed": {"fields": ["\\u0418\\u0437\\u043e\\u0431\\u0440\\u0430\\u0436\\u0435\\u043d\\u0438\\u0435"]}}]	13	1
134	2024-03-07 08:17:05.893717+00	59	Дубайдын сырлары, чет  кыймылсыз мүлк	2	[{"changed": {"fields": ["\\u0418\\u0437\\u043e\\u0431\\u0440\\u0430\\u0436\\u0435\\u043d\\u0438\\u0435"]}}]	13	1
135	2024-03-07 08:17:14.669835+00	58	Дубайдын сырлары, чет өлкөдөгү кыймылсыз мүлк	2	[{"changed": {"fields": ["\\u0418\\u0437\\u043e\\u0431\\u0440\\u0430\\u0436\\u0435\\u043d\\u0438\\u0435"]}}]	13	1
136	2024-03-07 08:17:29.91748+00	8	Галерея - отделочные материалы оптом и в розницу	2	[{"changed": {"fields": ["\\u0418\\u0437\\u043e\\u0431\\u0440\\u0430\\u0436\\u0435\\u043d\\u0438\\u0435"]}}]	13	1
137	2024-03-07 08:17:40.174343+00	7	Sumbule - SPA центр незабываемого отдыха, красоты и здоровья	2	[{"changed": {"fields": ["\\u0418\\u0437\\u043e\\u0431\\u0440\\u0430\\u0436\\u0435\\u043d\\u0438\\u0435"]}}]	13	1
138	2024-03-07 08:17:49.155527+00	6	Москва - жилой дом премиум-класс	2	[{"changed": {"fields": ["\\u0418\\u0437\\u043e\\u0431\\u0440\\u0430\\u0436\\u0435\\u043d\\u0438\\u0435"]}}]	13	1
139	2024-03-07 08:17:57.762687+00	5	Palazzo - ресторан премиум-класса	2	[{"changed": {"fields": ["\\u0418\\u0437\\u043e\\u0431\\u0440\\u0430\\u0436\\u0435\\u043d\\u0438\\u0435"]}}]	13	1
140	2024-03-07 08:19:39.93628+00	1	Москва - жилой дом премиум-класса	2	[{"changed": {"fields": ["\\u0418\\u0437\\u043e\\u0431\\u0440\\u0430\\u0436\\u0435\\u043d\\u0438\\u0435", "\\u041e\\u043f\\u0443\\u0431\\u043b\\u0438\\u043a\\u043e\\u0432\\u0430\\u0442\\u044c"]}}]	13	1
141	2024-03-07 08:19:40.187526+00	1	Москва - жилой дом премиум-класса	2	[{"changed": {"fields": ["\\u0418\\u0437\\u043e\\u0431\\u0440\\u0430\\u0436\\u0435\\u043d\\u0438\\u0435"]}}]	13	1
142	2024-03-07 08:20:03.223509+00	2	UNO City - новый город-курорт в Кыргызстане	3		13	1
143	2024-03-07 08:20:23.748101+00	3	Взять квартиру в ипотеку в Бишкеке: миссия выполнима?	2	[{"changed": {"fields": ["\\u0418\\u0437\\u043e\\u0431\\u0440\\u0430\\u0436\\u0435\\u043d\\u0438\\u0435"]}}]	13	1
144	2024-03-07 08:20:33.374624+00	16	Все под одной крышей:  инструменты, электротовары и мн.	2	[{"changed": {"fields": ["\\u0418\\u0437\\u043e\\u0431\\u0440\\u0430\\u0436\\u0435\\u043d\\u0438\\u0435"]}}]	13	1
145	2024-03-07 08:20:42.513727+00	15	Все под одной крышей: стройматериалы, сантехника, инструменты, электротовары	2	[{"changed": {"fields": ["\\u0418\\u0437\\u043e\\u0431\\u0440\\u0430\\u0436\\u0435\\u043d\\u0438\\u0435"]}}]	13	1
146	2024-03-07 08:20:50.160986+00	14	Все под одной крышей: стройматериалы, сантехника, инструменты	2	[{"changed": {"fields": ["\\u0418\\u0437\\u043e\\u0431\\u0440\\u0430\\u0436\\u0435\\u043d\\u0438\\u0435"]}}]	13	1
147	2024-03-07 08:21:26.110936+00	4	Секреты Дубай, недвижимость за рубежом	3		13	1
148	2024-03-07 08:21:35.521695+00	10	Все под одной крышей: стройматериалы, сантехника, инструменты, электротовары и мн.	2	[{"changed": {"fields": ["\\u0418\\u0437\\u043e\\u0431\\u0440\\u0430\\u0436\\u0435\\u043d\\u0438\\u0435"]}}]	13	1
149	2024-03-07 08:21:43.137286+00	12	Все под одной крышей: стройматериалы,, инструменты, электротовары и мн.	2	[{"changed": {"fields": ["\\u0418\\u0437\\u043e\\u0431\\u0440\\u0430\\u0436\\u0435\\u043d\\u0438\\u0435"]}}]	13	1
150	2024-03-07 08:21:52.597976+00	13	Все под одной крышей: , сантехника, инструменты, электротовары и мн.	2	[{"changed": {"fields": ["\\u0418\\u0437\\u043e\\u0431\\u0440\\u0430\\u0436\\u0435\\u043d\\u0438\\u0435"]}}]	13	1
151	2024-03-07 08:22:00.012555+00	17	Владислав Попов - основатель дизайн-студии Freedom Group	2	[{"changed": {"fields": ["\\u0418\\u0437\\u043e\\u0431\\u0440\\u0430\\u0436\\u0435\\u043d\\u0438\\u0435"]}}]	13	1
152	2024-03-07 08:22:07.910489+00	18	Владислав- основатель дизайн-студии Freedom Group	2	[{"changed": {"fields": ["\\u0418\\u0437\\u043e\\u0431\\u0440\\u0430\\u0436\\u0435\\u043d\\u0438\\u0435"]}}]	13	1
153	2024-03-07 08:22:16.89625+00	19	Владислав Попов - основатель дизайн Freedom Group	2	[{"changed": {"fields": ["\\u0418\\u0437\\u043e\\u0431\\u0440\\u0430\\u0436\\u0435\\u043d\\u0438\\u0435"]}}]	13	1
154	2024-03-07 08:22:23.991571+00	20	Владислав Попов - основатель студии Freedom Group	2	[{"changed": {"fields": ["\\u0418\\u0437\\u043e\\u0431\\u0440\\u0430\\u0436\\u0435\\u043d\\u0438\\u0435"]}}]	13	1
155	2024-03-07 08:23:33.488057+00	57	Бишкектен ипотека менен батир алуу: миссия мүмкүн?	2	[{"changed": {"fields": ["\\u0418\\u0437\\u043e\\u0431\\u0440\\u0430\\u0436\\u0435\\u043d\\u0438\\u0435"]}}]	13	1
156	2024-03-07 08:24:33.240858+00	21	Отель Орион - не только место для отдыха	2	[{"changed": {"fields": ["\\u0418\\u0437\\u043e\\u0431\\u0440\\u0430\\u0436\\u0435\\u043d\\u0438\\u0435"]}}]	13	1
157	2024-03-07 08:24:42.297757+00	22	Отель Орион -  только место для отдыха	2	[{"changed": {"fields": ["\\u0418\\u0437\\u043e\\u0431\\u0440\\u0430\\u0436\\u0435\\u043d\\u0438\\u0435"]}}]	13	1
158	2024-03-07 08:24:50.575021+00	23	Отель Орион - не только место  отдыха	2	[{"changed": {"fields": ["\\u0418\\u0437\\u043e\\u0431\\u0440\\u0430\\u0436\\u0435\\u043d\\u0438\\u0435"]}}]	13	1
159	2024-03-07 08:25:00.97611+00	24	Sumbule - центр незабываемого отдыха, красоты и здоровья	2	[{"changed": {"fields": ["\\u0418\\u0437\\u043e\\u0431\\u0440\\u0430\\u0436\\u0435\\u043d\\u0438\\u0435"]}}]	13	1
160	2024-03-07 08:25:10.987147+00	25	Sumbule - SPA  незабываемого отдыха, красоты и здоровья	2	[{"changed": {"fields": ["\\u0418\\u0437\\u043e\\u0431\\u0440\\u0430\\u0436\\u0435\\u043d\\u0438\\u0435"]}}]	13	1
161	2024-03-07 08:25:19.715398+00	26	Sumbule - SPA центр незабываемого отдыха, красоты	2	[{"changed": {"fields": ["\\u0418\\u0437\\u043e\\u0431\\u0440\\u0430\\u0436\\u0435\\u043d\\u0438\\u0435"]}}]	13	1
162	2024-03-07 08:25:31.096165+00	28	SPA центр незабываемого отдыха, красоты и здоровья	2	[{"changed": {"fields": ["\\u0418\\u0437\\u043e\\u0431\\u0440\\u0430\\u0436\\u0435\\u043d\\u0438\\u0435"]}}]	13	1
163	2024-03-07 08:25:39.768119+00	27	Sumbule - SPA центр незабываемого красоты и здоровья	2	[{"changed": {"fields": ["\\u0418\\u0437\\u043e\\u0431\\u0440\\u0430\\u0436\\u0435\\u043d\\u0438\\u0435"]}}]	13	1
164	2024-03-07 08:25:49.738286+00	30	Sumbule - SPA центр незабываемого отдых  красоты и здоровья	2	[{"changed": {"fields": ["\\u0418\\u0437\\u043e\\u0431\\u0440\\u0430\\u0436\\u0435\\u043d\\u0438\\u0435"]}}]	13	1
165	2024-03-07 08:25:58.961307+00	29	Sumbule - SPA центр незабываемого отдыха, красоты здоровья	2	[{"changed": {"fields": ["\\u0418\\u0437\\u043e\\u0431\\u0440\\u0430\\u0436\\u0435\\u043d\\u0438\\u0435"]}}]	13	1
166	2024-03-07 08:26:07.57415+00	31	Palazzo - ресторан премиум-класа	2	[{"changed": {"fields": ["\\u0418\\u0437\\u043e\\u0431\\u0440\\u0430\\u0436\\u0435\\u043d\\u0438\\u0435"]}}]	13	1
167	2024-03-07 08:26:26.127014+00	9	Галерея - отделочные материалы оптом и  розницу	2	[{"changed": {"fields": ["\\u0418\\u0437\\u043e\\u0431\\u0440\\u0430\\u0436\\u0435\\u043d\\u0438\\u0435"]}}]	13	1
168	2024-03-07 08:26:39.960423+00	56	Бишкектен ипотека менен батир : миссия мүмкүнбү?	2	[{"changed": {"fields": ["\\u0418\\u0437\\u043e\\u0431\\u0440\\u0430\\u0436\\u0435\\u043d\\u0438\\u0435"]}}]	13	1
169	2024-03-07 08:26:47.826452+00	32	Palazzo - ресторан лучшего-класса	2	[{"changed": {"fields": ["\\u0418\\u0437\\u043e\\u0431\\u0440\\u0430\\u0436\\u0435\\u043d\\u0438\\u0435"]}}]	13	1
170	2024-03-07 08:26:57.095107+00	38	Взять квартиру в ипотеку в Бишкек: миссия выполнима?	2	[{"changed": {"fields": ["\\u0418\\u0437\\u043e\\u0431\\u0440\\u0430\\u0436\\u0435\\u043d\\u0438\\u0435"]}}]	13	1
171	2024-03-07 08:27:07.276293+00	39	Взять квартиру  ипотеку в Бишкеке: миссия выполнима?	2	[{"changed": {"fields": ["\\u0418\\u0437\\u043e\\u0431\\u0440\\u0430\\u0436\\u0435\\u043d\\u0438\\u0435"]}}]	13	1
172	2024-03-07 08:27:14.877503+00	33	UNO City - новый город-курорт в Кыргызстан	2	[{"changed": {"fields": ["\\u0418\\u0437\\u043e\\u0431\\u0440\\u0430\\u0436\\u0435\\u043d\\u0438\\u0435"]}}]	13	1
173	2024-03-07 08:27:24.93144+00	35	UNO City - новый курорт в Кыргызстане	2	[{"changed": {"fields": ["\\u0418\\u0437\\u043e\\u0431\\u0440\\u0430\\u0436\\u0435\\u043d\\u0438\\u0435"]}}]	13	1
174	2024-03-07 08:27:33.816591+00	34	UNO City - новый город-курорт  Кыргызстане	2	[{"changed": {"fields": ["\\u0418\\u0437\\u043e\\u0431\\u0440\\u0430\\u0436\\u0435\\u043d\\u0438\\u0435"]}}]	13	1
175	2024-03-07 08:27:42.091459+00	11	Все под одной крышей: стройматериалы, сантехника, электротовары и мн.	2	[{"changed": {"fields": ["\\u0418\\u0437\\u043e\\u0431\\u0440\\u0430\\u0436\\u0435\\u043d\\u0438\\u0435"]}}]	13	1
176	2024-03-07 08:27:49.894842+00	41	Взять квартиру в ипотеку в Бишкеке:  выполнима?	2	[{"changed": {"fields": ["\\u0418\\u0437\\u043e\\u0431\\u0440\\u0430\\u0436\\u0435\\u043d\\u0438\\u0435"]}}]	13	1
177	2024-03-07 08:27:56.91776+00	40	Взять квартиру на ипотеку в Бишкеке: миссия выполнима?	2	[{"changed": {"fields": ["\\u0418\\u0437\\u043e\\u0431\\u0440\\u0430\\u0436\\u0435\\u043d\\u0438\\u0435"]}}]	13	1
178	2024-03-07 08:28:04.792348+00	42	Взять квартира в ипотеку в Бишкеке: миссия выполнима?	2	[{"changed": {"fields": ["\\u0418\\u0437\\u043e\\u0431\\u0440\\u0430\\u0436\\u0435\\u043d\\u0438\\u0435"]}}]	13	1
179	2024-03-07 08:28:13.602942+00	44	Москва - премиум турак жай имараты	2	[{"changed": {"fields": ["\\u0418\\u0437\\u043e\\u0431\\u0440\\u0430\\u0436\\u0435\\u043d\\u0438\\u0435"]}}]	13	1
180	2024-03-07 08:28:20.746013+00	36	UNO - новый город-курорт в Кыргызстане	2	[{"changed": {"fields": ["\\u0418\\u0437\\u043e\\u0431\\u0440\\u0430\\u0436\\u0435\\u043d\\u0438\\u0435"]}}]	13	1
181	2024-03-07 08:28:30.310627+00	45	Москва - премиум турак жай имараттар	2	[{"changed": {"fields": ["\\u0418\\u0437\\u043e\\u0431\\u0440\\u0430\\u0436\\u0435\\u043d\\u0438\\u0435"]}}]	13	1
182	2024-03-07 08:28:37.187315+00	43	Взять квартиру в ипотеку в Бишкеке: миссия выполним?	2	[{"changed": {"fields": ["\\u0418\\u0437\\u043e\\u0431\\u0440\\u0430\\u0436\\u0435\\u043d\\u0438\\u0435"]}}]	13	1
183	2024-03-07 08:28:44.049843+00	48	UNO City - Кыргызстандагы жаңы курорттук шаар	2	[{"changed": {"fields": ["\\u0418\\u0437\\u043e\\u0431\\u0440\\u0430\\u0436\\u0435\\u043d\\u0438\\u0435"]}}]	13	1
184	2024-03-07 08:28:52.709948+00	49	UNO City - Кыргызстандагы жаңы курортук шаар	2	[{"changed": {"fields": ["\\u0418\\u0437\\u043e\\u0431\\u0440\\u0430\\u0436\\u0435\\u043d\\u0438\\u0435"]}}]	13	1
185	2024-03-07 08:29:03.017042+00	46	Москва - премиум турак имараты	2	[{"changed": {"fields": ["\\u0418\\u0437\\u043e\\u0431\\u0440\\u0430\\u0436\\u0435\\u043d\\u0438\\u0435"]}}]	13	1
186	2024-03-07 08:29:10.035178+00	51	UNO - Кыргызстандагы жаңы курорттук шаар	2	[{"changed": {"fields": ["\\u0418\\u0437\\u043e\\u0431\\u0440\\u0430\\u0436\\u0435\\u043d\\u0438\\u0435"]}}]	13	1
187	2024-03-07 08:29:17.095302+00	52	UNO City - Кыргызстанда жаңы курорттук шаар	2	[{"changed": {"fields": ["\\u0418\\u0437\\u043e\\u0431\\u0440\\u0430\\u0436\\u0435\\u043d\\u0438\\u0435"]}}]	13	1
188	2024-03-07 08:29:25.965036+00	50	UNO City - Кыргызстандагы  курорттук шаар	2	[{"changed": {"fields": ["\\u0418\\u0437\\u043e\\u0431\\u0440\\u0430\\u0436\\u0435\\u043d\\u0438\\u0435"]}}]	13	1
189	2024-03-07 08:29:52.245067+00	47	Мовква - премиум турак жай имараты	3		13	1
190	2024-03-07 08:29:58.975462+00	53	City - Кыргызстандагы жаңы курорттук шаар	2	[{"changed": {"fields": ["\\u0418\\u0437\\u043e\\u0431\\u0440\\u0430\\u0436\\u0435\\u043d\\u0438\\u0435"]}}]	13	1
191	2024-03-07 08:30:09.730927+00	54	Бишкектен ипотека менен батир алуу: миссия мүмкүнбү?	2	[{"changed": {"fields": ["\\u0418\\u0437\\u043e\\u0431\\u0440\\u0430\\u0436\\u0435\\u043d\\u0438\\u0435"]}}]	13	1
192	2024-03-07 08:30:19.028117+00	55	Бишкектен ипотека батир алуу: миссия мүмкүнбү?	2	[{"changed": {"fields": ["\\u0418\\u0437\\u043e\\u0431\\u0440\\u0430\\u0436\\u0435\\u043d\\u0438\\u0435"]}}]	13	1
193	2024-03-07 08:35:07.569209+00	45	Москва - премиум турак жай имараттар	2	[{"changed": {"fields": ["\\u042f\\u0437\\u044b\\u043a"]}}]	13	1
194	2024-03-07 08:35:17.319123+00	60	Дубайдын сырлары, чет өлкөдөгү кыймылсыз	2	[{"changed": {"fields": ["\\u042f\\u0437\\u044b\\u043a"]}}]	13	1
195	2024-03-07 08:35:25.143507+00	63	Галерея - бүтүрүү материалдары дүң	2	[{"changed": {"fields": ["\\u042f\\u0437\\u044b\\u043a"]}}]	13	1
196	2024-03-07 08:35:46.935705+00	67	Галерея - бүтүрү материлдары дүң жана чекене	2	[{"changed": {"fields": ["\\u042f\\u0437\\u044b\\u043a"]}}]	13	1
197	2024-03-07 08:35:52.196364+00	65	Галерея - бүтүрүү материалдары жана чекене	2	[{"changed": {"fields": ["\\u042f\\u0437\\u044b\\u043a"]}}]	13	1
198	2024-03-07 08:36:00.082999+00	62	Галерея - бүтүрүү материалдары дүң жана чекене	2	[{"changed": {"fields": ["\\u042f\\u0437\\u044b\\u043a"]}}]	13	1
199	2024-03-07 08:36:06.362995+00	61	Дубайдын сыры, чет өлкөдөгү кыймылсыз мүлк	2	[{"changed": {"fields": ["\\u042f\\u0437\\u044b\\u043a"]}}]	13	1
200	2024-03-07 08:36:13.423288+00	59	Дубайдын сырлары, чет  кыймылсыз мүлк	2	[{"changed": {"fields": ["\\u042f\\u0437\\u044b\\u043a"]}}]	13	1
201	2024-03-07 08:36:18.967241+00	58	Дубайдын сырлары, чет өлкөдөгү кыймылсыз мүлк	2	[{"changed": {"fields": ["\\u042f\\u0437\\u044b\\u043a"]}}]	13	1
202	2024-03-07 08:36:33.897304+00	57	Бишкектен ипотека менен батир алуу: миссия мүмкүн?	2	[{"changed": {"fields": ["\\u042f\\u0437\\u044b\\u043a"]}}]	13	1
203	2024-03-07 08:36:47.980091+00	56	Бишкектен ипотека менен батир : миссия мүмкүнбү?	2	[{"changed": {"fields": ["\\u042f\\u0437\\u044b\\u043a"]}}]	13	1
204	2024-03-07 08:36:58.243027+00	56	Бишкектен ипотека менен батир : миссия мүмкүнбү?	2	[]	13	1
205	2024-03-07 08:37:18.665634+00	44	Москва - премиум турак жай имараты	2	[]	13	1
206	2024-03-07 08:37:42.851701+00	16	Продукттар	2	[{"changed": {"fields": ["\\u042f\\u0437\\u044b\\u043a"]}}]	8	1
207	2024-03-07 08:41:09.873416+00	67	Галерея - бүтүрү материлдары дүң жана чекене	2	[{"added": {"name": "\\u0414\\u043e\\u043f\\u043e\\u043b\\u043d\\u0438\\u0442\\u0435\\u043b\\u044c\\u043d\\u043e", "object": "PostDetail object (5)"}}]	13	1
208	2024-03-07 08:42:15.093439+00	65	Галерея - бүтүрүү материалдары жана чекене	2	[{"added": {"name": "\\u0414\\u043e\\u043f\\u043e\\u043b\\u043d\\u0438\\u0442\\u0435\\u043b\\u044c\\u043d\\u043e", "object": "PostDetail object (6)"}}]	13	1
209	2024-03-07 08:43:38.059684+00	64	Галерея - материалдары дүң жана чекене	2	[{"added": {"name": "\\u0414\\u043e\\u043f\\u043e\\u043b\\u043d\\u0438\\u0442\\u0435\\u043b\\u044c\\u043d\\u043e", "object": "PostDetail object (7)"}}]	13	1
210	2024-03-07 08:44:45.360981+00	63	Галерея - бүтүрүү материалдары дүң	2	[{"added": {"name": "\\u0414\\u043e\\u043f\\u043e\\u043b\\u043d\\u0438\\u0442\\u0435\\u043b\\u044c\\u043d\\u043e", "object": "PostDetail object (8)"}}]	13	1
211	2024-03-07 08:46:06.146924+00	8	Галерея - отделочные материалы оптом и в розницу	2	[{"added": {"name": "\\u0414\\u043e\\u043f\\u043e\\u043b\\u043d\\u0438\\u0442\\u0435\\u043b\\u044c\\u043d\\u043e", "object": "PostDetail object (9)"}}]	13	1
212	2024-03-07 08:48:30.462019+00	7	Sumbule - SPA центр незабываемого отдыха, красоты и здоровья	2	[{"added": {"name": "\\u0414\\u043e\\u043f\\u043e\\u043b\\u043d\\u0438\\u0442\\u0435\\u043b\\u044c\\u043d\\u043e", "object": "PostDetail object (10)"}}]	13	1
213	2024-03-07 08:49:25.167221+00	6	Москва - жилой дом премиум-класс	2	[{"added": {"name": "\\u0414\\u043e\\u043f\\u043e\\u043b\\u043d\\u0438\\u0442\\u0435\\u043b\\u044c\\u043d\\u043e", "object": "PostDetail object (11)"}}]	13	1
214	2024-03-07 08:50:11.638791+00	5	Palazzo - ресторан премиум-класса	2	[{"added": {"name": "\\u0414\\u043e\\u043f\\u043e\\u043b\\u043d\\u0438\\u0442\\u0435\\u043b\\u044c\\u043d\\u043e", "object": "PostDetail object (12)"}}]	13	1
215	2024-03-07 08:51:17.358191+00	1	Москва - жилой дом премиум-класса	2	[{"changed": {"name": "\\u0414\\u043e\\u043f\\u043e\\u043b\\u043d\\u0438\\u0442\\u0435\\u043b\\u044c\\u043d\\u043e", "object": "PostDetail object (2)", "fields": ["\\u041f\\u043e\\u0434\\u0440\\u043e\\u0431\\u043d\\u0435\\u0435"]}}]	13	1
243	2024-03-07 09:21:27.613545+00	39	Взять квартиру  ипотеку в Бишкеке: миссия выполнима?	2	[{"added": {"name": "\\u0414\\u043e\\u043f\\u043e\\u043b\\u043d\\u0438\\u0442\\u0435\\u043b\\u044c\\u043d\\u043e", "object": "PostDetail object (39)"}}]	13	1
216	2024-03-07 08:52:26.178901+00	3	Взять квартиру в ипотеку в Бишкеке: миссия выполнима?	2	[{"changed": {"name": "\\u0414\\u043e\\u043f\\u043e\\u043b\\u043d\\u0438\\u0442\\u0435\\u043b\\u044c\\u043d\\u043e", "object": "PostDetail object (3)", "fields": ["\\u041f\\u043e\\u0434\\u0440\\u043e\\u0431\\u043d\\u0435\\u0435"]}}]	13	1
217	2024-03-07 08:53:15.613677+00	16	Все под одной крышей:  инструменты, электротовары и мн.	2	[{"added": {"name": "\\u0414\\u043e\\u043f\\u043e\\u043b\\u043d\\u0438\\u0442\\u0435\\u043b\\u044c\\u043d\\u043e", "object": "PostDetail object (13)"}}]	13	1
218	2024-03-07 08:54:08.103818+00	15	Все под одной крышей: стройматериалы, сантехника, инструменты, электротовары	2	[{"added": {"name": "\\u0414\\u043e\\u043f\\u043e\\u043b\\u043d\\u0438\\u0442\\u0435\\u043b\\u044c\\u043d\\u043e", "object": "PostDetail object (14)"}}]	13	1
219	2024-03-07 08:55:05.396697+00	14	Все под одной крышей: стройматериалы, сантехника, инструменты	2	[{"added": {"name": "\\u0414\\u043e\\u043f\\u043e\\u043b\\u043d\\u0438\\u0442\\u0435\\u043b\\u044c\\u043d\\u043e", "object": "PostDetail object (15)"}}]	13	1
220	2024-03-07 08:56:53.091221+00	10	Все под одной крышей: стройматериалы, сантехника, инструменты, электротовары и мн.	2	[{"added": {"name": "\\u0414\\u043e\\u043f\\u043e\\u043b\\u043d\\u0438\\u0442\\u0435\\u043b\\u044c\\u043d\\u043e", "object": "PostDetail object (16)"}}]	13	1
221	2024-03-07 08:57:54.049056+00	12	Все под одной крышей: стройматериалы,, инструменты, электротовары и мн.	2	[{"added": {"name": "\\u0414\\u043e\\u043f\\u043e\\u043b\\u043d\\u0438\\u0442\\u0435\\u043b\\u044c\\u043d\\u043e", "object": "PostDetail object (17)"}}]	13	1
222	2024-03-07 08:58:53.679831+00	13	Все под одной крышей: , сантехника, инструменты, электротовары и мн.	2	[{"added": {"name": "\\u0414\\u043e\\u043f\\u043e\\u043b\\u043d\\u0438\\u0442\\u0435\\u043b\\u044c\\u043d\\u043e", "object": "PostDetail object (18)"}}]	13	1
223	2024-03-07 08:59:57.616776+00	17	Владислав Попов - основатель дизайн-студии Freedom Group	2	[{"added": {"name": "\\u0414\\u043e\\u043f\\u043e\\u043b\\u043d\\u0438\\u0442\\u0435\\u043b\\u044c\\u043d\\u043e", "object": "PostDetail object (19)"}}]	13	1
224	2024-03-07 09:00:49.517419+00	18	Владислав- основатель дизайн-студии Freedom Group	2	[{"added": {"name": "\\u0414\\u043e\\u043f\\u043e\\u043b\\u043d\\u0438\\u0442\\u0435\\u043b\\u044c\\u043d\\u043e", "object": "PostDetail object (20)"}}]	13	1
225	2024-03-07 09:02:00.947131+00	19	Владислав Попов - основатель дизайн Freedom Group	2	[{"added": {"name": "\\u0414\\u043e\\u043f\\u043e\\u043b\\u043d\\u0438\\u0442\\u0435\\u043b\\u044c\\u043d\\u043e", "object": "PostDetail object (21)"}}]	13	1
226	2024-03-07 09:02:58.649198+00	20	Владислав Попов - основатель студии Freedom Group	2	[{"added": {"name": "\\u0414\\u043e\\u043f\\u043e\\u043b\\u043d\\u0438\\u0442\\u0435\\u043b\\u044c\\u043d\\u043e", "object": "PostDetail object (22)"}}]	13	1
227	2024-03-07 09:04:06.29419+00	21	Отель Орион - не только место для отдыха	2	[{"added": {"name": "\\u0414\\u043e\\u043f\\u043e\\u043b\\u043d\\u0438\\u0442\\u0435\\u043b\\u044c\\u043d\\u043e", "object": "PostDetail object (23)"}}]	13	1
228	2024-03-07 09:05:25.120981+00	22	Отель Орион -  только место для отдыха	2	[{"added": {"name": "\\u0414\\u043e\\u043f\\u043e\\u043b\\u043d\\u0438\\u0442\\u0435\\u043b\\u044c\\u043d\\u043e", "object": "PostDetail object (24)"}}]	13	1
229	2024-03-07 09:06:25.176803+00	23	Отель Орион - не только место  отдыха	2	[{"added": {"name": "\\u0414\\u043e\\u043f\\u043e\\u043b\\u043d\\u0438\\u0442\\u0435\\u043b\\u044c\\u043d\\u043e", "object": "PostDetail object (25)"}}]	13	1
230	2024-03-07 09:07:19.682617+00	24	Sumbule - центр незабываемого отдыха, красоты и здоровья	2	[{"added": {"name": "\\u0414\\u043e\\u043f\\u043e\\u043b\\u043d\\u0438\\u0442\\u0435\\u043b\\u044c\\u043d\\u043e", "object": "PostDetail object (26)"}}]	13	1
231	2024-03-07 09:08:37.006737+00	25	Sumbule - SPA  незабываемого отдыха, красоты и здоровья	2	[{"added": {"name": "\\u0414\\u043e\\u043f\\u043e\\u043b\\u043d\\u0438\\u0442\\u0435\\u043b\\u044c\\u043d\\u043e", "object": "PostDetail object (27)"}}]	13	1
232	2024-03-07 09:09:49.997225+00	26	Sumbule - SPA центр незабываемого отдыха, красоты	2	[{"added": {"name": "\\u0414\\u043e\\u043f\\u043e\\u043b\\u043d\\u0438\\u0442\\u0435\\u043b\\u044c\\u043d\\u043e", "object": "PostDetail object (28)"}}]	13	1
233	2024-03-07 09:11:02.70373+00	28	SPA центр незабываемого отдыха, красоты и здоровья	2	[{"added": {"name": "\\u0414\\u043e\\u043f\\u043e\\u043b\\u043d\\u0438\\u0442\\u0435\\u043b\\u044c\\u043d\\u043e", "object": "PostDetail object (29)"}}]	13	1
234	2024-03-07 09:11:57.843944+00	27	Sumbule - SPA центр незабываемого красоты и здоровья	2	[{"added": {"name": "\\u0414\\u043e\\u043f\\u043e\\u043b\\u043d\\u0438\\u0442\\u0435\\u043b\\u044c\\u043d\\u043e", "object": "PostDetail object (30)"}}]	13	1
235	2024-03-07 09:12:58.867837+00	30	Sumbule - SPA центр незабываемого отдых  красоты и здоровья	2	[{"added": {"name": "\\u0414\\u043e\\u043f\\u043e\\u043b\\u043d\\u0438\\u0442\\u0435\\u043b\\u044c\\u043d\\u043e", "object": "PostDetail object (31)"}}]	13	1
236	2024-03-07 09:14:13.15715+00	29	Sumbule - SPA центр незабываемого отдыха, красоты здоровья	2	[{"added": {"name": "\\u0414\\u043e\\u043f\\u043e\\u043b\\u043d\\u0438\\u0442\\u0435\\u043b\\u044c\\u043d\\u043e", "object": "PostDetail object (32)"}}]	13	1
237	2024-03-07 09:15:17.076653+00	31	Palazzo - ресторан премиум-класа	2	[{"added": {"name": "\\u0414\\u043e\\u043f\\u043e\\u043b\\u043d\\u0438\\u0442\\u0435\\u043b\\u044c\\u043d\\u043e", "object": "PostDetail object (33)"}}]	13	1
238	2024-03-07 09:16:23.573597+00	9	Галерея - отделочные материалы оптом и  розницу	2	[{"added": {"name": "\\u0414\\u043e\\u043f\\u043e\\u043b\\u043d\\u0438\\u0442\\u0435\\u043b\\u044c\\u043d\\u043e", "object": "PostDetail object (34)"}}]	13	1
239	2024-03-07 09:17:15.148452+00	32	Palazzo - ресторан лучшего-класса	2	[{"added": {"name": "\\u0414\\u043e\\u043f\\u043e\\u043b\\u043d\\u0438\\u0442\\u0435\\u043b\\u044c\\u043d\\u043e", "object": "PostDetail object (35)"}}]	13	1
240	2024-03-07 09:18:27.904137+00	49	UNO City - Кыргызстандагы жаңы курортук шаар	2	[{"added": {"name": "\\u0414\\u043e\\u043f\\u043e\\u043b\\u043d\\u0438\\u0442\\u0435\\u043b\\u044c\\u043d\\u043e", "object": "PostDetail object (36)"}}]	13	1
241	2024-03-07 09:19:21.127652+00	38	Взять квартиру в ипотеку в Бишкек: миссия выполнима?	2	[{"added": {"name": "\\u0414\\u043e\\u043f\\u043e\\u043b\\u043d\\u0438\\u0442\\u0435\\u043b\\u044c\\u043d\\u043e", "object": "PostDetail object (37)"}}]	13	1
242	2024-03-07 09:20:26.030874+00	45	Москва - премиум турак жай имараттар	2	[{"added": {"name": "\\u0414\\u043e\\u043f\\u043e\\u043b\\u043d\\u0438\\u0442\\u0435\\u043b\\u044c\\u043d\\u043e", "object": "PostDetail object (38)"}}]	13	1
244	2024-03-07 09:23:13.430132+00	33	UNO City - новый город-курорт в Кыргызстан	2	[{"added": {"name": "\\u0414\\u043e\\u043f\\u043e\\u043b\\u043d\\u0438\\u0442\\u0435\\u043b\\u044c\\u043d\\u043e", "object": "PostDetail object (40)"}}]	13	1
245	2024-03-07 09:28:14.935757+00	35	UNO City - новый курорт в Кыргызстане	2	[{"added": {"name": "\\u0414\\u043e\\u043f\\u043e\\u043b\\u043d\\u0438\\u0442\\u0435\\u043b\\u044c\\u043d\\u043e", "object": "PostDetail object (41)"}}]	13	1
246	2024-03-07 09:32:22.452667+00	34	UNO City - новый город-курорт  Кыргызстане	2	[{"added": {"name": "\\u0414\\u043e\\u043f\\u043e\\u043b\\u043d\\u0438\\u0442\\u0435\\u043b\\u044c\\u043d\\u043e", "object": "PostDetail object (42)"}}]	13	1
247	2024-03-07 09:33:44.981821+00	11	Все под одной крышей: стройматериалы, сантехника, электротовары и мн.	2	[{"added": {"name": "\\u0414\\u043e\\u043f\\u043e\\u043b\\u043d\\u0438\\u0442\\u0435\\u043b\\u044c\\u043d\\u043e", "object": "PostDetail object (43)"}}]	13	1
248	2024-03-07 09:35:11.851594+00	41	Взять квартиру в ипотеку в Бишкеке:  выполнима?	2	[{"added": {"name": "\\u0414\\u043e\\u043f\\u043e\\u043b\\u043d\\u0438\\u0442\\u0435\\u043b\\u044c\\u043d\\u043e", "object": "PostDetail object (44)"}}]	13	1
249	2024-03-07 09:36:30.348789+00	44	Москва - премиум турак жай имараты	2	[{"added": {"name": "\\u0414\\u043e\\u043f\\u043e\\u043b\\u043d\\u0438\\u0442\\u0435\\u043b\\u044c\\u043d\\u043e", "object": "PostDetail object (45)"}}]	13	1
250	2024-03-07 09:37:37.164926+00	53	City - Кыргызстандагы жаңы курорттук шаар	2	[{"added": {"name": "\\u0414\\u043e\\u043f\\u043e\\u043b\\u043d\\u0438\\u0442\\u0435\\u043b\\u044c\\u043d\\u043e", "object": "PostDetail object (46)"}}]	13	1
251	2024-03-07 09:38:33.551517+00	40	Взять квартиру на ипотеку в Бишкеке: миссия выполнима?	2	[{"added": {"name": "\\u0414\\u043e\\u043f\\u043e\\u043b\\u043d\\u0438\\u0442\\u0435\\u043b\\u044c\\u043d\\u043e", "object": "PostDetail object (47)"}}]	13	1
252	2024-03-07 09:39:29.552405+00	42	Взять квартира в ипотеку в Бишкеке: миссия выполнима?	2	[{"added": {"name": "\\u0414\\u043e\\u043f\\u043e\\u043b\\u043d\\u0438\\u0442\\u0435\\u043b\\u044c\\u043d\\u043e", "object": "PostDetail object (48)"}}]	13	1
253	2024-03-07 09:40:20.834155+00	36	UNO - новый город-курорт в Кыргызстане	2	[{"added": {"name": "\\u0414\\u043e\\u043f\\u043e\\u043b\\u043d\\u0438\\u0442\\u0435\\u043b\\u044c\\u043d\\u043e", "object": "PostDetail object (49)"}}]	13	1
254	2024-03-07 09:41:30.773091+00	43	Взять квартиру в ипотеку в Бишкеке: миссия выполним?	2	[{"added": {"name": "\\u0414\\u043e\\u043f\\u043e\\u043b\\u043d\\u0438\\u0442\\u0435\\u043b\\u044c\\u043d\\u043e", "object": "PostDetail object (50)"}}]	13	1
255	2024-03-07 09:42:21.466724+00	48	UNO City - Кыргызстандагы жаңы курорттук шаар	2	[{"added": {"name": "\\u0414\\u043e\\u043f\\u043e\\u043b\\u043d\\u0438\\u0442\\u0435\\u043b\\u044c\\u043d\\u043e", "object": "PostDetail object (51)"}}]	13	1
256	2024-03-07 09:43:07.345381+00	46	Москва - премиум турак имараты	2	[{"added": {"name": "\\u0414\\u043e\\u043f\\u043e\\u043b\\u043d\\u0438\\u0442\\u0435\\u043b\\u044c\\u043d\\u043e", "object": "PostDetail object (52)"}}]	13	1
257	2024-03-07 09:44:13.215807+00	15	Компанияден сунуштар	2	[{"changed": {"fields": ["\\u042f\\u0437\\u044b\\u043a"]}}]	8	1
258	2024-03-07 09:44:19.398191+00	13	Люкс майрам	2	[{"changed": {"fields": ["\\u042f\\u0437\\u044b\\u043a"]}}]	8	1
259	2024-03-07 09:47:38.476578+00	15	Компанияден сунуштар	2	[{"changed": {"fields": ["\\u0410\\u043a\\u0442\\u0438\\u0432\\u043d\\u043e"]}}]	8	1
260	2024-03-07 09:47:38.478631+00	12	Предложение от компании	2	[{"changed": {"fields": ["\\u0410\\u043a\\u0442\\u0438\\u0432\\u043d\\u043e"]}}]	8	1
261	2024-03-07 09:48:44.289676+00	51	UNO - Кыргызстандагы жаңы курорттук шаар	2	[{"added": {"name": "\\u0414\\u043e\\u043f\\u043e\\u043b\\u043d\\u0438\\u0442\\u0435\\u043b\\u044c\\u043d\\u043e", "object": "PostDetail object (53)"}}]	13	1
262	2024-03-07 09:49:27.993507+00	15	Компаниядан сунуштар	2	[{"changed": {"fields": ["\\u041d\\u0430\\u0437\\u0432\\u0430\\u043d\\u0438\\u0435", "\\u0410\\u043a\\u0442\\u0438\\u0432\\u043d\\u043e"]}}]	8	1
263	2024-03-07 09:49:57.729772+00	52	UNO City - Кыргызстанда жаңы курорттук шаар	2	[{"added": {"name": "\\u0414\\u043e\\u043f\\u043e\\u043b\\u043d\\u0438\\u0442\\u0435\\u043b\\u044c\\u043d\\u043e", "object": "PostDetail object (54)"}}]	13	1
264	2024-03-07 09:52:59.76149+00	50	UNO City - Кыргызстандагы  курорттук шаар	2	[{"added": {"name": "\\u0414\\u043e\\u043f\\u043e\\u043b\\u043d\\u0438\\u0442\\u0435\\u043b\\u044c\\u043d\\u043e", "object": "PostDetail object (55)"}}]	13	1
265	2024-03-07 09:54:24.148528+00	55	Бишкектен ипотека батир алуу: миссия мүмкүнбү?	2	[]	13	1
266	2024-03-07 09:55:09.839989+00	68	Максаты кадимки жашоого кайтуу	1	[{"added": {}}]	13	1
267	2024-03-07 10:01:07.080838+00	54	Бишкектен ипотека менен батир алуу: миссия мүмкүнбү?	2	[{"added": {"name": "\\u0414\\u043e\\u043f\\u043e\\u043b\\u043d\\u0438\\u0442\\u0435\\u043b\\u044c\\u043d\\u043e", "object": "PostDetail object (56)"}}]	13	1
268	2024-03-07 10:03:55.187536+00	60	Дубайдын сырлары, чет өлкөдөгү кыймылсыз	2	[{"added": {"name": "\\u0414\\u043e\\u043f\\u043e\\u043b\\u043d\\u0438\\u0442\\u0435\\u043b\\u044c\\u043d\\u043e", "object": "PostDetail object (57)"}}]	13	1
269	2024-03-07 10:05:11.178309+00	62	Галерея - бүтүрүү материалдары дүң жана чекене	2	[{"added": {"name": "\\u0414\\u043e\\u043f\\u043e\\u043b\\u043d\\u0438\\u0442\\u0435\\u043b\\u044c\\u043d\\u043e", "object": "PostDetail object (58)"}}]	13	1
270	2024-03-07 10:06:42.966623+00	57	Бишкектен ипотека менен батир алуу: миссия мүмкүн?	2	[{"added": {"name": "\\u0414\\u043e\\u043f\\u043e\\u043b\\u043d\\u0438\\u0442\\u0435\\u043b\\u044c\\u043d\\u043e", "object": "PostDetail object (59)"}}]	13	1
271	2024-03-07 10:06:55.867018+00	61	Дубайдын сыры, чет өлкөдөгү кыймылсыз мүлк	2	[{"added": {"name": "\\u0414\\u043e\\u043f\\u043e\\u043b\\u043d\\u0438\\u0442\\u0435\\u043b\\u044c\\u043d\\u043e", "object": "PostDetail object (60)"}}]	13	1
272	2024-03-07 10:08:07.975201+00	1	Монолит - создаем надежность и комфорт вместе!	2	[{"changed": {"fields": ["\\u0418\\u0437\\u043e\\u0431\\u0440\\u0430\\u0436\\u0435\\u043d\\u0438\\u0435"]}}]	12	1
273	2024-03-07 10:08:09.364653+00	61	Дубайдын сыры, чет өлкөдөгү кыймылсыз мүлк	2	[{"added": {"name": "\\u0414\\u043e\\u043f\\u043e\\u043b\\u043d\\u0438\\u0442\\u0435\\u043b\\u044c\\u043d\\u043e", "object": "PostDetail object (61)"}}]	13	1
274	2024-03-07 10:08:12.70582+00	2	Монолит - ишенимдүүлүк менен комфортту чогуу жаратабыз!	2	[]	12	1
275	2024-03-07 10:09:09.287696+00	59	Дубайдын сырлары, чет  кыймылсыз мүлк	2	[{"added": {"name": "\\u0414\\u043e\\u043f\\u043e\\u043b\\u043d\\u0438\\u0442\\u0435\\u043b\\u044c\\u043d\\u043e", "object": "PostDetail object (62)"}}]	13	1
276	2024-03-07 10:09:25.018458+00	56	Бишкектен ипотека менен батир : миссия мүмкүнбү?	2	[{"added": {"name": "\\u0414\\u043e\\u043f\\u043e\\u043b\\u043d\\u0438\\u0442\\u0435\\u043b\\u044c\\u043d\\u043e", "object": "PostDetail object (63)"}}]	13	1
277	2024-03-07 10:09:55.49931+00	68	Максаты кадимки жашоого кайтуу	2	[{"changed": {"fields": ["\\u041f\\u043e\\u0434\\u043a\\u0430\\u0442\\u0435\\u0433\\u043e\\u0440\\u0438\\u044f"]}}]	13	1
278	2024-03-07 10:10:02.137269+00	8	Галерея - отделочные материалы оптом и в розницу	2	[{"changed": {"fields": ["\\u041f\\u043e\\u0434\\u043a\\u0430\\u0442\\u0435\\u0433\\u043e\\u0440\\u0438\\u044f"]}}]	13	1
279	2024-03-07 10:10:15.395664+00	1	Монолит - создаем надежность и комфорт вместе!	2	[{"changed": {"fields": ["\\u0418\\u0437\\u043e\\u0431\\u0440\\u0430\\u0436\\u0435\\u043d\\u0438\\u0435"]}}]	12	1
280	2024-03-07 10:10:17.882125+00	69	Бишкектен ипотекага батир алуу: миссия мүмкүнбү?	1	[{"added": {}}, {"added": {"name": "\\u0414\\u043e\\u043f\\u043e\\u043b\\u043d\\u0438\\u0442\\u0435\\u043b\\u044c\\u043d\\u043e", "object": "PostDetail object (64)"}}]	13	1
281	2024-03-07 10:10:23.789076+00	2	Монолит - ишенимдүүлүк менен комфортту чогуу жаратабыз!	2	[]	12	1
282	2024-03-07 10:10:37.76793+00	58	Дубайдын сырлары, чет өлкөдөгү кыймылсыз мүлк	2	[{"added": {"name": "\\u0414\\u043e\\u043f\\u043e\\u043b\\u043d\\u0438\\u0442\\u0435\\u043b\\u044c\\u043d\\u043e", "object": "PostDetail object (65)"}}]	13	1
283	2024-03-07 10:11:09.505365+00	1	Монолит - создаем надежность и комфорт вместе!	2	[{"changed": {"fields": ["\\u0418\\u0437\\u043e\\u0431\\u0440\\u0430\\u0436\\u0435\\u043d\\u0438\\u0435"]}}]	12	1
284	2024-03-07 10:11:47.413532+00	3	Орион - первый и единственный отель с сертификатом в Кыргызстане	1	[{"added": {}}]	12	1
285	2024-03-07 10:13:15.094668+00	4	Орион – Кыргызстандагы сертификаты бар биринчи жана жалгыз мейманкана	1	[{"added": {}}]	12	1
286	2024-03-07 10:13:25.134799+00	70	Максаты кадимки жашоого кайту	1	[{"added": {}}, {"added": {"name": "\\u0414\\u043e\\u043f\\u043e\\u043b\\u043d\\u0438\\u0442\\u0435\\u043b\\u044c\\u043d\\u043e", "object": "PostDetail object (66)"}}]	13	1
287	2024-03-07 10:13:35.632952+00	4	Орион – Кыргызстандагы сертификаты бар биринчи жана жалгыз мейманкана	2	[{"changed": {"fields": ["\\u042f\\u0437\\u044b\\u043a"]}}]	12	1
288	2024-03-07 10:15:20.669481+00	71	Бизнес жолугушуулар үчүн жер	1	[{"added": {}}, {"added": {"name": "\\u0414\\u043e\\u043f\\u043e\\u043b\\u043d\\u0438\\u0442\\u0435\\u043b\\u044c\\u043d\\u043e", "object": "PostDetail object (67)"}}]	13	1
289	2024-03-07 10:15:25.398962+00	72	Миссия - кадимкиден тышкары	1	[{"added": {}}, {"added": {"name": "\\u0414\\u043e\\u043f\\u043e\\u043b\\u043d\\u0438\\u0442\\u0435\\u043b\\u044c\\u043d\\u043e", "object": "PostDetail object (68)"}}]	13	1
290	2024-03-07 10:21:15.833763+00	74	Бизнес жолугушуулар үчүн жерb	1	[{"added": {}}, {"added": {"name": "\\u0414\\u043e\\u043f\\u043e\\u043b\\u043d\\u0438\\u0442\\u0435\\u043b\\u044c\\u043d\\u043e", "object": "PostDetail object (69)"}}]	13	1
291	2024-03-07 10:27:25.329891+00	13	Люкс майрам	2	[{"changed": {"fields": ["\\u0412\\u044b\\u0431\\u0435\\u0440\\u0438\\u0442\\u0435 \\u0440\\u0443\\u0441\\u0441\\u043a\\u0443\\u044e \\u0432\\u0435\\u0440\\u0441\\u0438\\u044e \\u043a\\u0430\\u0442\\u0435\\u0433\\u043e\\u0440\\u0438\\u0438!"]}}]	8	1
292	2024-03-07 10:30:49.370915+00	75	123	1	[{"added": {}}]	13	1
293	2024-03-07 10:30:58.369794+00	75	123	3		13	1
294	2024-03-07 10:33:17.494718+00	51	UNO - Кыргызстандагы жаңы курорттук шаар	2	[{"changed": {"fields": ["\\u042f\\u0437\\u044b\\u043a"]}}]	13	1
295	2024-03-07 10:33:27.516308+00	52	UNO City - Кыргызстанда жаңы курорттук шаар	2	[{"changed": {"fields": ["\\u042f\\u0437\\u044b\\u043a"]}}]	13	1
296	2024-03-07 10:33:37.909015+00	48	UNO City - Кыргызстандагы жаңы курорттук шаар	2	[{"changed": {"fields": ["\\u042f\\u0437\\u044b\\u043a"]}}]	13	1
297	2024-03-07 10:33:47.332192+00	48	UNO City - Кыргызстандагы жаңы курорттук шаар	2	[]	13	1
298	2024-03-07 10:33:57.859048+00	46	Москва - премиум турак имараты	2	[{"changed": {"fields": ["\\u042f\\u0437\\u044b\\u043a"]}}]	13	1
299	2024-03-07 10:40:08.471303+00	5	123	1	[{"added": {}}]	12	1
300	2024-03-07 10:40:37.241779+00	5	123	3		12	1
301	2024-03-07 10:42:12.668674+00	17	123	1	[{"added": {}}]	8	1
302	2024-03-07 10:42:24.887604+00	17	123	2	[{"changed": {"fields": ["\\u042f\\u0437\\u044b\\u043a", "\\u0412\\u044b\\u0431\\u0435\\u0440\\u0438\\u0442\\u0435 \\u0440\\u0443\\u0441\\u0441\\u043a\\u0443\\u044e \\u0432\\u0435\\u0440\\u0441\\u0438\\u044e \\u043a\\u0430\\u0442\\u0435\\u0433\\u043e\\u0440\\u0438\\u0438!"]}}]	8	1
303	2024-03-07 10:42:28.617852+00	17	123	3		8	1
304	2024-03-07 10:42:59.111042+00	18	Интервью	1	[{"added": {}}]	8	1
305	2024-03-07 10:43:37.712651+00	15	Компаниядан сунуштар	2	[{"changed": {"fields": ["\\u0410\\u043a\\u0442\\u0438\\u0432\\u043d\\u043e"]}}]	8	1
306	2024-03-07 10:43:50.140082+00	19	Байланыш	1	[{"added": {}}]	8	1
307	2024-03-07 10:44:03.504899+00	19	Байланыш	2	[{"changed": {"fields": ["\\u042f\\u0437\\u044b\\u043a"]}}]	8	1
308	2024-03-07 10:48:01.374851+00	18	Маектешүү	2	[{"changed": {"fields": ["\\u041d\\u0430\\u0437\\u0432\\u0430\\u043d\\u0438\\u0435"]}}]	8	1
309	2024-03-07 10:52:33.919958+00	76	Анна Шишкина - Freedom Group дизайн студиясынын негиздөөчүсү.	1	[{"added": {}}, {"added": {"name": "\\u0414\\u043e\\u043f\\u043e\\u043b\\u043d\\u0438\\u0442\\u0435\\u043b\\u044c\\u043d\\u043e", "object": "PostDetail object (70)"}}]	13	1
310	2024-03-07 10:52:40.634598+00	77	кызыктуу темалар боюнча макалалар	1	[{"added": {}}, {"added": {"name": "\\u0414\\u043e\\u043f\\u043e\\u043b\\u043d\\u0438\\u0442\\u0435\\u043b\\u044c\\u043d\\u043e", "object": "PostDetail object (71)"}}]	13	1
311	2024-03-07 10:53:44.561692+00	78	Анна Шишкина - Freedom дизайн студиясынын негиздөөчүсү.	1	[{"added": {}}, {"added": {"name": "\\u0414\\u043e\\u043f\\u043e\\u043b\\u043d\\u0438\\u0442\\u0435\\u043b\\u044c\\u043d\\u043e", "object": "PostDetail object (72)"}}]	13	1
312	2024-03-07 10:54:47.813787+00	79	жума сайын жаңы кабар	1	[{"added": {}}, {"added": {"name": "\\u0414\\u043e\\u043f\\u043e\\u043b\\u043d\\u0438\\u0442\\u0435\\u043b\\u044c\\u043d\\u043e", "object": "PostDetail object (73)"}}]	13	1
313	2024-03-07 10:58:16.464341+00	80	Баары бир чатырдын астында: курулуш материалдары, сантехника, шаймандар, электр буюмдары жана башкалар.	1	[{"added": {}}]	13	1
314	2024-03-07 10:58:43.307043+00	81	Баары бир чатырдын астында: курулуш материалдары, сантехника,  электр буюмдары жана башкалар.	1	[{"added": {}}]	13	1
315	2024-03-07 10:59:09.170707+00	82	Баары бир чатырдын астында: курулуш материалдары,  шаймандар, электр буюмдары жана башкалар.	1	[{"added": {}}]	13	1
316	2024-03-07 10:59:44.031466+00	83	Баары бир чатырдын астында: курулуш материалдары, сантехника, шаймандар,  жана башкалар.	1	[{"added": {}}]	13	1
317	2024-03-07 11:26:33.668789+00	22	Отель Орион -  только место для отдыха	2	[{"changed": {"fields": ["\\u041f\\u0440\\u043e\\u0441\\u043c\\u043e\\u0442\\u0440\\u044b"]}}]	13	1
318	2024-03-07 11:26:56.297274+00	22	Отель Орион -  только место для отдыха	2	[{"changed": {"fields": ["\\u041f\\u0440\\u043e\\u0441\\u043c\\u043e\\u0442\\u0440\\u044b"]}}]	13	1
319	2024-03-07 11:29:11.401883+00	22	Отель Орион -  только место для отдыха	2	[{"changed": {"fields": ["\\u041f\\u0440\\u043e\\u0441\\u043c\\u043e\\u0442\\u0440\\u044b"]}}]	13	1
320	2024-03-07 11:29:22.95902+00	22	Отель Орион -  только место для отдыха	2	[{"changed": {"fields": ["\\u041f\\u0440\\u043e\\u0441\\u043c\\u043e\\u0442\\u0440\\u044b"]}}]	13	1
321	2024-03-07 11:29:45.159484+00	22	Отель Орион -  только место для отдыха	2	[{"changed": {"fields": ["\\u041f\\u0440\\u043e\\u0441\\u043c\\u043e\\u0442\\u0440\\u044b"]}}]	13	1
322	2024-03-07 11:29:59.886458+00	22	Отель Орион -  только место для отдыха	2	[{"changed": {"fields": ["\\u041f\\u0440\\u043e\\u0441\\u043c\\u043e\\u0442\\u0440\\u044b"]}}]	13	1
323	2024-03-07 11:32:28.427772+00	22	Отель Орион -  только место для отдыха	2	[{"changed": {"fields": ["\\u041f\\u0440\\u043e\\u0441\\u043c\\u043e\\u0442\\u0440\\u044b"]}}]	13	1
324	2024-03-07 11:32:40.914031+00	22	Отель Орион -  только место для отдыха	2	[{"changed": {"fields": ["\\u041f\\u0440\\u043e\\u0441\\u043c\\u043e\\u0442\\u0440\\u044b"]}}]	13	1
325	2024-03-07 11:32:54.407669+00	22	Отель Орион -  только место для отдыха	2	[{"changed": {"fields": ["\\u041f\\u0440\\u043e\\u0441\\u043c\\u043e\\u0442\\u0440\\u044b"]}}]	13	1
326	2024-03-07 11:33:06.840692+00	22	Отель Орион -  только место для отдыха	2	[{"changed": {"fields": ["\\u041f\\u0440\\u043e\\u0441\\u043c\\u043e\\u0442\\u0440\\u044b"]}}]	13	1
327	2024-03-07 11:34:54.060897+00	22	Отель Орион -  только место для отдыха	2	[{"changed": {"fields": ["\\u041f\\u0440\\u043e\\u0441\\u043c\\u043e\\u0442\\u0440\\u044b"]}}]	13	1
328	2024-03-07 11:35:31.440065+00	22	Отель Орион -  только место для отдыха	2	[{"changed": {"fields": ["\\u041f\\u0440\\u043e\\u0441\\u043c\\u043e\\u0442\\u0440\\u044b"]}}]	13	1
329	2024-03-07 12:08:30.856611+00	1	Движимость	2	[{"changed": {"fields": ["\\u041d\\u0430\\u0437\\u0432\\u0430\\u043d\\u0438\\u0435"]}}]	8	1
330	2024-03-07 12:09:14.05433+00	1	Движимость	2	[{"added": {"name": "", "object": "\\u0422\\u0435\\u0441\\u0442 \\u043a\\u0430\\u0442\\u0435\\u0433\\u043e\\u0440\\u0438\\u044f"}}]	8	1
331	2024-03-07 12:09:30.012345+00	1	Движимость	2	[{"changed": {"name": "", "object": "\\u0422\\u0435\\u0441\\u0442", "fields": ["\\u041d\\u0430\\u0437\\u0432\\u0430\\u043d\\u0438\\u0435"]}}]	8	1
332	2024-03-07 12:10:40.930056+00	6	Тест название	1	[{"added": {}}]	12	1
333	2024-03-07 12:11:09.091313+00	6	Тест название	2	[{"changed": {"fields": ["\\u0421\\u0443\\u0449\\u0435\\u0441\\u0442\\u0432\\u0443\\u044e\\u0449\\u0430\\u044f \\u0440\\u0443\\u0441\\u0441\\u043a\\u0430\\u044f \\u0432\\u0435\\u0440\\u0441\\u0438\\u044f", "\\u0418\\u0437\\u043e\\u0431\\u0440\\u0430\\u0436\\u0435\\u043d\\u0438\\u0435"]}}]	12	1
334	2024-03-07 12:14:22.39998+00	7	Alma	1	[{"added": {}}]	12	1
335	2024-03-07 12:15:32.688757+00	7	Alma	3		12	1
336	2024-03-07 12:15:43.45516+00	6	Тест название	3		12	1
337	2024-03-07 12:18:04.196486+00	20	персона	1	[{"added": {}}]	8	1
338	2024-03-07 12:19:58.057355+00	20	персона	2	[{"added": {"name": "", "object": "\\u0430\\u0440\\u0445\\u0438\\u0442\\u0435\\u043a\\u0442\\u043e\\u0440"}}]	8	1
339	2024-03-07 12:20:34.147449+00	20	персона	2	[{"added": {"name": "", "object": "\\u0434\\u0438\\u0437\\u0430\\u0439\\u043d\\u0435\\u0440"}}, {"added": {"name": "", "object": "\\u0441\\u0442\\u0440\\u043e\\u0438\\u0442\\u0435\\u043b\\u044c"}}]	8	1
340	2024-03-07 12:21:51.390049+00	84	архитектура основа всего	1	[{"added": {}}]	13	1
341	2024-03-07 12:24:49.742431+00	83	Баары бир чатырдын астында: курулуш материалдары, сантехника, шаймандар,  жана башкалар.	2	[{"changed": {"fields": ["\\u041a\\u0430\\u0442\\u0435\\u0433\\u043e\\u0440\\u0438\\u044f", "\\u041f\\u043e\\u0434\\u043a\\u0430\\u0442\\u0435\\u0433\\u043e\\u0440\\u0438\\u044f"]}}, {"added": {"name": "\\u0414\\u043e\\u043f\\u043e\\u043b\\u043d\\u0438\\u0442\\u0435\\u043b\\u044c\\u043d\\u043e", "object": "PostDetail object (74)"}}]	13	1
342	2024-03-07 12:26:11.517661+00	83	Баары бир чатырдын астында: курулуш материалдары, сантехника, шаймандар,  жана башкалар.	2	[{"changed": {"name": "\\u0414\\u043e\\u043f\\u043e\\u043b\\u043d\\u0438\\u0442\\u0435\\u043b\\u044c\\u043d\\u043e", "object": "PostDetail object (74)", "fields": ["\\u041f\\u043e\\u0434\\u0440\\u043e\\u0431\\u043d\\u0435\\u0435"]}}]	13	1
343	2024-03-07 12:29:32.298439+00	83	Баары бир чатырдын астында: курулуш материалдары, сантехника, шаймандар,  жана башкалар.	2	[{"changed": {"name": "\\u0414\\u043e\\u043f\\u043e\\u043b\\u043d\\u0438\\u0442\\u0435\\u043b\\u044c\\u043d\\u043e", "object": "PostDetail object (74)", "fields": ["\\u041f\\u043e\\u0434\\u0440\\u043e\\u0431\\u043d\\u0435\\u0435"]}}]	13	1
344	2024-03-07 12:33:41.256911+00	83	Баары бир чатырдын астында: курулуш материалдары, сантехника, шаймандар,  жана башкалар.	2	[{"changed": {"name": "\\u0414\\u043e\\u043f\\u043e\\u043b\\u043d\\u0438\\u0442\\u0435\\u043b\\u044c\\u043d\\u043e", "object": "PostDetail object (74)", "fields": ["\\u041f\\u043e\\u0434\\u0440\\u043e\\u0431\\u043d\\u0435\\u0435"]}}]	13	1
345	2024-03-07 12:34:57.408026+00	83	Баары бир чатырдын астында: курулуш материалдары, сантехника, шаймандар,  жана башкалар.	2	[{"changed": {"name": "\\u0414\\u043e\\u043f\\u043e\\u043b\\u043d\\u0438\\u0442\\u0435\\u043b\\u044c\\u043d\\u043e", "object": "PostDetail object (74)", "fields": ["\\u041f\\u043e\\u0434\\u0440\\u043e\\u0431\\u043d\\u0435\\u0435"]}}]	13	1
346	2024-03-07 12:36:21.565356+00	83	Баары бир чатырдын астында: курулуш материалдары, сантехника, шаймандар,  жана башкалар.	2	[{"changed": {"name": "\\u0414\\u043e\\u043f\\u043e\\u043b\\u043d\\u0438\\u0442\\u0435\\u043b\\u044c\\u043d\\u043e", "object": "PostDetail object (74)", "fields": ["\\u041f\\u043e\\u0434\\u0440\\u043e\\u0431\\u043d\\u0435\\u0435"]}}]	13	1
347	2024-03-07 12:38:14.113914+00	83	Баары бир чатырдын астында: курулуш материалдары, сантехника, шаймандар,  жана башкалар.	2	[{"changed": {"name": "\\u0414\\u043e\\u043f\\u043e\\u043b\\u043d\\u0438\\u0442\\u0435\\u043b\\u044c\\u043d\\u043e", "object": "PostDetail object (74)", "fields": ["\\u041f\\u043e\\u0434\\u0440\\u043e\\u0431\\u043d\\u0435\\u0435"]}}]	13	1
348	2024-03-07 12:40:28.42836+00	83	Баары бир чатырдын астында: курулуш материалдары, сантехника, шаймандар,  жана башкалар.	2	[{"changed": {"name": "\\u0414\\u043e\\u043f\\u043e\\u043b\\u043d\\u0438\\u0442\\u0435\\u043b\\u044c\\u043d\\u043e", "object": "PostDetail object (74)", "fields": ["\\u041f\\u043e\\u0434\\u0440\\u043e\\u0431\\u043d\\u0435\\u0435"]}}]	13	1
349	2024-03-07 12:40:36.440304+00	84	архитектура основа всего	2	[{"changed": {"fields": ["\\u0418\\u0437\\u043e\\u0431\\u0440\\u0430\\u0436\\u0435\\u043d\\u0438\\u0435"]}}]	13	1
350	2024-03-07 12:42:08.148781+00	83	Баары бир чатырдын астында: курулуш материалдары, сантехника, шаймандар,  жана башкалар.	2	[{"changed": {"name": "\\u0414\\u043e\\u043f\\u043e\\u043b\\u043d\\u0438\\u0442\\u0435\\u043b\\u044c\\u043d\\u043e", "object": "PostDetail object (74)", "fields": ["\\u041f\\u043e\\u0434\\u0440\\u043e\\u0431\\u043d\\u0435\\u0435"]}}]	13	1
351	2024-03-07 12:44:35.584679+00	1		1	[{"added": {}}]	7	1
352	2024-03-07 12:44:50.547108+00	1	0700102030	2	[{"changed": {"fields": ["First name", "Last name", "\\u0422\\u0435\\u043b\\u0435\\u0444\\u043e\\u043d \\u043d\\u043e\\u043c\\u0435\\u0440"]}}]	7	1
353	2024-03-07 12:58:21.066818+00	83	Баары бир чатырдын астында: курулуш материалдары, сантехника, шаймандар,  жана башкалар.	2	[{"changed": {"name": "\\u0414\\u043e\\u043f\\u043e\\u043b\\u043d\\u0438\\u0442\\u0435\\u043b\\u044c\\u043d\\u043e", "object": "PostDetail object (74)", "fields": ["\\u041f\\u043e\\u0434\\u0440\\u043e\\u0431\\u043d\\u0435\\u0435"]}}]	13	1
354	2024-03-08 08:23:08.978168+00	1	0557541222	1	[{"added": {}}]	7	1
355	2024-03-08 08:24:54.816489+00	1	0557541222	2	[{"changed": {"fields": ["First name", "Last name", "User permissions"]}}]	7	1
356	2024-03-08 08:26:03.575083+00	1	0557541222	2	[{"changed": {"fields": ["Staff status", "Superuser status"]}}]	7	1
357	2024-03-08 08:31:17.817569+00	1	0557541222	2	[{"changed": {"fields": ["Last login"]}}]	7	1
358	2024-03-08 10:35:31.422452+00	1	Журналисты	1	[{"added": {}}]	3	1
359	2024-03-08 10:37:01.43129+00	1	0557541222	2	[{"changed": {"fields": ["Groups"]}}]	7	1
360	2024-03-08 10:52:01.485465+00	1	Журналисты	2	[]	3	1
361	2024-03-08 10:52:28.787319+00	1	Санжарбек Кылычбеков	2	[]	7	1
362	2024-03-08 12:33:09.237798+00	2	Comments object (2)	1	[{"added": {}}]	15	1
363	2024-03-08 12:33:32.547792+00	2	Comments object (2)	2	[]	15	1
364	2024-03-08 12:46:22.127874+00	1	Санжарбек Кылычбеков	3		7	1
365	2024-03-08 12:47:46.05242+00	2	 	1	[{"added": {}}]	7	1
366	2024-03-08 12:49:40.847454+00	2	Санжарбек Кылычбеков	2	[{"changed": {"fields": ["First name", "Last name", "Email address", "Superuser status", "User permissions", "Last login"]}}]	7	1
376	2024-03-08 13:27:22.345011+00	1	Журналисты	2	[{"changed": {"fields": ["Permissions"]}}]	3	1
379	2024-03-08 13:29:46.575158+00	1	Журналисты	2	[{"changed": {"fields": ["Permissions"]}}]	3	1
380	2024-03-08 13:30:05.882328+00	7	 	1	[{"added": {}}]	7	1
383	2024-03-08 13:38:22.895239+00	7	 	3		7	1
384	2024-03-08 13:38:22.897933+00	2	Санжарбек Кылычбеков	3		7	1
385	2024-03-08 13:40:39.571629+00	8	 	1	[{"added": {}}]	7	1
386	2024-03-08 13:42:28.859102+00	8	Санжарбек Кылычбеков	2	[{"changed": {"fields": ["First name", "Last name", "Email address", "Staff status", "Superuser status", "Groups", "User permissions", "Last login"]}}]	7	1
403	2024-03-09 07:37:42.965266+00	25	Материалдары ото мыкты сапатта экен	2	[]	15	1
404	2024-03-09 07:38:17.710228+00	26	Давно хотел купить дом!	2	[]	15	1
405	2024-03-09 07:40:41.036797+00	24	wefwefwef	3		15	1
406	2024-03-09 07:40:45.200801+00	23	wefwefwef	3		15	1
407	2024-03-09 07:40:50.015514+00	2	csacwe	3		15	1
408	2024-03-09 07:41:17.097762+00	8	Санжарбек Кылычбеков	2	[]	7	1
409	2024-03-09 07:51:03.354782+00	3	Группа	1	[{"added": {}}]	3	1
410	2024-03-09 07:51:10.111115+00	3	Группа	2	[]	3	1
411	2024-03-09 08:00:45.029983+00	8	Санжарбек Кылычбеков	2	[]	7	1
415	2024-03-09 08:14:15.908673+00	6	Контакты	3		8	1
416	2024-03-09 08:21:32.235702+00	5	Интервью	2	[{"added": {"name": "", "object": "\\u041e\\u0442\\u0435\\u043b\\u044c"}}]	8	1
417	2024-03-09 08:22:47.675421+00	5	Интервью	2	[]	8	1
418	2024-03-09 08:26:39.244041+00	5	Интервью	2	[{"changed": {"fields": ["\\u0410\\u043a\\u0442\\u0438\\u0432\\u043d\\u043e"]}}]	8	1
419	2024-03-09 08:26:49.736088+00	18	Маектешүү	2	[{"changed": {"fields": ["\\u0410\\u043a\\u0442\\u0438\\u0432\\u043d\\u043e"]}}]	8	1
420	2024-03-09 08:47:04.981742+00	3	Группа	3		3	1
421	2024-03-09 08:50:07.884756+00	1	Журналисты	2	[{"changed": {"fields": ["Permissions"]}}]	3	1
422	2024-03-09 08:53:35.200494+00	8	Санжарбек Кылычбеков	2	[{"changed": {"fields": ["User permissions"]}}]	7	1
427	2024-03-09 09:53:13.197416+00	26	Давно хотел купить дом!	2	[{"changed": {"fields": ["\\u041f\\u0440\\u0438\\u043d\\u044f\\u0442\\u044c"]}}]	15	1
428	2024-03-09 09:55:02.121706+00	28	Много где бывал, много отелей видел. Орион меня удивил. Огромный бассейн, хамам и сауна. Идеальная чистота , в номере также. Завтрак супер! Номер люкс огромный, 70 м2 с гостевой комнатой. Постельное б	2	[{"changed": {"fields": ["\\u041f\\u0440\\u0438\\u043d\\u044f\\u0442\\u044c"]}}]	15	1
433	2024-03-09 10:17:39.80155+00	2	Санжарбек	1	[{"added": {}}]	4	1
434	2024-03-09 10:19:23.470994+00	2	Санжарбек	2	[{"changed": {"fields": ["First name", "Last name", "Email address", "Groups", "User permissions"]}}]	4	1
435	2024-03-09 10:19:35.596303+00	2	Санжарбек	2	[{"changed": {"fields": ["Last login"]}}]	4	1
437	2024-03-09 10:29:32.644537+00	83	Баары бир чатырдын астында: курулуш материалдары, сантехника, шаймандар,  жана башкалар.	2	[]	13	1
439	2024-03-09 10:43:39.69526+00	72	Миссия - кадимкиден тышкары	2	[{"changed": {"fields": ["\\u041f\\u043e\\u043a\\u0430\\u0437\\u0430\\u0442\\u044c \\u043d\\u0430 \\u0433\\u043b\\u0430\\u0432\\u043d\\u043e\\u0439 \\u0441\\u0442\\u0440\\u0430\\u0438\\u043d\\u0446\\u0435"]}}]	13	1
442	2024-03-09 10:50:28.895049+00	83	Баары бир чатырдын астында: курулуш материалдары, сантехника, шаймандар,  жана башкалар.	2	[]	13	1
444	2024-03-09 10:51:53.100141+00	2	Санжарбек	2	[{"changed": {"fields": ["Staff status", "Superuser status"]}}]	4	1
446	2024-03-09 11:03:01.433671+00	3	pepe	1	[{"added": {}}]	4	1
447	2024-03-09 11:05:04.480574+00	3	pepe	2	[{"changed": {"fields": ["First name", "Last name", "Email address"]}}]	4	1
448	2024-03-09 11:05:24.381858+00	3	pepe	2	[{"changed": {"fields": ["Staff status", "Superuser status"]}}]	4	1
449	2024-03-09 11:06:34.134551+00	1	Журналисты	2	[]	3	1
450	2024-03-09 11:11:21.922209+00	5	sanjarbek	1	[{"added": {}}]	4	1
453	2024-03-09 11:46:32.033288+00	7	nurbek	1	[{"added": {}}]	4	1
454	2024-03-09 11:47:33.380831+00	4	Айбек	1	[{"added": {}}]	3	1
455	2024-03-09 11:47:38.920036+00	7	nurbek	2	[{"changed": {"fields": ["Staff status", "Groups"]}}]	4	1
456	2024-03-09 14:14:04.599545+00	41	Очень комфортный номер, удобная большая кровать, удобные подушки, ароматная косметика, вода, чай, кофе в номере, а также утюг, халат, тапочки и принадлежности для чистки обуви.	2	[{"changed": {"fields": ["\\u041f\\u0440\\u0438\\u043d\\u044f\\u0442\\u044c"]}}]	15	1
476	2024-03-10 07:41:50.795606+00	1	Журналисты	2	[{"changed": {"fields": ["Permissions"]}}]	3	1
477	2024-03-10 07:42:13.028338+00	2	Санжарбек	2	[{"changed": {"fields": ["User permissions"]}}]	4	1
479	2024-03-10 07:55:29.326414+00	31	kc	2	[]	15	1
481	2024-03-10 08:02:09.228868+00	9	ad	1	[{"added": {}}]	4	1
482	2024-03-10 08:02:24.111817+00	9	ad	2	[{"changed": {"fields": ["Staff status", "Superuser status", "Groups", "User permissions"]}}]	4	1
488	2024-03-10 14:11:51.627067+00	9	ad	3		4	1
489	2024-03-10 14:11:51.628504+00	3	pepe	3		4	1
490	2024-03-10 14:11:51.629445+00	2	Санжарбек	3		4	1
491	2024-03-10 14:12:19.74015+00	10	Санжарбек	1	[{"added": {}}]	4	1
492	2024-03-10 14:12:39.167943+00	10	Санжарбек	2	[{"changed": {"fields": ["First name", "Last name", "Email address", "Groups", "User permissions"]}}]	4	1
493	2024-03-10 14:13:54.804301+00	83	Баары бир чатырдын астында: курулуш материалдары, сантехника, шаймандар,  жана башкалар.	2	[{"changed": {"fields": ["\\u041f\\u043e\\u043b\\u044c\\u0437\\u043e\\u0432\\u0430\\u0442\\u0435\\u043b\\u044c"]}}]	13	1
494	2024-03-10 14:17:06.424042+00	64	Галерея - материалдары дүң жана чекене	2	[{"changed": {"fields": ["\\u041f\\u043e\\u043b\\u044c\\u0437\\u043e\\u0432\\u0430\\u0442\\u0435\\u043b\\u044c"]}}]	13	1
495	2024-03-10 14:27:40.32063+00	82	Баары бир чатырдын астында: курулуш материалдары,  шаймандар, электр буюмдары жана башкалар.	2	[]	13	1
496	2024-03-10 14:27:52.591912+00	82	Баары бир чатырдын астында: курулуш материалдары,  шаймандар, электр буюмдары жана башкалар.	2	[]	13	1
497	2024-03-10 14:28:56.874229+00	82	Баары бир чатырдын астында: курулуш материалдары,  шаймандар, электр буюмдары жана башкалар.	2	[]	13	1
498	2024-03-10 14:29:16.295144+00	68	Максаты кадимки жашоого кайтуу	2	[]	13	1
499	2024-03-10 14:31:49.844305+00	16	Все под одной крышей:  инструменты, электротовары и мн.	2	[]	13	1
500	2024-03-10 14:31:58.897633+00	64	Галерея - материалдары дүң жана чекене	2	[]	13	1
501	2024-03-10 14:32:58.294374+00	10	Санжарбек	2	[{"changed": {"fields": ["Staff status", "Superuser status"]}}]	4	1
502	2024-03-10 17:04:19.440245+00	27	Sumbule - SPA центр незабываемого красоты и здоровья	2	[]	13	1
503	2024-03-11 00:22:07.414466+00	11	jamil	1	[{"added": {}}]	4	1
504	2024-03-11 00:41:06.34399+00	91	wefwefwef	1	[{"added": {}}, {"added": {"name": "\\u0414\\u043e\\u043f\\u043e\\u043b\\u043d\\u0438\\u0442\\u0435\\u043b\\u044c\\u043d\\u043e", "object": "PostDetail object (75)"}}]	13	1
505	2024-03-11 00:45:06.030555+00	1	admin	2	[{"changed": {"fields": ["First name", "Last name", "Email address"]}}]	4	1
506	2024-03-11 08:36:53.33273+00	91	wefwefwef	3		13	10
507	2024-03-11 08:39:56.25292+00	92	wefwefwef	1	[{"added": {}}, {"added": {"name": "\\u0414\\u043e\\u043f\\u043e\\u043b\\u043d\\u0438\\u0442\\u0435\\u043b\\u044c\\u043d\\u043e", "object": "PostDetail object (76)"}}]	13	10
508	2024-03-11 09:16:01.058143+00	83	Баары бир чатырдын астында: курулуш материалдары, сантехника, шаймандар,  жана башкалар.	2	[{"changed": {"fields": ["\\u041e\\u043f\\u0443\\u0431\\u043b\\u0438\\u043a\\u043e\\u0432\\u0430\\u0442\\u044c"]}}]	13	10
509	2024-03-11 09:36:13.210737+00	22	Отель Орион -  только место для отдыха	2	[{"changed": {"fields": ["\\u041e\\u043f\\u0443\\u0431\\u043b\\u0438\\u043a\\u043e\\u0432\\u0430\\u0442\\u044c"]}}]	13	10
510	2024-03-11 09:36:37.51533+00	22	Отель Орион -  только место для отдыха	2	[{"changed": {"fields": ["\\u041e\\u043f\\u0443\\u0431\\u043b\\u0438\\u043a\\u043e\\u0432\\u0430\\u0442\\u044c"]}}]	13	10
511	2024-03-11 09:37:18.127199+00	22	Отель Орион -  только место для отдыха	2	[{"changed": {"fields": ["\\u041e\\u043f\\u0443\\u0431\\u043b\\u0438\\u043a\\u043e\\u0432\\u0430\\u0442\\u044c"]}}]	13	10
512	2024-03-11 09:37:49.60911+00	22	Отель Орион -  только место для отдыха	2	[{"changed": {"fields": ["\\u041e\\u043f\\u0443\\u0431\\u043b\\u0438\\u043a\\u043e\\u0432\\u0430\\u0442\\u044c"]}}]	13	10
513	2024-03-11 11:01:05.513208+00	29	Sumbule - SPA центр незабываемого отдыха, красоты здоровья	2	[]	13	1
514	2024-03-11 11:03:35.493466+00	12	admin2	1	[{"added": {}}]	4	1
515	2024-03-11 11:24:16.409994+00	73	I love you	2	[{"changed": {"fields": ["\\u041e\\u043f\\u0443\\u0431\\u043b\\u0438\\u043a\\u043e\\u0432\\u0430\\u0442\\u044c"]}}]	15	1
516	2024-03-11 18:53:06.382195+00	73	I love you	3		15	1
517	2024-03-11 18:53:06.384497+00	72	weafrtr	3		15	1
518	2024-03-11 18:53:06.3854+00	71	I love you	3		15	1
519	2024-03-11 18:53:06.38621+00	70	fdxchgvjhb	3		15	1
520	2024-03-11 18:53:06.386995+00	69	WEFWE	3		15	1
521	2024-03-11 18:53:06.387755+00	68	DF	3		15	1
522	2024-03-11 18:53:06.388589+00	67	ergqegqeg	3		15	1
523	2024-03-11 18:53:06.38931+00	66	I love you	3		15	1
524	2024-03-11 18:53:06.390005+00	65	I love you	3		15	1
525	2024-03-11 18:53:06.390743+00	64	I love you	3		15	1
526	2024-03-11 18:53:06.391436+00	63	I love you	3		15	1
527	2024-03-11 18:53:06.39213+00	62	I love you	3		15	1
528	2024-03-11 18:53:06.392904+00	61	I love you	3		15	1
529	2024-03-11 18:53:06.39366+00	60	I love you	3		15	1
530	2024-03-11 18:53:06.394418+00	59	I love you	3		15	1
531	2024-03-11 18:53:06.395114+00	58	I love you	3		15	1
532	2024-03-11 18:53:06.395815+00	57	I love you	3		15	1
533	2024-03-11 18:53:06.396515+00	56	I love you	3		15	1
534	2024-03-11 18:53:06.397289+00	55	I love you	3		15	1
535	2024-03-11 18:53:06.397978+00	54	I love you	3		15	1
536	2024-03-11 18:53:06.398689+00	53	Aidarxcvkfaokj'nasfm	3		15	1
537	2024-03-11 18:53:06.399372+00	52	Aidarxcvkfaokj'nasfm	3		15	1
538	2024-03-11 18:53:06.400092+00	51	Aidarxcvkfaokj'nasfm	3		15	1
539	2024-03-11 18:53:06.400876+00	50	Aidarxcvkfaokj'nasfm	3		15	1
540	2024-03-11 18:53:06.401558+00	49	Aidarxcvkfaokj'nasfm	3		15	1
541	2024-03-11 18:53:06.402257+00	48	Aidarxcvkfaokj'nasfm	3		15	1
542	2024-03-11 18:53:06.402958+00	47	Aidarxcvkfaokj'nasfm	3		15	1
543	2024-03-11 18:53:06.403671+00	46	Aidarxcvkfaokj'nasfm	3		15	1
544	2024-03-11 18:53:06.404376+00	45	Aidarxcvkfaokj'nasfm	3		15	1
545	2024-03-11 18:53:06.405105+00	44	Aidarxcvkfaokj'nasfm	3		15	1
546	2024-03-11 18:53:06.405876+00	43	esdfghgjhfgdsd	3		15	1
547	2024-03-11 18:53:06.406589+00	42	esdfghgjhfgdsd	3		15	1
548	2024-03-11 18:53:06.407304+00	40	kc	3		15	1
549	2024-03-11 18:53:06.407994+00	39	kc	3		15	1
550	2024-03-11 18:53:06.408841+00	38	kc	3		15	1
551	2024-03-11 18:53:06.40956+00	37	kc	3		15	1
552	2024-03-11 18:53:06.410303+00	36	kc	3		15	1
553	2024-03-11 18:53:06.411027+00	35	kc	3		15	1
554	2024-03-11 18:53:06.411724+00	34	kc	3		15	1
555	2024-03-11 18:53:06.41241+00	33	kc	3		15	1
556	2024-03-11 18:53:06.413136+00	32	kc	3		15	1
557	2024-03-11 18:53:06.413803+00	31	kc	3		15	1
558	2024-03-11 18:53:06.414507+00	30	kc	3		15	1
559	2024-03-11 18:53:06.415187+00	29	test tes3!	3		15	1
560	2024-03-11 18:53:06.415848+00	27	dkbdn;	3		15	1
561	2024-03-11 18:53:06.416575+00	26	Давно хотел купить дом!	3		15	1
562	2024-03-11 19:22:06.375297+00	77	Hotel Orion left me with mixed feelings. The room was spacious, but the outdated decor and worn-out furniture didn't quite match the expectations set by the promotional images. The promised facilities	2	[{"changed": {"fields": ["\\u041e\\u043f\\u0443\\u0431\\u043b\\u0438\\u043a\\u043e\\u0432\\u0430\\u0442\\u044c"]}}]	15	1
563	2024-03-12 06:19:57.568878+00	80	Прошу выразить благодарность команде Resident за оперативную и качественную поддержку. Всегда на связи и готовы решать любые вопросы - это настоящий профессионализм!	2	[{"changed": {"fields": ["\\u041e\\u043f\\u0443\\u0431\\u043b\\u0438\\u043a\\u043e\\u0432\\u0430\\u0442\\u044c"]}}]	15	1
564	2024-03-12 07:44:14.145233+00	1	Интервью	2	[{"changed": {"fields": ["\\u041d\\u0430\\u0437\\u0432\\u0430\\u043d\\u0438\\u0435"]}}]	8	1
565	2024-03-12 07:46:03.304427+00	4	Персона	2	[{"changed": {"fields": ["\\u041d\\u0430\\u0437\\u0432\\u0430\\u043d\\u0438\\u0435"]}}]	8	1
566	2024-03-12 07:46:47.733135+00	16	Персона	2	[{"changed": {"fields": ["\\u041d\\u0430\\u0437\\u0432\\u0430\\u043d\\u0438\\u0435"]}}]	8	1
567	2024-03-12 07:47:06.843657+00	20	Персона	2	[{"changed": {"fields": ["\\u041d\\u0430\\u0437\\u0432\\u0430\\u043d\\u0438\\u0435"]}}]	8	1
657	2024-03-13 09:32:33.626826+00	6	Москва - жилой дом премиум-класс	2	[]	13	10
659	2024-03-13 09:32:40.272746+00	22	Отель Орион -  только место для отдыха	2	[]	13	10
568	2024-03-12 07:49:31.003517+00	20	Персона	2	[{"deleted": {"name": "", "object": "\\u0430\\u0440\\u0445\\u0438\\u0442\\u0435\\u043a\\u0442\\u043e\\u0440"}}, {"deleted": {"name": "", "object": "\\u0434\\u0438\\u0437\\u0430\\u0439\\u043d\\u0435\\u0440"}}, {"deleted": {"name": "", "object": "\\u0441\\u0442\\u0440\\u043e\\u0438\\u0442\\u0435\\u043b\\u044c"}}]	8	1
569	2024-03-12 07:52:32.824686+00	20	Персона	3		8	1
570	2024-03-12 07:53:50.215361+00	5	Интервью	2	[{"deleted": {"name": "", "object": "\\u041e\\u0442\\u0435\\u043b\\u044c"}}]	8	1
571	2024-03-12 08:00:31.348933+00	2	Дизайн	2	[{"changed": {"fields": ["\\u041d\\u0430\\u0437\\u0432\\u0430\\u043d\\u0438\\u0435"]}}]	8	1
572	2024-03-12 08:01:15.288055+00	11	Архитектура	2	[{"changed": {"fields": ["\\u041d\\u0430\\u0437\\u0432\\u0430\\u043d\\u0438\\u0435"]}}]	8	1
573	2024-03-12 08:23:55.436862+00	78	Анна Шишкина - Freedom дизайн студиясынын негиздөөчүсү.	2	[{"changed": {"fields": ["\\u042f\\u0437\\u044b\\u043a"]}}]	13	10
574	2024-03-12 08:24:44.746764+00	12	admin2	3		4	10
575	2024-03-12 08:24:44.748557+00	11	jamil	3		4	10
576	2024-03-12 08:32:19.480342+00	2	Дизайн	2	[{"deleted": {"name": "", "object": "\\u041e\\u0442\\u0435\\u043b\\u0438"}}, {"deleted": {"name": "", "object": "\\u0420\\u0435\\u0441\\u0442\\u043e\\u0440\\u0430\\u043d\\u044b"}}, {"deleted": {"name": "", "object": "\\u0421\\u043f\\u0430-\\u0441\\u0430\\u043b\\u043e\\u043d\\u044b"}}]	8	1
577	2024-03-12 08:35:37.853875+00	1	Монолит - создаем надежность и комфорт вместе!	2	[]	12	1
578	2024-03-12 08:35:49.959597+00	3	Орион - первый и единственный отель с сертификатом в Кыргызстане	2	[]	12	1
579	2024-03-12 08:58:21.044443+00	5	Недвижимость	2	[{"changed": {"fields": ["\\u041d\\u0430\\u0437\\u0432\\u0430\\u043d\\u0438\\u0435"]}}]	8	1
580	2024-03-12 08:59:20.808038+00	12	Образ жизни	2	[{"changed": {"fields": ["\\u041d\\u0430\\u0437\\u0432\\u0430\\u043d\\u0438\\u0435"]}}]	8	1
581	2024-03-12 09:01:30.623574+00	22	События	1	[{"added": {}}]	8	1
582	2024-03-12 10:01:43.703449+00	82	Баары бир чатырдын астында: курулуш материалдары,  шаймандар, электр буюмдары жана башкалар.	2	[{"added": {"name": "\\u0414\\u043e\\u043f\\u043e\\u043b\\u043d\\u0438\\u0442\\u0435\\u043b\\u044c\\u043d\\u043e", "object": "PostDetail object (77)"}}]	13	10
583	2024-03-12 10:02:54.22535+00	49	UNO City - Кыргызстандагы жаңы курортук шаар	2	[{"changed": {"name": "\\u0414\\u043e\\u043f\\u043e\\u043b\\u043d\\u0438\\u0442\\u0435\\u043b\\u044c\\u043d\\u043e", "object": "PostDetail object (36)", "fields": ["\\u041f\\u043e\\u0434\\u0440\\u043e\\u0431\\u043d\\u0435\\u0435"]}}]	13	10
584	2024-03-12 10:06:25.250683+00	68	Максаты кадимки жашоого кайтуу	2	[{"added": {"name": "\\u0414\\u043e\\u043f\\u043e\\u043b\\u043d\\u0438\\u0442\\u0435\\u043b\\u044c\\u043d\\u043e", "object": "PostDetail object (78)"}}]	13	10
585	2024-03-12 10:07:38.590173+00	68	Максаты кадимки жашоого кайтуу	2	[{"changed": {"fields": ["\\u042f\\u0437\\u044b\\u043a"]}}, {"changed": {"name": "\\u0414\\u043e\\u043f\\u043e\\u043b\\u043d\\u0438\\u0442\\u0435\\u043b\\u044c\\u043d\\u043e", "object": "PostDetail object (78)", "fields": ["\\u041f\\u043e\\u0434\\u0440\\u043e\\u0431\\u043d\\u0435\\u0435"]}}]	13	10
586	2024-03-12 10:08:05.870768+00	68	Максаты кадимки жашоого кайтуу	2	[{"changed": {"fields": ["\\u042f\\u0437\\u044b\\u043a"]}}]	13	10
587	2024-03-12 10:09:02.807563+00	22	События	2	[{"changed": {"fields": ["\\u0410\\u043a\\u0442\\u0438\\u0432\\u043d\\u043e"]}}]	8	1
588	2024-03-12 10:09:44.210636+00	5	Недвижимость	2	[{"changed": {"fields": ["\\u0410\\u043a\\u0442\\u0438\\u0432\\u043d\\u043e"]}}]	8	1
589	2024-03-12 10:10:49.648252+00	11	Архитектура	2	[{"deleted": {"name": "", "object": "\\u041e\\u0442\\u0435\\u043b\\u044c"}}, {"deleted": {"name": "", "object": "\\u0420\\u0435\\u0441\\u0442\\u043e\\u0440\\u0430\\u043d"}}, {"deleted": {"name": "", "object": "\\u0421\\u043f\\u0430-\\u0441\\u0430\\u043b\\u043e\\u043d\\u044b"}}]	8	1
590	2024-03-12 10:11:54.687202+00	8	Галерея - отделочные материалы оптом и в розницу	2	[{"changed": {"name": "\\u0414\\u043e\\u043f\\u043e\\u043b\\u043d\\u0438\\u0442\\u0435\\u043b\\u044c\\u043d\\u043e", "object": "PostDetail object (9)", "fields": ["\\u041f\\u043e\\u0434\\u0440\\u043e\\u0431\\u043d\\u0435\\u0435"]}}]	13	10
591	2024-03-12 14:23:29.704215+00	2	Дизайн	2	[{"added": {"name": "", "object": "\\u0414\\u0438\\u0437\\u0430\\u0439\\u043d\\u0435\\u0440\\u044b"}}]	8	1
592	2024-03-12 14:30:38.100213+00	19	Владислав Попов - основатель дизайн Freedom Group	2	[{"changed": {"fields": ["\\u041a\\u0430\\u0442\\u0435\\u0433\\u043e\\u0440\\u0438\\u044f", "\\u041f\\u043e\\u0434\\u043a\\u0430\\u0442\\u0435\\u0433\\u043e\\u0440\\u0438\\u044f"]}}]	13	1
593	2024-03-12 14:46:07.360469+00	5	Недвижимость	2	[{"added": {"name": "", "object": "\\u041a\\u044b\\u0440\\u0433\\u0437\\u044b\\u0441\\u0442\\u0430\\u043d"}}, {"added": {"name": "", "object": "\\u0414\\u0443\\u0431\\u0430\\u0439"}}]	8	1
594	2024-03-12 14:48:32.185401+00	19	Владислав Попов - основатель дизайн Freedom Group	2	[{"changed": {"fields": ["\\u0418\\u0437\\u043e\\u0431\\u0440\\u0430\\u0436\\u0435\\u043d\\u0438\\u0435"]}}]	13	1
595	2024-03-12 14:50:13.822514+00	82	Баары бир чатырдын астында: курулуш материалдары,  шаймандар, электр буюмдары жана башкалар.	3		13	1
596	2024-03-12 14:50:41.097219+00	81	Баары бир чатырдын астында: курулуш материалдары, сантехника,  электр буюмдары жана башкалар.	3		13	1
597	2024-03-12 14:51:14.237879+00	80	Баары бир чатырдын астында: курулуш материалдары, сантехника, шаймандар, электр буюмдары жана башкалар.	3		13	1
598	2024-03-12 14:53:32.149357+00	79	жума сайын жаңы кабар	3		13	1
599	2024-03-12 14:53:49.470335+00	78	Анна Шишкина - Freedom дизайн студиясынын негиздөөчүсү.	3		13	1
600	2024-03-12 14:53:56.00162+00	77	кызыктуу темалар боюнча макалалар	3		13	1
601	2024-03-12 14:54:04.17348+00	76	Анна Шишкина - Freedom Group дизайн студиясынын негиздөөчүсү.	3		13	1
602	2024-03-12 14:54:10.926199+00	74	Бизнес жолугушуулар үчүн жерb	3		13	1
603	2024-03-12 14:54:26.036157+00	72	Миссия - кадимкиден тышкары	3		13	1
604	2024-03-12 14:54:32.824236+00	71	Бизнес жолугушуулар үчүн жер	3		13	1
605	2024-03-12 14:54:38.983592+00	70	Максаты кадимки жашоого кайту	3		13	1
606	2024-03-12 14:54:45.511468+00	69	Бишкектен ипотекага батир алуу: миссия мүмкүнбү?	3		13	1
607	2024-03-12 14:54:53.199116+00	68	Максаты кадимки жашоого кайтуу	3		13	1
658	2024-03-13 09:32:37.250173+00	24	Sumbule - центр незабываемого отдыха, красоты и здоровья	2	[]	13	10
608	2024-03-12 14:55:50.819027+00	67	Владислав Попов	2	[{"changed": {"fields": ["\\u042f\\u0437\\u044b\\u043a", "\\u041a\\u0430\\u0442\\u0435\\u0433\\u043e\\u0440\\u0438\\u044f", "\\u041f\\u043e\\u0434\\u043a\\u0430\\u0442\\u0435\\u0433\\u043e\\u0440\\u0438\\u044f", "\\u041d\\u0430\\u0437\\u0432\\u0430\\u043d\\u0438\\u0435", "\\u0418\\u0437\\u043e\\u0431\\u0440\\u0430\\u0436\\u0435\\u043d\\u0438\\u0435"]}}]	13	1
609	2024-03-12 14:57:06.520908+00	67	Владислав Попов	2	[{"changed": {"name": "\\u0414\\u043e\\u043f\\u043e\\u043b\\u043d\\u0438\\u0442\\u0435\\u043b\\u044c\\u043d\\u043e", "object": "PostDetail object (5)", "fields": ["\\u041f\\u043e\\u0434\\u0440\\u043e\\u0431\\u043d\\u0435\\u0435"]}}]	13	1
610	2024-03-12 14:58:52.402368+00	67	Владислав Попов	2	[{"changed": {"name": "\\u0414\\u043e\\u043f\\u043e\\u043b\\u043d\\u0438\\u0442\\u0435\\u043b\\u044c\\u043d\\u043e", "object": "PostDetail object (5)", "fields": ["\\u041f\\u043e\\u0434\\u0440\\u043e\\u0431\\u043d\\u0435\\u0435"]}}]	13	1
611	2024-03-12 15:10:51.096669+00	67	Владислав Попов	2	[{"changed": {"name": "\\u0414\\u043e\\u043f\\u043e\\u043b\\u043d\\u0438\\u0442\\u0435\\u043b\\u044c\\u043d\\u043e", "object": "PostDetail object (5)", "fields": ["\\u041f\\u043e\\u0434\\u0440\\u043e\\u0431\\u043d\\u0435\\u0435"]}}]	13	1
612	2024-03-12 15:11:35.940082+00	67	Владислав Попов	2	[{"changed": {"name": "\\u0414\\u043e\\u043f\\u043e\\u043b\\u043d\\u0438\\u0442\\u0435\\u043b\\u044c\\u043d\\u043e", "object": "PostDetail object (5)", "fields": ["\\u041f\\u043e\\u0434\\u0440\\u043e\\u0431\\u043d\\u0435\\u0435"]}}]	13	1
613	2024-03-12 15:46:45.712181+00	67	Владислав Попов	2	[{"changed": {"name": "\\u0414\\u043e\\u043f\\u043e\\u043b\\u043d\\u0438\\u0442\\u0435\\u043b\\u044c\\u043d\\u043e", "object": "PostDetail object (5)", "fields": ["\\u041f\\u043e\\u0434\\u0440\\u043e\\u0431\\u043d\\u0435\\u0435"]}}]	13	1
614	2024-03-12 15:47:45.829775+00	8	Москва	1	[{"added": {}}]	12	1
615	2024-03-12 16:54:40.68135+00	8	Москва	3		12	1
616	2024-03-12 17:35:19.656595+00	23	Luxury lifestyle	1	[{"added": {}}]	8	1
617	2024-03-12 17:35:42.277808+00	23	Luxury lifestyle	2	[{"changed": {"fields": ["\\u0410\\u043a\\u0442\\u0438\\u0432\\u043d\\u043e"]}}]	8	1
618	2024-03-12 17:36:49.473167+00	23	Luxury lifestyle	2	[{"added": {"name": "", "object": "Uno city  by BORSAN"}}]	8	1
619	2024-03-12 17:48:55.065609+00	11	Архитектура	2	[{"added": {"name": "", "object": "\\u0410\\u0440\\u0445\\u0438\\u0442\\u0435\\u043a\\u0442\\u043e\\u0440\\u044b"}}]	8	1
620	2024-03-12 17:54:28.67033+00	67	Владислав Попов	2	[]	13	1
621	2024-03-13 08:05:52.584319+00	22	События	2	[{"changed": {"fields": ["\\u0410\\u043a\\u0442\\u0438\\u0432\\u043d\\u043e"]}}]	8	10
622	2024-03-13 08:06:06.04646+00	23	Luxury lifestyle	2	[{"changed": {"fields": ["\\u0410\\u043a\\u0442\\u0438\\u0432\\u043d\\u043e"]}}]	8	10
623	2024-03-13 08:06:16.211487+00	18	Маектешүү	2	[{"changed": {"fields": ["\\u0410\\u043a\\u0442\\u0438\\u0432\\u043d\\u043e"]}}]	8	10
624	2024-03-13 08:06:35.186537+00	15	Компаниядан сунуштар	2	[{"changed": {"fields": ["\\u0410\\u043a\\u0442\\u0438\\u0432\\u043d\\u043e"]}}]	8	10
625	2024-03-13 08:06:44.691208+00	11	Архитектура	2	[{"changed": {"fields": ["\\u0410\\u043a\\u0442\\u0438\\u0432\\u043d\\u043e"]}}]	8	10
626	2024-03-13 08:10:12.595758+00	67	Владислав Попов	2	[{"changed": {"fields": ["\\u0418\\u0437\\u043e\\u0431\\u0440\\u0430\\u0436\\u0435\\u043d\\u0438\\u0435"]}}]	13	10
627	2024-03-13 08:16:27.157202+00	67	Владислав Попов	2	[{"changed": {"fields": ["\\u0418\\u0437\\u043e\\u0431\\u0440\\u0430\\u0436\\u0435\\u043d\\u0438\\u0435"]}}]	13	1
628	2024-03-13 08:17:00.818923+00	67	Владислав Попов	2	[{"changed": {"fields": ["\\u0418\\u0437\\u043e\\u0431\\u0440\\u0430\\u0436\\u0435\\u043d\\u0438\\u0435"]}}]	13	1
629	2024-03-13 08:17:14.445925+00	67	Владислав Попов	2	[]	13	10
630	2024-03-13 09:30:56.083232+00	1	Москва - жилой дом премиум-класса	2	[]	13	10
631	2024-03-13 09:31:00.047672+00	67	Владислав Попов	2	[]	13	10
632	2024-03-13 09:31:03.325693+00	65	Галерея - бүтүрүү материалдары жана чекене	2	[]	13	10
633	2024-03-13 09:31:10.199275+00	63	Галерея - бүтүрүү материалдары дүң	2	[]	13	10
634	2024-03-13 09:31:13.782488+00	61	Дубайдын сыры, чет өлкөдөгү кыймылсыз мүлк	2	[]	13	10
635	2024-03-13 09:31:19.000253+00	60	Дубайдын сырлары, чет өлкөдөгү кыймылсыз	2	[]	13	10
636	2024-03-13 09:31:22.77357+00	59	Дубайдын сырлары, чет  кыймылсыз мүлк	2	[]	13	10
637	2024-03-13 09:31:28.544322+00	57	Бишкектен ипотека менен батир алуу: миссия мүмкүн?	2	[]	13	10
638	2024-03-13 09:31:32.539868+00	56	Бишкектен ипотека менен батир : миссия мүмкүнбү?	2	[]	13	10
639	2024-03-13 09:31:36.4759+00	55	Бишкектен ипотека батир алуу: миссия мүмкүнбү?	2	[]	13	10
640	2024-03-13 09:31:39.84802+00	54	Бишкектен ипотека менен батир алуу: миссия мүмкүнбү?	2	[]	13	10
641	2024-03-13 09:31:43.185043+00	53	City - Кыргызстандагы жаңы курорттук шаар	2	[]	13	10
642	2024-03-13 09:31:46.262336+00	52	UNO City - Кыргызстанда жаңы курорттук шаар	2	[]	13	10
643	2024-03-13 09:31:49.324421+00	51	UNO - Кыргызстандагы жаңы курорттук шаар	2	[]	13	10
644	2024-03-13 09:31:52.216409+00	50	UNO City - Кыргызстандагы  курорттук шаар	2	[]	13	10
645	2024-03-13 09:31:55.420805+00	43	Взять квартиру в ипотеку в Бишкеке: миссия выполним?	2	[]	13	10
646	2024-03-13 09:31:58.417967+00	42	Взять квартира в ипотеку в Бишкеке: миссия выполнима?	2	[]	13	10
647	2024-03-13 09:32:01.626625+00	39	Взять квартиру  ипотеку в Бишкеке: миссия выполнима?	2	[]	13	10
648	2024-03-13 09:32:04.905553+00	38	Взять квартиру в ипотеку в Бишкек: миссия выполнима?	2	[]	13	10
649	2024-03-13 09:32:08.03309+00	25	Sumbule - SPA  незабываемого отдыха, красоты и здоровья	2	[]	13	10
650	2024-03-13 09:32:10.923217+00	23	Отель Орион - не только место  отдыха	2	[]	13	10
651	2024-03-13 09:32:13.608284+00	20	Владислав Попов - основатель студии Freedom Group	2	[]	13	10
652	2024-03-13 09:32:16.616822+00	58	Дубайдын сырлары, чет өлкөдөгү кыймылсыз мүлк	2	[]	13	10
653	2024-03-13 09:32:19.494428+00	41	Взять квартиру в ипотеку в Бишкеке:  выполнима?	2	[]	13	10
654	2024-03-13 09:32:22.676388+00	40	Взять квартиру на ипотеку в Бишкеке: миссия выполнима?	2	[]	13	10
655	2024-03-13 09:32:25.714326+00	64	Галерея - материалдары дүң жана чекене	2	[]	13	10
656	2024-03-13 09:32:29.12379+00	7	Sumbule - SPA центр незабываемого отдыха, красоты и здоровья	2	[]	13	10
660	2024-03-13 09:32:43.165086+00	26	Sumbule - SPA центр незабываемого отдыха, красоты	2	[]	13	10
661	2024-03-13 09:32:46.116336+00	28	SPA центр незабываемого отдыха, красоты и здоровья	2	[]	13	10
662	2024-03-13 09:32:51.934029+00	21	Отель Орион - не только место для отдыха	2	[]	13	10
663	2024-03-13 09:32:56.17298+00	27	Sumbule - SPA центр незабываемого красоты и здоровья	2	[]	13	10
664	2024-03-13 09:33:01.470382+00	17	Владислав Попов - основатель дизайн-студии Freedom Group	2	[]	13	10
665	2024-03-13 09:33:04.133922+00	49	UNO City - Кыргызстандагы жаңы курортук шаар	2	[{"changed": {"name": "\\u0414\\u043e\\u043f\\u043e\\u043b\\u043d\\u0438\\u0442\\u0435\\u043b\\u044c\\u043d\\u043e", "object": "PostDetail object (36)", "fields": ["\\u041f\\u043e\\u0434\\u0440\\u043e\\u0431\\u043d\\u0435\\u0435"]}}]	13	10
666	2024-03-13 09:33:07.651077+00	62	Галерея - бүтүрүү материалдары дүң жана чекене	2	[]	13	10
667	2024-03-13 09:33:10.81029+00	46	Москва - премиум турак имараты	2	[]	13	10
668	2024-03-13 09:33:13.92335+00	48	UNO City - Кыргызстандагы жаңы курорттук шаар	2	[]	13	10
669	2024-03-13 09:33:17.429681+00	3	Взять квартиру в ипотеку в Бишкеке: миссия выполнима?	2	[]	13	10
670	2024-03-13 09:33:20.630446+00	18	Владислав- основатель дизайн-студии Freedom Group	2	[]	13	10
671	2024-03-13 09:33:24.045411+00	44	Москва - премиум турак жай имараты	2	[]	13	10
672	2024-03-13 09:33:28.044384+00	19	Владислав Попов - основатель дизайн Freedom Group	2	[]	13	10
673	2024-03-13 09:33:31.50397+00	8	Галерея - отделочные материалы оптом и в розницу	2	[{"changed": {"name": "\\u0414\\u043e\\u043f\\u043e\\u043b\\u043d\\u0438\\u0442\\u0435\\u043b\\u044c\\u043d\\u043e", "object": "PostDetail object (9)", "fields": ["\\u041f\\u043e\\u0434\\u0440\\u043e\\u0431\\u043d\\u0435\\u0435"]}}]	13	10
674	2024-03-13 09:33:34.492137+00	45	Москва - премиум турак жай имараттар	2	[]	13	10
675	2024-03-13 09:40:43.519799+00	111	wefwef	1	[{"added": {}}]	13	1
676	2024-03-13 09:41:06.12294+00	112	ljk	1	[{"added": {}}]	13	1
677	2024-03-13 10:00:55.542194+00	1	Москва - жилой дом премиум-класса	2	[]	13	10
678	2024-03-13 10:03:28.304919+00	23	Luxury lifestyle	2	[{"changed": {"fields": ["\\u0410\\u043a\\u0442\\u0438\\u0432\\u043d\\u043e"]}}]	8	10
679	2024-03-13 10:03:40.428957+00	23	Luxury lifestyle	2	[{"changed": {"fields": ["\\u0410\\u043a\\u0442\\u0438\\u0432\\u043d\\u043e"]}}]	8	10
680	2024-03-13 10:45:07.081982+00	16	Персона	2	[{"changed": {"fields": ["\\u0410\\u043a\\u0442\\u0438\\u0432\\u043d\\u043e"]}}]	8	1
681	2024-03-13 10:51:45.50023+00	19	Байланыш	2	[{"changed": {"fields": ["\\u0412\\u044b\\u0431\\u0435\\u0440\\u0438\\u0442\\u0435 \\u0440\\u0443\\u0441\\u0441\\u043a\\u0443\\u044e \\u0432\\u0435\\u0440\\u0441\\u0438\\u044e \\u043a\\u0430\\u0442\\u0435\\u0433\\u043e\\u0440\\u0438\\u0438!", "\\u0410\\u043a\\u0442\\u0438\\u0432\\u043d\\u043e"]}}]	8	1
682	2024-03-13 10:55:55.997177+00	112	ljk	2	[{"changed": {"fields": ["\\u041f\\u043e\\u043a\\u0430\\u0437\\u0430\\u0442\\u044c \\u043d\\u0430 \\u0433\\u043b\\u0430\\u0432\\u043d\\u043e\\u0439 \\u0441\\u0442\\u0440\\u0430\\u0438\\u043d\\u0446\\u0435"]}}]	13	1
683	2024-03-13 10:56:21.863385+00	112	ljk	3		13	1
684	2024-03-14 11:51:12.283137+00	67	Владислав Попов	2	[{"added": {"name": "\\u0421\\u043b\\u0430\\u0439\\u0434\\u0435\\u0440", "object": "PostSlider object (1)"}}, {"added": {"name": "\\u0421\\u043b\\u0430\\u0439\\u0434\\u0435\\u0440", "object": "PostSlider object (2)"}}, {"added": {"name": "\\u0421\\u043b\\u0430\\u0439\\u0434\\u0435\\u0440", "object": "PostSlider object (3)"}}, {"added": {"name": "\\u0421\\u043b\\u0430\\u0439\\u0434\\u0435\\u0440", "object": "PostSlider object (4)"}}, {"added": {"name": "\\u0421\\u043b\\u0430\\u0439\\u0434\\u0435\\u0440", "object": "PostSlider object (5)"}}]	13	1
685	2024-03-14 11:51:46.845391+00	67	Владислав Попов	2	[{"added": {"name": "\\u0424\\u0430\\u0439\\u043b", "object": "PostFile object (1)"}}]	13	1
686	2024-03-14 13:47:53.497433+00	113	hvilubhjb	1	[{"added": {}}]	13	1
687	2024-03-14 13:48:06.630662+00	24	jhvlujj	1	[{"added": {}}]	8	1
688	2024-03-14 14:58:34.206568+00	24	jhvlujj	3		8	1
689	2024-03-14 14:59:26.827763+00	25	Популярные	1	[{"added": {}}, {"added": {"name": "", "object": "\\u041e\\u0442\\u0435\\u043b\\u044c"}}, {"added": {"name": "", "object": "\\u0420\\u0435\\u0441\\u0442\\u043e\\u0440\\u0430\\u043d"}}, {"added": {"name": "", "object": "\\u0421\\u043f\\u0430-\\u0441\\u0430\\u043b\\u043e\\u043d\\u044b"}}]	8	1
690	2024-03-14 14:59:55.151715+00	26	Раскошный отдых	1	[{"added": {}}, {"added": {"name": "", "object": "\\u041e\\u0442\\u0435\\u043b\\u044c"}}, {"added": {"name": "", "object": "\\u0420\\u0435\\u0441\\u0442\\u043e\\u0440\\u0430\\u043d"}}, {"added": {"name": "", "object": "\\u0421\\u043f\\u0430-\\u0441\\u0430\\u043b\\u043e\\u043d\\u044b"}}]	8	1
691	2024-03-14 15:00:11.863954+00	113	hvilubhjb	3		13	1
692	2024-03-14 15:00:11.866099+00	111	wefwef	3		13	1
693	2024-03-14 15:01:28.915327+00	63	Галерея - бүтүрүү материалдары дүң	2	[{"changed": {"fields": ["\\u042f\\u0437\\u044b\\u043a", "\\u041a\\u0430\\u0442\\u0435\\u0433\\u043e\\u0440\\u0438\\u044f", "\\u041f\\u043e\\u0434\\u043a\\u0430\\u0442\\u0435\\u0433\\u043e\\u0440\\u0438\\u044f", "\\u041f\\u043e\\u043a\\u0430\\u0437\\u0430\\u0442\\u044c \\u043d\\u0430 \\u0433\\u043b\\u0430\\u0432\\u043d\\u043e\\u0439 \\u0441\\u0442\\u0440\\u0430\\u0438\\u043d\\u0446\\u0435"]}}]	13	1
694	2024-03-14 15:01:38.962335+00	63	Галерея - бүтүрүү материалдары дүң	2	[]	13	1
695	2024-03-14 15:02:10.374865+00	38	Взять квартиру в ипотеку в Бишкек: миссия выполнима?	2	[{"changed": {"fields": ["\\u041a\\u0430\\u0442\\u0435\\u0433\\u043e\\u0440\\u0438\\u044f", "\\u041f\\u043e\\u0434\\u043a\\u0430\\u0442\\u0435\\u0433\\u043e\\u0440\\u0438\\u044f", "\\u041f\\u043e\\u043a\\u0430\\u0437\\u0430\\u0442\\u044c \\u043d\\u0430 \\u0433\\u043b\\u0430\\u0432\\u043d\\u043e\\u0439 \\u0441\\u0442\\u0440\\u0430\\u0438\\u043d\\u0446\\u0435"]}}]	13	1
696	2024-03-14 15:02:37.01958+00	42	Взять квартира в ипотеку в Бишкеке: миссия выполнима?	2	[{"changed": {"fields": ["\\u041a\\u0430\\u0442\\u0435\\u0433\\u043e\\u0440\\u0438\\u044f", "\\u041f\\u043e\\u0434\\u043a\\u0430\\u0442\\u0435\\u0433\\u043e\\u0440\\u0438\\u044f", "\\u041f\\u043e\\u043a\\u0430\\u0437\\u0430\\u0442\\u044c \\u043d\\u0430 \\u0433\\u043b\\u0430\\u0432\\u043d\\u043e\\u0439 \\u0441\\u0442\\u0440\\u0430\\u0438\\u043d\\u0446\\u0435"]}}]	13	1
697	2024-03-14 15:02:59.073726+00	39	Взять квартиру  ипотеку в Бишкеке: миссия выполнима?	2	[{"changed": {"fields": ["\\u041a\\u0430\\u0442\\u0435\\u0433\\u043e\\u0440\\u0438\\u044f", "\\u041f\\u043e\\u0434\\u043a\\u0430\\u0442\\u0435\\u0433\\u043e\\u0440\\u0438\\u044f"]}}]	13	1
698	2024-03-14 15:03:21.481373+00	43	Взять квартиру в ипотеку в Бишкеке: миссия выполним?	2	[{"changed": {"fields": ["\\u041a\\u0430\\u0442\\u0435\\u0433\\u043e\\u0440\\u0438\\u044f", "\\u041f\\u043e\\u0434\\u043a\\u0430\\u0442\\u0435\\u0433\\u043e\\u0440\\u0438\\u044f"]}}]	13	1
699	2024-03-14 15:03:44.881798+00	40	Взять квартиру на ипотеку в Бишкеке: миссия выполнима?	2	[{"changed": {"fields": ["\\u041a\\u0430\\u0442\\u0435\\u0433\\u043e\\u0440\\u0438\\u044f", "\\u041f\\u043e\\u0434\\u043a\\u0430\\u0442\\u0435\\u0433\\u043e\\u0440\\u0438\\u044f", "\\u041f\\u043e\\u043a\\u0430\\u0437\\u0430\\u0442\\u044c \\u043d\\u0430 \\u0433\\u043b\\u0430\\u0432\\u043d\\u043e\\u0439 \\u0441\\u0442\\u0440\\u0430\\u0438\\u043d\\u0446\\u0435"]}}]	13	1
700	2024-03-14 15:04:27.191663+00	64	Галерея - материалдары дүң жана чекене	2	[{"changed": {"fields": ["\\u041a\\u0430\\u0442\\u0435\\u0433\\u043e\\u0440\\u0438\\u044f", "\\u041f\\u043e\\u0434\\u043a\\u0430\\u0442\\u0435\\u0433\\u043e\\u0440\\u0438\\u044f", "\\u041f\\u043e\\u043a\\u0430\\u0437\\u0430\\u0442\\u044c \\u043d\\u0430 \\u0433\\u043b\\u0430\\u0432\\u043d\\u043e\\u0439 \\u0441\\u0442\\u0440\\u0430\\u0438\\u043d\\u0446\\u0435"]}}]	13	1
701	2024-03-14 15:04:42.618129+00	23	Отель Орион - не только место  отдыха	2	[{"changed": {"fields": ["\\u041a\\u0430\\u0442\\u0435\\u0433\\u043e\\u0440\\u0438\\u044f", "\\u041f\\u043e\\u0434\\u043a\\u0430\\u0442\\u0435\\u0433\\u043e\\u0440\\u0438\\u044f"]}}]	13	1
702	2024-03-14 15:05:02.977466+00	41	Взять квартиру в ипотеку в Бишкеке:  выполнима?	2	[{"changed": {"fields": ["\\u041a\\u0430\\u0442\\u0435\\u0433\\u043e\\u0440\\u0438\\u044f", "\\u041f\\u043e\\u0434\\u043a\\u0430\\u0442\\u0435\\u0433\\u043e\\u0440\\u0438\\u044f", "\\u041f\\u043e\\u043a\\u0430\\u0437\\u0430\\u0442\\u044c \\u043d\\u0430 \\u0433\\u043b\\u0430\\u0432\\u043d\\u043e\\u0439 \\u0441\\u0442\\u0440\\u0430\\u0438\\u043d\\u0446\\u0435"]}}]	13	1
703	2024-03-14 15:07:31.078037+00	25	Sumbule - SPA  незабываемого отдыха, красоты и здоровья	2	[{"changed": {"fields": ["\\u041a\\u0430\\u0442\\u0435\\u0433\\u043e\\u0440\\u0438\\u044f", "\\u041f\\u043e\\u0434\\u043a\\u0430\\u0442\\u0435\\u0433\\u043e\\u0440\\u0438\\u044f", "\\u041f\\u043e\\u043a\\u0430\\u0437\\u0430\\u0442\\u044c \\u043d\\u0430 \\u0433\\u043b\\u0430\\u0432\\u043d\\u043e\\u0439 \\u0441\\u0442\\u0440\\u0430\\u0438\\u043d\\u0446\\u0435"]}}]	13	1
704	2024-03-14 15:07:51.388046+00	26	Sumbule - SPA центр незабываемого отдыха, красоты	2	[{"changed": {"fields": ["\\u041a\\u0430\\u0442\\u0435\\u0433\\u043e\\u0440\\u0438\\u044f", "\\u041f\\u043e\\u0434\\u043a\\u0430\\u0442\\u0435\\u0433\\u043e\\u0440\\u0438\\u044f", "\\u041f\\u043e\\u043a\\u0430\\u0437\\u0430\\u0442\\u044c \\u043d\\u0430 \\u0433\\u043b\\u0430\\u0432\\u043d\\u043e\\u0439 \\u0441\\u0442\\u0440\\u0430\\u0438\\u043d\\u0446\\u0435"]}}]	13	1
705	2024-03-14 15:07:51.766191+00	26	Sumbule - SPA центр незабываемого отдыха, красоты	2	[]	13	1
706	2024-03-14 15:08:11.775586+00	28	SPA центр незабываемого отдыха, красоты и здоровья	2	[{"changed": {"fields": ["\\u041a\\u0430\\u0442\\u0435\\u0433\\u043e\\u0440\\u0438\\u044f", "\\u041f\\u043e\\u0434\\u043a\\u0430\\u0442\\u0435\\u0433\\u043e\\u0440\\u0438\\u044f", "\\u041f\\u043e\\u043a\\u0430\\u0437\\u0430\\u0442\\u044c \\u043d\\u0430 \\u0433\\u043b\\u0430\\u0432\\u043d\\u043e\\u0439 \\u0441\\u0442\\u0440\\u0430\\u0438\\u043d\\u0446\\u0435"]}}]	13	1
707	2024-03-14 15:08:41.290296+00	62	Галерея - бүтүрүү материалдары дүң жана чекене	2	[{"changed": {"fields": ["\\u042f\\u0437\\u044b\\u043a", "\\u041a\\u0430\\u0442\\u0435\\u0433\\u043e\\u0440\\u0438\\u044f", "\\u041f\\u043e\\u0434\\u043a\\u0430\\u0442\\u0435\\u0433\\u043e\\u0440\\u0438\\u044f", "\\u041f\\u043e\\u043a\\u0430\\u0437\\u0430\\u0442\\u044c \\u043d\\u0430 \\u0433\\u043b\\u0430\\u0432\\u043d\\u043e\\u0439 \\u0441\\u0442\\u0440\\u0430\\u0438\\u043d\\u0446\\u0435"]}}]	13	1
708	2024-03-14 15:09:00.318388+00	22	Отель Орион -  только место для отдыха	2	[{"changed": {"fields": ["\\u041a\\u0430\\u0442\\u0435\\u0433\\u043e\\u0440\\u0438\\u044f", "\\u041f\\u043e\\u043a\\u0430\\u0437\\u0430\\u0442\\u044c \\u043d\\u0430 \\u0433\\u043b\\u0430\\u0432\\u043d\\u043e\\u0439 \\u0441\\u0442\\u0440\\u0430\\u0438\\u043d\\u0446\\u0435"]}}]	13	1
709	2024-03-14 15:09:28.358876+00	27	Sumbule - SPA центр незабываемого красоты и здоровья	2	[{"changed": {"fields": ["\\u041a\\u0430\\u0442\\u0435\\u0433\\u043e\\u0440\\u0438\\u044f", "\\u041f\\u043e\\u0434\\u043a\\u0430\\u0442\\u0435\\u0433\\u043e\\u0440\\u0438\\u044f", "\\u041f\\u043e\\u043a\\u0430\\u0437\\u0430\\u0442\\u044c \\u043d\\u0430 \\u0433\\u043b\\u0430\\u0432\\u043d\\u043e\\u0439 \\u0441\\u0442\\u0440\\u0430\\u0438\\u043d\\u0446\\u0435"]}}]	13	1
710	2024-03-14 15:09:47.14143+00	24	Sumbule - центр незабываемого отдыха, красоты и здоровья	2	[{"changed": {"fields": ["\\u041a\\u0430\\u0442\\u0435\\u0433\\u043e\\u0440\\u0438\\u044f", "\\u041f\\u043e\\u0434\\u043a\\u0430\\u0442\\u0435\\u0433\\u043e\\u0440\\u0438\\u044f", "\\u041f\\u043e\\u043a\\u0430\\u0437\\u0430\\u0442\\u044c \\u043d\\u0430 \\u0433\\u043b\\u0430\\u0432\\u043d\\u043e\\u0439 \\u0441\\u0442\\u0440\\u0430\\u0438\\u043d\\u0446\\u0435"]}}]	13	1
711	2024-03-14 15:10:03.947459+00	21	Отель Орион - не только место для отдыха	2	[{"changed": {"fields": ["\\u041a\\u0430\\u0442\\u0435\\u0433\\u043e\\u0440\\u0438\\u044f", "\\u041f\\u043e\\u0434\\u043a\\u0430\\u0442\\u0435\\u0433\\u043e\\u0440\\u0438\\u044f", "\\u041f\\u043e\\u043a\\u0430\\u0437\\u0430\\u0442\\u044c \\u043d\\u0430 \\u0433\\u043b\\u0430\\u0432\\u043d\\u043e\\u0439 \\u0441\\u0442\\u0440\\u0430\\u0438\\u043d\\u0446\\u0435"]}}]	13	1
712	2024-03-14 15:10:24.430808+00	65	Галерея - бүтүрүү материалдары жана чекене	2	[{"changed": {"fields": ["\\u041a\\u0430\\u0442\\u0435\\u0433\\u043e\\u0440\\u0438\\u044f", "\\u041f\\u043e\\u0434\\u043a\\u0430\\u0442\\u0435\\u0433\\u043e\\u0440\\u0438\\u044f", "\\u041f\\u043e\\u043a\\u0430\\u0437\\u0430\\u0442\\u044c \\u043d\\u0430 \\u0433\\u043b\\u0430\\u0432\\u043d\\u043e\\u0439 \\u0441\\u0442\\u0440\\u0430\\u0438\\u043d\\u0446\\u0435"]}}]	13	1
713	2024-03-14 15:11:37.893796+00	5	Недвижимость	2	[{"added": {"name": "", "object": "\\u0421\\u043f\\u0430-\\u0441\\u0430\\u043b\\u043e\\u043d\\u044b"}}, {"changed": {"name": "", "object": "\\u041e\\u0442\\u0435\\u043b\\u044c", "fields": ["\\u041d\\u0430\\u0437\\u0432\\u0430\\u043d\\u0438\\u0435"]}}, {"changed": {"name": "", "object": "\\u0420\\u0435\\u0441\\u0442\\u043e\\u0440\\u0430\\u043d", "fields": ["\\u041d\\u0430\\u0437\\u0432\\u0430\\u043d\\u0438\\u0435"]}}]	8	1
714	2024-03-14 15:11:58.618363+00	8	Галерея - отделочные материалы оптом и в розницу	2	[{"changed": {"fields": ["\\u041a\\u0430\\u0442\\u0435\\u0433\\u043e\\u0440\\u0438\\u044f", "\\u041f\\u043e\\u0434\\u043a\\u0430\\u0442\\u0435\\u0433\\u043e\\u0440\\u0438\\u044f", "\\u041f\\u043e\\u043a\\u0430\\u0437\\u0430\\u0442\\u044c \\u043d\\u0430 \\u0433\\u043b\\u0430\\u0432\\u043d\\u043e\\u0439 \\u0441\\u0442\\u0440\\u0430\\u0438\\u043d\\u0446\\u0435"]}}]	13	1
715	2024-03-14 15:12:07.999076+00	5	Palazzo - ресторан премиум-класса	2	[{"changed": {"fields": ["\\u041a\\u0430\\u0442\\u0435\\u0433\\u043e\\u0440\\u0438\\u044f", "\\u041f\\u043e\\u0434\\u043a\\u0430\\u0442\\u0435\\u0433\\u043e\\u0440\\u0438\\u044f"]}}]	13	1
716	2024-03-14 15:12:21.398433+00	6	Москва - жилой дом премиум-класс	2	[{"changed": {"fields": ["\\u041a\\u0430\\u0442\\u0435\\u0433\\u043e\\u0440\\u0438\\u044f", "\\u041f\\u043e\\u0434\\u043a\\u0430\\u0442\\u0435\\u0433\\u043e\\u0440\\u0438\\u044f", "\\u041f\\u043e\\u043a\\u0430\\u0437\\u0430\\u0442\\u044c \\u043d\\u0430 \\u0433\\u043b\\u0430\\u0432\\u043d\\u043e\\u0439 \\u0441\\u0442\\u0440\\u0430\\u0438\\u043d\\u0446\\u0435"]}}]	13	1
754	2024-03-14 17:28:41.176142+00	49	UNO City - Кыргызстандагы жаңы курортук шаар	3		13	1
755	2024-03-14 17:28:41.177171+00	48	UNO City - Кыргызстандагы жаңы курорттук шаар	3		13	1
756	2024-03-14 17:28:41.178027+00	46	Москва - премиум турак имараты	3		13	1
717	2024-03-14 15:12:32.980956+00	3	Взять квартиру в ипотеку в Бишкеке: миссия выполнима?	2	[{"changed": {"fields": ["\\u041a\\u0430\\u0442\\u0435\\u0433\\u043e\\u0440\\u0438\\u044f", "\\u041f\\u043e\\u0434\\u043a\\u0430\\u0442\\u0435\\u0433\\u043e\\u0440\\u0438\\u044f", "\\u041f\\u043e\\u043a\\u0430\\u0437\\u0430\\u0442\\u044c \\u043d\\u0430 \\u0433\\u043b\\u0430\\u0432\\u043d\\u043e\\u0439 \\u0441\\u0442\\u0440\\u0430\\u0438\\u043d\\u0446\\u0435"]}}]	13	1
718	2024-03-14 15:12:47.639681+00	7	Sumbule - SPA центр незабываемого отдыха, красоты и здоровья	2	[{"changed": {"fields": ["\\u041a\\u0430\\u0442\\u0435\\u0433\\u043e\\u0440\\u0438\\u044f", "\\u041f\\u043e\\u0434\\u043a\\u0430\\u0442\\u0435\\u0433\\u043e\\u0440\\u0438\\u044f", "\\u041f\\u043e\\u043a\\u0430\\u0437\\u0430\\u0442\\u044c \\u043d\\u0430 \\u0433\\u043b\\u0430\\u0432\\u043d\\u043e\\u0439 \\u0441\\u0442\\u0440\\u0430\\u0438\\u043d\\u0446\\u0435"]}}]	13	1
719	2024-03-14 15:13:01.974841+00	1	Москва - жилой дом премиум-класса	2	[{"changed": {"fields": ["\\u041a\\u0430\\u0442\\u0435\\u0433\\u043e\\u0440\\u0438\\u044f", "\\u041f\\u043e\\u0434\\u043a\\u0430\\u0442\\u0435\\u0433\\u043e\\u0440\\u0438\\u044f", "\\u041f\\u043e\\u043a\\u0430\\u0437\\u0430\\u0442\\u044c \\u043d\\u0430 \\u0433\\u043b\\u0430\\u0432\\u043d\\u043e\\u0439 \\u0441\\u0442\\u0440\\u0430\\u0438\\u043d\\u0446\\u0435"]}}]	13	1
720	2024-03-14 15:13:33.847162+00	19	Владислав Попов - основатель дизайн Freedom Group	2	[{"changed": {"fields": ["\\u0418\\u0437\\u043e\\u0431\\u0440\\u0430\\u0436\\u0435\\u043d\\u0438\\u0435"]}}]	13	1
721	2024-03-14 15:13:51.47397+00	19	Владислав Попов - основатель дизайн Freedom Group	2	[{"changed": {"fields": ["\\u041a\\u0430\\u0442\\u0435\\u0433\\u043e\\u0440\\u0438\\u044f", "\\u041f\\u043e\\u0434\\u043a\\u0430\\u0442\\u0435\\u0433\\u043e\\u0440\\u0438\\u044f"]}}]	13	1
722	2024-03-14 15:14:03.716359+00	67	Владислав Попов	2	[{"changed": {"fields": ["\\u041a\\u0430\\u0442\\u0435\\u0433\\u043e\\u0440\\u0438\\u044f", "\\u041f\\u043e\\u0434\\u043a\\u0430\\u0442\\u0435\\u0433\\u043e\\u0440\\u0438\\u044f"]}}]	13	1
723	2024-03-14 15:14:17.250957+00	17	Владислав Попов - основатель дизайн-студии Freedom Group	2	[{"changed": {"fields": ["\\u041a\\u0430\\u0442\\u0435\\u0433\\u043e\\u0440\\u0438\\u044f"]}}]	13	1
724	2024-03-14 15:14:40.751674+00	18	Владислав- основатель дизайн-студии Freedom Group	2	[{"changed": {"fields": ["\\u041a\\u0430\\u0442\\u0435\\u0433\\u043e\\u0440\\u0438\\u044f"]}}]	13	1
725	2024-03-14 15:14:55.89688+00	20	Владислав Попов - основатель студии Freedom Group	2	[{"changed": {"fields": ["\\u041a\\u0430\\u0442\\u0435\\u0433\\u043e\\u0440\\u0438\\u044f"]}}]	13	1
726	2024-03-14 15:42:42.589379+00	1	Tag object (1)	1	[{"added": {}}]	18	1
727	2024-03-14 15:44:37.440407+00	2	Tag object (2)	1	[{"added": {}}]	18	1
728	2024-03-14 17:15:19.932908+00	26	Архитектура	2	[{"changed": {"fields": ["\\u041d\\u0430\\u0437\\u0432\\u0430\\u043d\\u0438\\u0435"]}}]	8	1
729	2024-03-14 17:16:09.960141+00	26	Архитектура	2	[{"changed": {"name": "", "object": "\\u0410\\u0440\\u0445\\u0438\\u0442\\u0435\\u043a\\u0442\\u043e\\u0440\\u044b", "fields": ["\\u041d\\u0430\\u0437\\u0432\\u0430\\u043d\\u0438\\u0435"]}}, {"changed": {"name": "", "object": "\\u041d\\u043e\\u0432\\u044b\\u0435 \\u0438\\u043c\\u0435\\u043d\\u0430", "fields": ["\\u041d\\u0430\\u0437\\u0432\\u0430\\u043d\\u0438\\u0435"]}}, {"deleted": {"name": "", "object": "\\u0421\\u043f\\u0430-\\u0441\\u0430\\u043b\\u043e\\u043d\\u044b"}}]	8	1
730	2024-03-14 17:17:12.427317+00	5	Недвижимость	2	[{"deleted": {"name": "", "object": "\\u041d"}}, {"deleted": {"name": "", "object": "\\u0420\\u0435\\u0441\\u0442\\u043e\\u0440\\u0430\\u043d"}}, {"deleted": {"name": "", "object": "\\u0421\\u043f\\u0430-\\u0441\\u0430\\u043b\\u043e\\u043d\\u044b"}}]	8	1
731	2024-03-14 17:17:54.453215+00	27	Недвижимость зарубежом	1	[{"added": {}}]	8	1
732	2024-03-14 17:18:47.292928+00	27	Недвижимость зарубежом	2	[{"added": {"name": "", "object": "\\u0414\\u0443\\u0431\\u0430\\u0439"}}, {"added": {"name": "", "object": "\\u0422\\u0443\\u0440\\u0446\\u0438\\u044f"}}]	8	1
733	2024-03-14 17:20:54.696095+00	28	Ремонт и обустройство	1	[{"added": {}}, {"added": {"name": "", "object": "\\u0420\\u0435\\u043c\\u043e\\u043d\\u0442"}}, {"added": {"name": "", "object": "\\u0438\\u043d\\u0442\\u0435\\u0440\\u044c\\u0435\\u0440"}}]	8	1
734	2024-03-14 17:22:43.332682+00	5	Недвижимость	2	[{"added": {"name": "", "object": "\\u041d\\u0435\\u0434\\u0432\\u0438\\u0436\\u0438\\u043c\\u043e\\u0441\\u0442\\u044c \\u0437\\u0430\\u0440\\u0443\\u0431\\u0435\\u0436\\u043e\\u043c"}}]	8	1
735	2024-03-14 17:23:06.956535+00	27	Недвижимость зарубежом	3		8	1
736	2024-03-14 17:23:38.925121+00	5	Недвижимость	2	[{"added": {"name": "", "object": "\\u0414\\u0443\\u0431\\u0430\\u0439"}}, {"added": {"name": "", "object": "\\u0422\\u0443\\u0440\\u0446\\u0438\\u044f"}}]	8	1
737	2024-03-14 17:23:59.585588+00	28	Ремонт и обустройство	3		8	1
738	2024-03-14 17:24:55.807771+00	2	Дизайн	2	[{"added": {"name": "", "object": "\\u0418\\u043d\\u0442\\u0435\\u0440\\u044c\\u0435\\u0440"}}, {"added": {"name": "", "object": "\\u0420\\u0435\\u043c\\u043e\\u043d\\u0442 \\u0438 \\u043e\\u0431\\u0443\\u0441\\u0442\\u0440\\u043e\\u0439\\u0441\\u0442\\u0432\\u043e"}}]	8	1
739	2024-03-14 17:26:33.427468+00	25	Популярные	2	[{"deleted": {"name": "", "object": "\\u041e\\u0442\\u0435\\u043b\\u044c"}}, {"deleted": {"name": "", "object": "\\u0420\\u0435\\u0441\\u0442\\u043e\\u0440\\u0430\\u043d"}}, {"deleted": {"name": "", "object": "\\u0421\\u043f\\u0430-\\u0441\\u0430\\u043b\\u043e\\u043d\\u044b"}}]	8	1
740	2024-03-14 17:27:11.044914+00	23	Luxury lifestyle	2	[{"changed": {"fields": ["\\u0410\\u043a\\u0442\\u0438\\u0432\\u043d\\u043e"]}}, {"deleted": {"name": "", "object": "\\u041e\\u0442\\u0435\\u043b\\u0438"}}]	8	1
741	2024-03-14 17:28:41.163825+00	67	Владислав Попов	3		13	1
742	2024-03-14 17:28:41.165734+00	61	Дубайдын сыры, чет өлкөдөгү кыймылсыз мүлк	3		13	1
743	2024-03-14 17:28:41.166642+00	60	Дубайдын сырлары, чет өлкөдөгү кыймылсыз	3		13	1
744	2024-03-14 17:28:41.167577+00	59	Дубайдын сырлары, чет  кыймылсыз мүлк	3		13	1
745	2024-03-14 17:28:41.168562+00	58	Дубайдын сырлары, чет өлкөдөгү кыймылсыз мүлк	3		13	1
746	2024-03-14 17:28:41.169453+00	57	Бишкектен ипотека менен батир алуу: миссия мүмкүн?	3		13	1
747	2024-03-14 17:28:41.170362+00	56	Бишкектен ипотека менен батир : миссия мүмкүнбү?	3		13	1
748	2024-03-14 17:28:41.171128+00	55	Бишкектен ипотека батир алуу: миссия мүмкүнбү?	3		13	1
749	2024-03-14 17:28:41.171899+00	54	Бишкектен ипотека менен батир алуу: миссия мүмкүнбү?	3		13	1
750	2024-03-14 17:28:41.173045+00	53	City - Кыргызстандагы жаңы курорттук шаар	3		13	1
751	2024-03-14 17:28:41.173871+00	52	UNO City - Кыргызстанда жаңы курорттук шаар	3		13	1
752	2024-03-14 17:28:41.174593+00	51	UNO - Кыргызстандагы жаңы курорттук шаар	3		13	1
753	2024-03-14 17:28:41.175358+00	50	UNO City - Кыргызстандагы  курорттук шаар	3		13	1
757	2024-03-14 17:28:41.178877+00	45	Москва - премиум турак жай имараттар	3		13	1
758	2024-03-14 17:28:41.179849+00	44	Москва - премиум турак жай имараты	3		13	1
759	2024-03-14 17:28:41.180815+00	43	Взять квартиру в ипотеку в Бишкеке: миссия выполним?	3		13	1
760	2024-03-14 17:28:41.181661+00	42	Взять квартира в ипотеку в Бишкеке: миссия выполнима?	3		13	1
761	2024-03-14 17:28:41.182473+00	41	Взять квартиру в ипотеку в Бишкеке:  выполнима?	3		13	1
762	2024-03-14 17:28:41.183297+00	39	Взять квартиру  ипотеку в Бишкеке: миссия выполнима?	3		13	1
763	2024-03-14 17:28:41.184097+00	38	Взять квартиру в ипотеку в Бишкек: миссия выполнима?	3		13	1
764	2024-03-14 17:28:41.18534+00	22	Отель Орион -  только место для отдыха	3		13	1
765	2024-03-14 17:28:41.186142+00	20	Владислав Попов - основатель студии Freedom Group	3		13	1
766	2024-03-14 17:28:41.186926+00	19	Владислав Попов - основатель дизайн Freedom Group	3		13	1
767	2024-03-14 17:28:41.187801+00	18	Владислав- основатель дизайн-студии Freedom Group	3		13	1
768	2024-03-14 17:28:41.188716+00	17	Владислав Попов - основатель дизайн-студии Freedom Group	3		13	1
769	2024-03-14 17:28:41.189588+00	5	Palazzo - ресторан премиум-класса	3		13	1
770	2024-03-14 19:33:51.244122+00	114	wefwef	1	[{"added": {}}]	13	1
771	2024-03-15 05:04:31.07104+00	114	wefwef	2	[{"changed": {"fields": ["\\u0422\\u0435\\u0433\\u0438"]}}]	13	1
772	2024-03-15 08:05:14.247748+00	139	kgdf;lw;d;mdfdm;f	3		15	1
773	2024-03-15 08:05:14.25016+00	138	lggfm,dfm	3		15	1
774	2024-03-15 08:05:14.25112+00	137	dfmdfm	3		15	1
775	2024-03-15 08:05:14.252094+00	136	dfmdfm	3		15	1
776	2024-03-15 08:05:14.252889+00	135	fhfgfhmdghmdg	3		15	1
777	2024-03-15 08:05:14.253645+00	134	sdfsdfsdf	3		15	1
778	2024-03-15 08:05:27.357846+00	114	wefwef	3		13	1
779	2024-03-15 08:07:29.032628+00	26	Архитектура	2	[{"changed": {"fields": ["\\u041d\\u0430\\u0437\\u0432\\u0430\\u043d\\u0438\\u0435", "Custom name"]}}]	8	1
780	2024-03-15 08:18:53.497569+00	23	Архитектура	2	[{"changed": {"fields": ["\\u041d\\u0430\\u0437\\u0432\\u0430\\u043d\\u0438\\u0435", "Custom name"]}}]	8	1
781	2024-03-15 08:21:30.553174+00	23	Архитектура	2	[{"changed": {"fields": ["\\u041d\\u0430\\u0437\\u0432\\u0430\\u043d\\u0438\\u0435"]}}]	8	1
782	2024-03-15 08:28:08.763774+00	26	Популярные	3		8	1
783	2024-03-15 08:28:08.76616+00	25	Популярные	3		8	1
784	2024-03-15 08:28:08.767208+00	23	Архитектура	3		8	1
785	2024-03-15 08:28:08.768282+00	22	События	3		8	1
786	2024-03-15 08:28:08.7692+00	19	Байланыш	3		8	1
787	2024-03-15 08:28:08.770058+00	18	Маектешүү	3		8	1
788	2024-03-15 08:28:08.770906+00	16	Персона	3		8	1
789	2024-03-15 08:28:08.77166+00	15	Компаниядан сунуштар	3		8	1
790	2024-03-15 08:28:08.77256+00	14	Популярдуу	3		8	1
791	2024-03-15 08:28:08.773307+00	13	Люкс майрам	3		8	1
792	2024-03-15 08:28:08.774164+00	12	Образ жизни	3		8	1
793	2024-03-15 08:28:08.774931+00	11	Архитектура	3		8	1
794	2024-03-15 08:28:08.775727+00	10	Кыймылсыз мүлк	3		8	1
795	2024-03-15 08:28:08.776653+00	5	Недвижимость	3		8	1
796	2024-03-15 08:28:08.777375+00	4	Персона	3		8	1
797	2024-03-15 08:28:08.778144+00	2	Дизайн	3		8	1
798	2024-03-15 08:28:08.778907+00	1	Интервью	3		8	1
799	2024-03-15 08:28:56.037708+00	29	Популярные	1	[{"added": {}}, {"added": {"name": "", "object": "\\u041e\\u0442\\u0435\\u043b\\u044c"}}, {"added": {"name": "", "object": "\\u0420\\u0435\\u0441\\u0442\\u043e\\u0440\\u0430\\u043d"}}, {"added": {"name": "", "object": "\\u0421\\u043f\\u0430-\\u0441\\u0430\\u043b\\u043e\\u043d\\u044b"}}]	8	1
800	2024-03-15 08:29:31.784031+00	30	Недвижимость	1	[{"added": {}}, {"added": {"name": "", "object": "\\u041e\\u0442\\u0435\\u043b\\u044c"}}, {"added": {"name": "", "object": "\\u0420\\u0435\\u0441\\u0442\\u043e\\u0440\\u0430\\u043d"}}, {"added": {"name": "", "object": "\\u0421\\u043f\\u0430-\\u0441\\u0430\\u043b\\u043e\\u043d\\u044b"}}]	8	1
801	2024-03-15 08:29:58.194798+00	31	Раскошный отдых	1	[{"added": {}}, {"added": {"name": "", "object": "\\u041e\\u0442\\u0435\\u043b\\u044c"}}, {"added": {"name": "", "object": "\\u0420\\u0435\\u0441\\u0442\\u043e\\u0440\\u0430\\u043d"}}, {"added": {"name": "", "object": "\\u0421\\u043f\\u0430-\\u0441\\u0430\\u043b\\u043e\\u043d\\u044b"}}]	8	1
802	2024-03-15 08:30:09.708229+00	32	Продукты	1	[{"added": {}}]	8	1
803	2024-03-15 08:30:19.168889+00	33	Интервью	1	[{"added": {}}]	8	1
804	2024-03-15 08:30:28.678711+00	34	Предложение от компании	1	[{"added": {}}]	8	1
805	2024-03-15 08:37:49.434199+00	115	kfdnvlwknvw	1	[{"added": {}}]	13	1
806	2024-03-15 08:42:48.399064+00	115	kfdnvlwknvw	2	[]	13	1
807	2024-03-15 09:55:21.264338+00	115	Красивые оформление кватрир	2	[{"changed": {"fields": ["\\u041d\\u0430\\u0437\\u0432\\u0430\\u043d\\u0438\\u0435", "\\u041e\\u043f\\u0443\\u0431\\u043b\\u0438\\u043a\\u043e\\u0432\\u0430\\u0442\\u044c", "\\u041d\\u0430 \\u0433\\u043b\\u0430\\u0432\\u043d\\u0443\\u044e \\u044f\\u0447\\u0435\\u0439\\u043a\\u0443"]}}, {"added": {"name": "\\u0414\\u043e\\u043f\\u043e\\u043b\\u043d\\u0438\\u0442\\u0435\\u043b\\u044c\\u043d\\u043e", "object": "PostDetail object (79)"}}, {"added": {"name": "\\u0421\\u043b\\u0430\\u0439\\u0434\\u0435\\u0440", "object": "PostSlider object (6)"}}, {"added": {"name": "\\u0421\\u043b\\u0430\\u0439\\u0434\\u0435\\u0440", "object": "PostSlider object (7)"}}, {"added": {"name": "\\u0421\\u043b\\u0430\\u0439\\u0434\\u0435\\u0440", "object": "PostSlider object (8)"}}, {"added": {"name": "\\u0421\\u043b\\u0430\\u0439\\u0434\\u0435\\u0440", "object": "PostSlider object (9)"}}, {"added": {"name": "\\u0421\\u043b\\u0430\\u0439\\u0434\\u0435\\u0440", "object": "PostSlider object (10)"}}, {"added": {"name": "\\u0421\\u043b\\u0430\\u0439\\u0434\\u0435\\u0440", "object": "PostSlider object (11)"}}]	13	1
808	2024-03-15 09:55:37.600441+00	115	Красивые оформление кватрир	2	[{"added": {"name": "\\u0424\\u0430\\u0439\\u043b", "object": "PostFile object (2)"}}]	13	1
809	2024-03-15 09:55:45.950762+00	115	Красивые оформление кватрир	2	[{"changed": {"fields": ["\\u041a\\u0430\\u0442\\u0435\\u0433\\u043e\\u0440\\u0438\\u044f", "\\u041f\\u043e\\u0434\\u043a\\u0430\\u0442\\u0435\\u0433\\u043e\\u0440\\u0438\\u044f"]}}]	13	1
810	2024-03-15 09:56:28.691095+00	115	Красивые оформление кватрир	2	[{"changed": {"fields": ["\\u041a\\u0430\\u0442\\u0435\\u0433\\u043e\\u0440\\u0438\\u044f", "\\u041f\\u043e\\u0434\\u043a\\u0430\\u0442\\u0435\\u0433\\u043e\\u0440\\u0438\\u044f"]}}]	13	1
811	2024-03-15 09:57:24.064104+00	115	Красивые оформление кватрир	2	[{"changed": {"fields": ["\\u0418\\u0437\\u043e\\u0431\\u0440\\u0430\\u0436\\u0435\\u043d\\u0438\\u0435"]}}]	13	1
812	2024-03-15 09:58:07.55587+00	141	ldfkbs;nld	2	[{"changed": {"fields": ["\\u041e\\u043f\\u0443\\u0431\\u043b\\u0438\\u043a\\u043e\\u0432\\u0430\\u0442\\u044c"]}}]	15	1
813	2024-03-15 09:58:12.930977+00	140	fgnefnefoenofbekn	2	[{"changed": {"fields": ["\\u041e\\u043f\\u0443\\u0431\\u043b\\u0438\\u043a\\u043e\\u0432\\u0430\\u0442\\u044c"]}}]	15	1
814	2024-03-15 11:02:47.920796+00	116	erge	1	[{"added": {}}]	13	1
815	2024-03-15 11:02:58.148176+00	116	erge	3		13	1
816	2024-03-15 11:03:30.547656+00	13	nfk	1	[{"added": {}}]	4	1
817	2024-03-15 11:03:37.263827+00	13	nfk	3		4	1
818	2024-03-15 11:12:25.807855+00	117	Москва - жилой дом премиум-класса	1	[{"added": {}}]	13	1
819	2024-03-15 11:12:50.865718+00	118	Москва - жилой дом премиум	1	[{"added": {}}]	13	1
820	2024-03-15 11:13:13.002194+00	119	Москва - жилой дом -класса	1	[{"added": {}}]	13	1
821	2024-03-15 11:13:34.869505+00	120	Москва - дом премиум-класса	1	[{"added": {}}]	13	1
822	2024-03-15 11:13:58.840776+00	121	UNO City - новый город-курорт в Кыргызстане	1	[{"added": {}}]	13	1
823	2024-03-15 11:14:26.86804+00	122	UNO City - новый город-в Кыргызстане	1	[{"added": {}}]	13	1
824	2024-03-15 11:14:58.278542+00	123	UNO City - новый -курорт в Кыргызстане	1	[{"added": {}}]	13	1
825	2024-03-15 11:15:22.166785+00	124	UNO City - город-курорт в Кыргызстане	1	[{"added": {}}]	13	1
826	2024-03-15 11:16:05.595631+00	125	Владислав Попов - основатель дизайн-студии Freedom Group	1	[{"added": {}}]	13	1
827	2024-03-15 11:16:41.516135+00	126	Взять квартиру в ипотеку в Бишкеке: миссия выполнима?	1	[{"added": {}}]	13	1
828	2024-03-15 11:17:03.607935+00	127	Взять квартиру в в Бишкеке: миссия выполнима?	1	[{"added": {}}]	13	1
829	2024-03-15 11:17:26.263101+00	128	Взять квартиру в ипотеку в Бишкеке: выполнима?	1	[{"added": {}}]	13	1
830	2024-03-15 11:17:42.240814+00	125	Владислав Попов - основатель дизайн-студии Freedom Group	2	[{"changed": {"fields": ["\\u0418\\u0437\\u043e\\u0431\\u0440\\u0430\\u0436\\u0435\\u043d\\u0438\\u0435"]}}]	13	1
831	2024-03-15 11:17:56.844749+00	129	n	1	[{"added": {}}]	13	1
832	2024-03-15 11:18:14.592095+00	130	f	1	[{"added": {}}]	13	1
833	2024-03-15 11:18:22.605175+00	129	n	2	[{"changed": {"fields": ["\\u041e\\u043f\\u0443\\u0431\\u043b\\u0438\\u043a\\u043e\\u0432\\u0430\\u0442\\u044c"]}}]	13	1
834	2024-03-15 11:18:40.965184+00	128	Взять квартиру в ипотеку в Бишкеке: выполнима?	2	[{"changed": {"fields": ["\\u0418\\u0437\\u043e\\u0431\\u0440\\u0430\\u0436\\u0435\\u043d\\u0438\\u0435"]}}]	13	1
835	2024-03-15 11:18:41.353619+00	131	r	1	[{"added": {}}]	13	1
836	2024-03-15 11:18:51.686536+00	131	r	2	[{"changed": {"fields": ["\\u0418\\u0437\\u043e\\u0431\\u0440\\u0430\\u0436\\u0435\\u043d\\u0438\\u0435", "\\u041e\\u043f\\u0443\\u0431\\u043b\\u0438\\u043a\\u043e\\u0432\\u0430\\u0442\\u044c"]}}]	13	1
837	2024-03-15 11:20:47.84268+00	132	Анна Шишкина - основатель дизайн-студии Freedom Group	1	[{"added": {}}]	13	1
838	2024-03-15 11:21:15.386759+00	117	Москва - жилой дом премиум-класса	2	[{"added": {"name": "\\u0414\\u043e\\u043f\\u043e\\u043b\\u043d\\u0438\\u0442\\u0435\\u043b\\u044c\\u043d\\u043e", "object": "PostDetail object (80)"}}, {"added": {"name": "\\u0421\\u043b\\u0430\\u0439\\u0434\\u0435\\u0440", "object": "PostSlider object (12)"}}, {"added": {"name": "\\u0421\\u043b\\u0430\\u0439\\u0434\\u0435\\u0440", "object": "PostSlider object (13)"}}, {"added": {"name": "\\u0421\\u043b\\u0430\\u0439\\u0434\\u0435\\u0440", "object": "PostSlider object (14)"}}, {"added": {"name": "\\u0421\\u043b\\u0430\\u0439\\u0434\\u0435\\u0440", "object": "PostSlider object (15)"}}, {"added": {"name": "\\u0421\\u043b\\u0430\\u0439\\u0434\\u0435\\u0440", "object": "PostSlider object (16)"}}]	13	1
839	2024-03-15 11:22:20.057043+00	134	Секреты Дубай, недвижимость за рубежом	1	[{"added": {}}]	13	1
840	2024-03-15 11:23:27.984182+00	135	Sumbule - SPA центр незабываемого отдыха, красоты и здоровья	1	[{"added": {}}]	13	1
841	2024-03-15 11:23:51.634449+00	136	Sumbule - центр незабываемого отдыха, красоты и здоровья	1	[{"added": {}}]	13	1
842	2024-03-15 11:24:25.762959+00	137	Sumbule - SPA центр незабываемого , красоты и здоровья	1	[{"added": {}}]	13	1
843	2024-03-15 11:24:49.210414+00	138	Sumbule - SPA незабываемого отдыха, красоты и здоровья	1	[{"added": {}}]	13	1
844	2024-03-15 11:25:26.662658+00	140	Sumbule - центр незабываемого , красоты и здоровья	1	[{"added": {}}]	13	1
845	2024-03-15 11:25:49.00503+00	141	Sumbule - SPA центр отдыха, красоты и здоровья	1	[{"added": {}}]	13	1
846	2024-03-15 11:27:01.928573+00	143	Sumbule - SPA центр , красоты и здоровья	1	[{"added": {}}]	13	1
847	2024-03-15 11:27:28.066963+00	144	Sumbule - SPA центр	1	[{"added": {}}]	13	1
848	2024-03-15 11:27:52.742959+00	145	SPA центр незабываемого отдыха, красоты и здоровья	1	[{"added": {}}]	13	1
849	2024-03-15 11:29:14.268369+00	146	t	1	[{"added": {}}]	13	1
850	2024-03-15 11:29:34.512407+00	147	a	1	[{"added": {}}]	13	1
851	2024-03-15 11:30:22.336478+00	148	Palazzo - ресторан премиум-класса	1	[{"added": {}}]	13	1
852	2024-03-15 11:30:46.64531+00	149	Palazzo - ресторанd-класса	1	[{"added": {}}]	13	1
853	2024-03-15 11:31:59.680951+00	34	Предложение от компании	2	[{"changed": {"fields": ["\\u0421\\u0442\\u0430\\u0442\\u0443\\u0441"]}}]	8	1
854	2024-03-15 11:35:35.698494+00	35	Популярдуу	1	[{"added": {}}]	8	1
855	2024-03-15 11:36:05.568385+00	36	Кыймылсыз мулк	1	[{"added": {}}]	8	1
856	2024-03-15 11:36:15.131305+00	35	Популярдуу	2	[{"changed": {"fields": ["\\u0412\\u044b\\u0431\\u0435\\u0440\\u0438\\u0442\\u0435 \\u0440\\u0443\\u0441\\u0441\\u043a\\u0443\\u044e \\u0432\\u0435\\u0440\\u0441\\u0438\\u044e \\u043a\\u0430\\u0442\\u0435\\u0433\\u043e\\u0440\\u0438\\u0438!"]}}]	8	1
857	2024-03-15 11:36:42.39973+00	150	Кыймылсыз мулк	1	[{"added": {}}]	13	1
858	2024-03-15 11:37:14.987444+00	151	Галерея - отделочные материалы оптом и в розницу	1	[{"added": {}}]	13	1
859	2024-03-15 11:37:33.296121+00	35	Популярдуу	2	[{"added": {"name": "", "object": "\\u041e\\u0442\\u0435\\u043b\\u044c"}}, {"added": {"name": "", "object": "\\u0420\\u0435\\u0441\\u0442\\u043e\\u0440\\u0430\\u043d"}}, {"added": {"name": "", "object": "\\u0421\\u043f\\u0430-\\u0441\\u0430\\u043b\\u043e\\u043d\\u044b"}}]	8	1
860	2024-03-15 11:37:55.642284+00	30	Недвижимость	2	[]	8	1
861	2024-03-15 11:38:20.751612+00	36	Кыймылсыз мулк	2	[]	8	1
862	2024-03-15 11:38:54.430042+00	151	Галерея - отделочные материалы оптом и в розницу	2	[{"changed": {"fields": ["\\u042f\\u0437\\u044b\\u043a"]}}]	13	1
864	2024-03-15 11:42:30.200491+00	35	Популярдуу	2	[{"changed": {"fields": ["\\u0412\\u044b\\u0431\\u0435\\u0440\\u0438\\u0442\\u0435 \\u0440\\u0443\\u0441\\u0441\\u043a\\u0443\\u044e \\u0432\\u0435\\u0440\\u0441\\u0438\\u044e \\u043a\\u0430\\u0442\\u0435\\u0433\\u043e\\u0440\\u0438\\u0438!"]}}]	8	1
865	2024-03-15 11:45:24.046075+00	35	Популярдуу	2	[{"changed": {"fields": ["\\u042f\\u0437\\u044b\\u043a"]}}]	8	1
866	2024-03-15 11:45:33.862322+00	36	Кыймылсыз мулк	2	[{"changed": {"fields": ["\\u0412\\u044b\\u0431\\u0435\\u0440\\u0438\\u0442\\u0435 \\u0440\\u0443\\u0441\\u0441\\u043a\\u0443\\u044e \\u0432\\u0435\\u0440\\u0441\\u0438\\u044e \\u043a\\u0430\\u0442\\u0435\\u0433\\u043e\\u0440\\u0438\\u0438!"]}}]	8	1
867	2024-03-15 11:46:21.368372+00	36	Кыймылсыз мулк	2	[{"added": {"name": "", "object": "\\u041c\\u0435\\u0439\\u043c\\u0430\\u043d\\u043a\\u0430\\u043d\\u0430"}}, {"added": {"name": "", "object": "\\u0420\\u0435\\u0441\\u0442\\u043e\\u0440\\u0430\\u043d"}}]	8	1
868	2024-03-15 11:49:08.32601+00	37	Люкс майрам	1	[{"added": {}}]	8	1
869	2024-03-15 11:49:31.676179+00	38	Продукттар	1	[{"added": {}}]	8	1
870	2024-03-15 11:49:41.666001+00	39	Компаниядан сунуштар	1	[{"added": {}}]	8	1
871	2024-03-15 11:50:45.870531+00	152	Все под одной крышей: стройматериалы, сантехника, инструменты, электротовары и мн.	1	[{"added": {}}]	13	1
872	2024-03-15 11:51:15.001689+00	153	Все под одной крышей: , сантехника, инструменты, электротовары и мн.	1	[{"added": {}}]	13	1
873	2024-03-15 11:51:21.244309+00	155	Все под одной крышей: , сантехника, , электротовары и мн.	1	[{"added": {}}]	13	1
874	2024-03-15 11:51:45.40648+00	156	Все под одной : стройматериалы, сантехника, инструменты, электротовары и мн.	1	[{"added": {}}]	13	1
875	2024-03-15 11:51:51.137303+00	158	Все под одной : стройматериалы, сантехника, , электротовары и мн.	1	[{"added": {}}]	13	1
876	2024-03-15 11:52:13.68846+00	159	Все под одной крышей: стройматериалы,	1	[{"added": {}}]	13	1
877	2024-03-15 11:52:38.652845+00	160	материалы, сантехника, инструменты, электротовары и мн.	1	[{"added": {}}]	13	1
878	2024-03-15 11:53:41.855108+00	161	Все под одной крышей: стройматериал	1	[{"added": {}}]	13	1
879	2024-03-15 11:54:01.025345+00	162	Все под одной крышей: стройматериалы, сантехника, инструменты, и мн.	1	[{"added": {}}]	13	1
880	2024-03-15 11:54:22.417197+00	163	Все под одной крышей: стройатериалы, , , электротовары и мн.	1	[{"added": {}}]	13	1
881	2024-03-15 11:55:07.547495+00	164	Галерея - материлы оптом и в розницу Все под одной крышей	1	[{"added": {}}]	13	1
882	2024-03-15 11:55:31.262079+00	165	Галерея - отдеочные оптом и в розницу Все под одной крышей	1	[{"added": {}}]	13	1
883	2024-03-15 11:55:51.397102+00	166	Галерея - отделочные материалы оптом и в рзницу Все под одной крышей	1	[{"added": {}}]	13	1
884	2024-03-15 11:56:18.566642+00	39	Компаниядан сунуштар	2	[{"changed": {"fields": ["\\u042f\\u0437\\u044b\\u043a", "\\u0421\\u0442\\u0430\\u0442\\u0443\\u0441"]}}]	8	1
885	2024-03-15 11:56:33.371352+00	38	Продукттар	2	[{"changed": {"fields": ["\\u042f\\u0437\\u044b\\u043a"]}}]	8	1
886	2024-03-15 11:59:24.814186+00	38	Продукттар	2	[{"changed": {"fields": ["\\u0412\\u044b\\u0431\\u0435\\u0440\\u0438\\u0442\\u0435 \\u0440\\u0443\\u0441\\u0441\\u043a\\u0443\\u044e \\u0432\\u0435\\u0440\\u0441\\u0438\\u044e \\u043a\\u0430\\u0442\\u0435\\u0433\\u043e\\u0440\\u0438\\u0438!"]}}]	8	1
887	2024-03-15 12:00:03.870476+00	35	Популярдуу	2	[{"changed": {"fields": ["\\u0412\\u044b\\u0431\\u0435\\u0440\\u0438\\u0442\\u0435 \\u0440\\u0443\\u0441\\u0441\\u043a\\u0443\\u044e \\u0432\\u0435\\u0440\\u0441\\u0438\\u044e \\u043a\\u0430\\u0442\\u0435\\u0433\\u043e\\u0440\\u0438\\u0438!"]}}]	8	1
888	2024-03-15 12:00:20.306937+00	38	Продукттар	2	[]	8	1
889	2024-03-15 12:00:26.900593+00	35	Популярдуу	2	[]	8	1
890	2024-03-15 12:00:58.955123+00	37	Люкс майрам	2	[{"changed": {"fields": ["\\u0412\\u044b\\u0431\\u0435\\u0440\\u0438\\u0442\\u0435 \\u0440\\u0443\\u0441\\u0441\\u043a\\u0443\\u044e \\u0432\\u0435\\u0440\\u0441\\u0438\\u044e \\u043a\\u0430\\u0442\\u0435\\u0433\\u043e\\u0440\\u0438\\u0438!"]}}]	8	1
891	2024-03-15 12:01:07.117937+00	36	Кыймылсыз мулк	2	[{"changed": {"fields": ["\\u0412\\u044b\\u0431\\u0435\\u0440\\u0438\\u0442\\u0435 \\u0440\\u0443\\u0441\\u0441\\u043a\\u0443\\u044e \\u0432\\u0435\\u0440\\u0441\\u0438\\u044e \\u043a\\u0430\\u0442\\u0435\\u0433\\u043e\\u0440\\u0438\\u0438!"]}}]	8	1
892	2024-03-15 12:01:26.685127+00	39	Компаниядан сунуштар	2	[{"changed": {"fields": ["\\u0412\\u044b\\u0431\\u0435\\u0440\\u0438\\u0442\\u0435 \\u0440\\u0443\\u0441\\u0441\\u043a\\u0443\\u044e \\u0432\\u0435\\u0440\\u0441\\u0438\\u044e \\u043a\\u0430\\u0442\\u0435\\u0433\\u043e\\u0440\\u0438\\u0438!"]}}]	8	1
893	2024-03-15 12:02:38.486716+00	167	отделочные материалы оптом и в розницу Все под одной крышей	1	[{"added": {}}]	13	1
894	2024-03-15 12:03:09.710415+00	168	Галерея - отделоные оптом и в розницу Все под одной крышей	1	[{"added": {}}]	13	1
895	2024-03-15 12:03:35.72595+00	169	Галерея - отделочные материалы оптом и в Все под одной крышей	1	[{"added": {}}]	13	1
896	2024-03-15 12:03:42.557415+00	171	Галерея - отделочные материалы опом и в Все под одной крышей	1	[{"added": {}}]	13	1
897	2024-03-15 12:04:18.701384+00	173	Галерея - отделочные материалы оптом и в рзниу Все под одной крышей	1	[{"added": {}}]	13	1
898	2024-03-15 12:04:43.922531+00	174	Галея - отделочные материалы оптом и в розницу Все под одной крышей	1	[{"added": {}}]	13	1
899	2024-03-15 12:05:22.534006+00	175	Галерея - отлочные материалы оптом и в розницу Все под одной крышей	1	[{"added": {}}]	13	1
900	2024-03-15 12:05:42.202615+00	176	Галерея - отделочн	1	[{"added": {}}]	13	1
901	2024-03-15 12:06:07.17205+00	177	fd	1	[{"added": {}}]	13	1
902	2024-03-15 12:07:25.577786+00	40	Маектешуу	1	[{"added": {}}]	8	1
903	2024-03-15 12:08:13.813229+00	179	под одной крышей: стройматериалы, сантехника, инструменты, электротовары и мн.	1	[{"added": {}}]	13	1
904	2024-03-15 13:40:10.666684+00	179	под одной крышей: стройматериалы, сантехника, инструменты, электротовары и мн.	2	[{"changed": {"fields": ["\\u041e\\u043f\\u0443\\u0431\\u043b\\u0438\\u043a\\u043e\\u0432\\u0430\\u0442\\u044c"]}}]	13	1
905	2024-03-15 13:46:51.317154+00	180	еуые	1	[{"added": {}}, {"added": {"name": "\\u0421\\u043b\\u0430\\u0439\\u0434\\u0435\\u0440", "object": "PostSlider object (17)"}}, {"added": {"name": "\\u0424\\u0430\\u0439\\u043b", "object": "PostFile object (3)"}}]	13	1
906	2024-03-15 13:47:43.411922+00	180	еуые	3		13	1
907	2024-03-15 13:48:38.428591+00	181	еучрм	1	[{"added": {}}, {"added": {"name": "\\u0421\\u043b\\u0430\\u0439\\u0434\\u0435\\u0440", "object": "PostSlider object (18)"}}, {"added": {"name": "\\u0424\\u0430\\u0439\\u043b", "object": "PostFile object (4)"}}]	13	1
908	2024-03-15 13:49:16.813683+00	181	еучрм	3		13	1
909	2024-03-15 13:59:53.032638+00	121	UNO City - новый город-курорт в Кыргызстане	2	[{"changed": {"fields": ["\\u041f\\u043e\\u0434\\u043a\\u0430\\u0442\\u0435\\u0433\\u043e\\u0440\\u0438\\u044f"]}}, {"added": {"name": "\\u0414\\u043e\\u043f\\u043e\\u043b\\u043d\\u0438\\u0442\\u0435\\u043b\\u044c\\u043d\\u043e", "object": "PostDetail object (81)"}}]	13	1
910	2024-03-15 14:02:15.443181+00	31	Раскошный отдых	2	[]	8	1
911	2024-03-15 14:04:15.859536+00	38	Продукттар	3		8	1
912	2024-03-15 14:04:57.643094+00	32	Продукты	2	[]	8	1
913	2024-03-15 14:05:37.734744+00	32	Продукты	2	[]	8	1
914	2024-03-15 14:36:54.738594+00	119	Москва - жилой дом -класса	2	[{"added": {"name": "\\u0414\\u043e\\u043f\\u043e\\u043b\\u043d\\u0438\\u0442\\u0435\\u043b\\u044c\\u043d\\u043e", "object": "PostDetail object (82)"}}, {"added": {"name": "\\u0421\\u043b\\u0430\\u0439\\u0434\\u0435\\u0440", "object": "PostSlider object (19)"}}, {"added": {"name": "\\u0421\\u043b\\u0430\\u0439\\u0434\\u0435\\u0440", "object": "PostSlider object (20)"}}, {"added": {"name": "\\u0421\\u043b\\u0430\\u0439\\u0434\\u0435\\u0440", "object": "PostSlider object (21)"}}, {"added": {"name": "\\u0421\\u043b\\u0430\\u0439\\u0434\\u0435\\u0440", "object": "PostSlider object (22)"}}, {"added": {"name": "\\u0421\\u043b\\u0430\\u0439\\u0434\\u0435\\u0440", "object": "PostSlider object (23)"}}, {"added": {"name": "\\u0424\\u0430\\u0439\\u043b", "object": "PostFile object (5)"}}]	13	1
\.


--
-- Data for Name: django_content_type; Type: TABLE DATA; Schema: public; Owner: navis
--

COPY public.django_content_type (id, app_label, model) FROM stdin;
1	admin	logentry
2	auth	permission
3	auth	group
4	auth	user
5	contenttypes	contenttype
6	sessions	session
7	users	user
8	main	category
9	main	state
10	main	subcategory
12	main	slider
11	main	postdetail
13	main	post
14	main	comment
15	main	comments
16	main	postslider
17	main	postfile
18	main	tag
\.


--
-- Data for Name: django_migrations; Type: TABLE DATA; Schema: public; Owner: navis
--

COPY public.django_migrations (id, app, name, applied) FROM stdin;
1	contenttypes	0001_initial	2024-03-06 18:39:52.829793+00
2	auth	0001_initial	2024-03-06 18:41:14.45447+00
3	admin	0001_initial	2024-03-06 18:41:14.474115+00
4	admin	0002_logentry_remove_auto_add	2024-03-06 18:41:14.48385+00
5	admin	0003_logentry_add_action_flag_choices	2024-03-06 18:41:14.493824+00
6	contenttypes	0002_remove_content_type_name	2024-03-06 18:41:14.515544+00
7	auth	0002_alter_permission_name_max_length	2024-03-06 18:41:14.525963+00
8	auth	0003_alter_user_email_max_length	2024-03-06 18:41:14.535832+00
9	auth	0004_alter_user_username_opts	2024-03-06 18:41:14.545793+00
10	auth	0005_alter_user_last_login_null	2024-03-06 18:41:14.555727+00
11	auth	0006_require_contenttypes_0002	2024-03-06 18:41:14.558525+00
12	auth	0007_alter_validators_add_error_messages	2024-03-06 18:41:14.569738+00
13	auth	0008_alter_user_username_max_length	2024-03-06 18:41:14.584309+00
14	auth	0009_alter_user_last_name_max_length	2024-03-06 18:41:14.595439+00
15	auth	0010_alter_group_name_max_length	2024-03-06 18:41:14.608202+00
16	auth	0011_update_proxy_permissions	2024-03-06 18:41:14.621012+00
17	auth	0012_alter_user_first_name_max_length	2024-03-06 18:41:14.632094+00
18	main	0001_initial	2024-03-06 18:41:14.696827+00
19	sessions	0001_initial	2024-03-06 18:41:14.709991+00
20	users	0001_initial	2024-03-06 18:41:14.748532+00
21	main	0002_alter_category_last	2024-03-06 18:46:34.009682+00
22	main	0003_alter_category_title	2024-03-06 18:47:35.558805+00
23	main	0004_alter_state_sub_cat	2024-03-06 18:52:50.898608+00
24	main	0005_alter_slider_last	2024-03-06 19:04:49.530957+00
25	main	0006_alter_slider_img	2024-03-06 19:08:15.807827+00
26	main	0007_alter_slider_last	2024-03-06 19:12:14.193527+00
27	main	0008_remove_subcategory_language	2024-03-06 19:14:31.222807+00
28	main	0009_alter_state_sub_cat	2024-03-06 19:25:08.958069+00
29	main	0010_alter_state_sub_cat	2024-03-06 19:25:57.071382+00
30	main	0011_alter_state_sub_cat	2024-03-06 19:26:22.734893+00
31	main	0012_rename_cat_subcategory_subcategory_and_more	2024-03-06 19:26:58.905627+00
32	main	0013_rename_subcategory_subcategory_cat	2024-03-06 19:27:51.510982+00
33	main	0014_alter_state_sub_cat	2024-03-06 19:31:21.283062+00
34	main	0015_alter_state_sub_cat	2024-03-06 19:32:06.741694+00
35	main	0016_alter_state_sub_cat	2024-03-06 19:36:35.752541+00
36	main	0017_alter_state_sub_cat	2024-03-06 19:39:24.275449+00
37	main	0018_post_rename_statedetail_postdetail_delete_state_and_more	2024-03-06 20:11:00.996131+00
38	main	0019_alter_post_options_alter_post_img	2024-03-06 20:13:23.342004+00
39	main	0020_alter_category_options_alter_post_options_and_more	2024-03-07 07:35:19.042246+00
40	main	0021_rename_img_post_image	2024-03-07 07:48:18.599814+00
41	main	0022_alter_postdetail_description	2024-03-07 08:04:56.95359+00
42	main	0023_rename_image_post_img	2024-03-07 09:58:41.785577+00
43	main	0024_alter_post_img	2024-03-07 10:29:22.128395+00
44	main	0025_alter_post_img_alter_post_last_alter_slider_img	2024-03-07 10:30:35.69489+00
45	main	0026_alter_post_views_alter_slider_title	2024-03-07 11:39:46.181668+00
46	users	0002_delete_user	2024-03-07 16:08:45.990827+00
47	users	0003_initial	2024-03-08 08:15:52.265956+00
48	users	0004_alter_user_groups	2024-03-08 08:22:54.948233+00
49	main	0002_post_is_save	2024-03-08 09:08:35.835188+00
50	main	0003_post_user	2024-03-08 10:41:38.285271+00
51	main	0004_alter_post_user	2024-03-08 10:42:33.765653+00
52	users	0005_remove_user_username	2024-03-08 11:36:28.698962+00
53	main	0002_comments	2024-03-08 12:29:19.965162+00
54	main	0002_remove_comments_created_at	2024-03-08 18:46:00.915303+00
55	main	0003_comments_created_at	2024-03-08 19:06:58.798588+00
56	main	0004_alter_comments_created_at	2024-03-08 19:22:49.151923+00
57	main	0005_alter_comments_post_alter_post_user	2024-03-09 07:39:58.836807+00
58	main	0006_alter_comments_user	2024-03-09 07:47:21.07703+00
59	main	0002_alter_post_is_save	2024-03-09 10:44:29.974917+00
60	main	0003_post_is_main	2024-03-09 10:46:39.817815+00
61	main	0002_alter_post_user	2024-03-10 14:02:13.407163+00
62	main	0003_alter_post_user	2024-03-11 00:16:19.708459+00
63	main	0005_alter_post_user	2024-03-11 00:34:43.468278+00
64	main	0006_alter_comments_comment	2024-03-11 11:05:19.778279+00
65	main	0007_alter_comments_options_alter_comments_created_at_and_more	2024-03-14 10:16:47.097496+00
66	main	0008_alter_postslider_options_alter_postslider_image	2024-03-14 10:17:49.359365+00
67	main	0009_postfile	2024-03-14 10:27:00.177521+00
68	main	0010_alter_postfile_options	2024-03-14 10:27:43.03349+00
69	main	0011_tag_post_tags	2024-03-14 14:11:28.923757+00
70	main	0012_remove_post_tags	2024-03-14 14:15:13.606108+00
71	main	0013_post_tags	2024-03-14 14:15:13.638048+00
72	main	0014_alter_post_tags	2024-03-14 14:15:13.654509+00
73	main	0015_alter_tag_options_alter_post_tags	2024-03-14 15:42:14.438898+00
74	main	0016_category_custom_name_alter_category_title	2024-03-15 08:00:14.775661+00
75	main	0017_remove_category_custom_name_alter_category_title	2024-03-15 08:25:14.725122+00
76	main	0018_alter_category_title	2024-03-15 08:28:13.508273+00
77	main	0019_alter_category_is_active	2024-03-15 08:41:56.983706+00
78	main	0020_tag_slug_alter_tag_tag	2024-03-15 10:46:56.706948+00
79	main	0002_alter_category_title	2024-03-15 11:34:25.304005+00
80	main	0003_remove_category_last_alter_category_title	2024-03-16 07:31:22.86727+00
81	main	0004_category_last	2024-03-16 07:32:13.657383+00
82	main	0005_remove_category_last	2024-03-16 07:33:20.825115+00
\.


--
-- Data for Name: django_session; Type: TABLE DATA; Schema: public; Owner: navis
--

COPY public.django_session (session_key, session_data, expire_date) FROM stdin;
7n9m5cuvfj44yq3y84y0kdiy4mwnnpdn	.eJxVjDsOwjAQBe_iGlm7cfyjpOcM1tpr4wBypDipEHeHSCmgfTPzXiLQttaw9byEicVZoDj9bpHSI7cd8J3abZZpbusyRbkr8qBdXmfOz8vh_h1U6vVbF3AGFRgcraKcii1OqQLWk_dF-4E5sU8GVKSBTAQNqJnKmKPzyIji_QHWOzfO:1rixS4:6OGycDsfLCKYAas2GoQpdA_ciT1yJAYAM2PS5Q9pdXk	2024-03-23 14:13:28.036836+00
wgw49xnr8tzwtvigi29lisbmbfnrjxz9	.eJxVjDsOwjAQBe_iGlm7cfyjpOcM1tpr4wBypDipEHeHSCmgfTPzXiLQttaw9byEicVZoDj9bpHSI7cd8J3abZZpbusyRbkr8qBdXmfOz8vh_h1U6vVbF3AGFRgcraKcii1OqQLWk_dF-4E5sU8GVKSBTAQNqJnKmKPzyIji_QHWOzfO:1riAOm:xVG1616Uv5rB5SixWPb0fvVEYnBMfTTo4_phsHiv_C0	2024-03-21 09:50:48.669917+00
ja1o99oryg261k9kfiuo55sllxxkte5q	.eJxVjDsOwjAQBe_iGlm7cfyjpOcM1tpr4wBypDipEHeHSCmgfTPzXiLQttaw9byEicVZoDj9bpHSI7cd8J3abZZpbusyRbkr8qBdXmfOz8vh_h1U6vVbF3AGFRgcraKcii1OqQLWk_dF-4E5sU8GVKSBTAQNqJnKmKPzyIji_QHWOzfO:1rjE3T:iIlJPRoy11RK6At10IjAUOvnbxDXZ9z525aUcGPT3cw	2024-03-24 07:57:11.504384+00
j2d4yy2l8hp3c1x5y7o4w151d5bsca3u	.eJxVjDsOwjAQBe_iGlm7cfyjpOcM1tpr4wBypDipEHeHSCmgfTPzXiLQttaw9byEicVZoDj9bpHSI7cd8J3abZZpbusyRbkr8qBdXmfOz8vh_h1U6vVbF3AGFRgcraKcii1OqQLWk_dF-4E5sU8GVKSBTAQNqJnKmKPzyIji_QHWOzfO:1riCXA:6OWYrWUq_Mc-o5pEpQEZpwH6DZ2M1eQOFMq8sp5a-no	2024-03-21 12:07:36.197373+00
4oagx66xd7hkp2l98vqeqquaa7qg3176	.eJxVjDsOwjAQBe_iGlm7cfyjpOcM1tpr4wBypDipEHeHSCmgfTPzXiLQttaw9byEicVZoDj9bpHSI7cd8J3abZZpbusyRbkr8qBdXmfOz8vh_h1U6vVbF3AGFRgcraKcii1OqQLWk_dF-4E5sU8GVKSBTAQNqJnKmKPzyIji_QHWOzfO:1riCcC:-RHO19FDqRD4-Si66vHNQ1d1679Qacfh0_LIZlK9Clk	2024-03-21 12:12:48.612907+00
ohuiywwhpcuxn1iwx3d5112q3ucg7nxx	.eJxVjDsOwjAQBe_iGlm7cfyjpOcM1tpr4wBypDipEHeHSCmgfTPzXiLQttaw9byEicVZoDj9bpHSI7cd8J3abZZpbusyRbkr8qBdXmfOz8vh_h1U6vVbF3AGFRgcraKcii1OqQLWk_dF-4E5sU8GVKSBTAQNqJnKmKPzyIji_QHWOzfO:1rjEAx:VN11T_PqS1tjCllTRMX16yhFLpIe-IIKK8SSsCexDhk	2024-03-24 08:04:55.381302+00
p3r7qectpfsd9wa8hnoemdeav7j3gxyp	.eJxVjDsOwjAQBe_iGlm7cfyjpOcM1tpr4wBypDipEHeHSCmgfTPzXiLQttaw9byEicVZoDj9bpHSI7cd8J3abZZpbusyRbkr8qBdXmfOz8vh_h1U6vVbF3AGFRgcraKcii1OqQLWk_dF-4E5sU8GVKSBTAQNqJnKmKPzyIji_QHWOzfO:1riObT:w6ybHmhHmkuYI0vflz17DuQY9_RNX6u6svzlSjr09N8	2024-03-22 01:00:51.827721+00
bgq5lj9rkyejcmgi52vjy2ogiqjz0f1p	.eJxVjDsOwjAQBe_iGlm7cfyjpOcM1tpr4wBypDipEHeHSCmgfTPzXiLQttaw9byEicVZoDj9bpHSI7cd8J3abZZpbusyRbkr8qBdXmfOz8vh_h1U6vVbF3AGFRgcraKcii1OqQLWk_dF-4E5sU8GVKSBTAQNqJnKmKPzyIji_QHWOzfO:1rjTWV:uZSytQFWQiW9N8Z_MugOdeikrD7NLCobd9o34qNmywg	2024-03-25 00:28:11.138525+00
813iwqwqinnvnk4x3eq87bq181dg74uy	.eJxVjMsOwiAQRf-FtSFAGWBcuvcbyPCSqoGktCvjv2uTLnR7zzn3xTxta_XbyIufEzszKdjpdwwUH7ntJN2p3TqPva3LHPiu8IMOfu0pPy-H-3dQadRvDS5IMykgMCkq4yghBJu1QIsio4XsJnAClaRotdBECm0JxkStJyiFvT_fvzcr:1rjb8x:UMwwQ21_j4a0LssoJo66IXYki-hxAQViG5OUcPdb7Og	2024-03-25 08:36:23.927949+00
ny5kvncq38mpqv2a7bc5cf5va1f2egbe	.eJxVjDsOwjAQBe_iGlm7cfyjpOcM1tpr4wBypDipEHeHSCmgfTPzXiLQttaw9byEicVZoDj9bpHSI7cd8J3abZZpbusyRbkr8qBdXmfOz8vh_h1U6vVbF3AGFRgcraKcii1OqQLWk_dF-4E5sU8GVKSBTAQNqJnKmKPzyIji_QHWOzfO:1rjdMr:DvBPWO7FZDIuAxwFWhwlUG9wU2I3QDR5ki7ghipEGTY	2024-03-25 10:58:53.7725+00
cx3876mcmna4p2xilaa3ftoti8qv2hjh	.eJxVjDsOwjAQBe_iGlm7cfyjpOcM1tpr4wBypDipEHeHSCmgfTPzXiLQttaw9byEicVZoDj9bpHSI7cd8J3abZZpbusyRbkr8qBdXmfOz8vh_h1U6vVbF3AGFRgcraKcii1OqQLWk_dF-4E5sU8GVKSBTAQNqJnKmKPzyIji_QHWOzfO:1rjdQT:lhLTAq1rAMa-tQFYKaZ8f-50v8aNHx7DV5XShcMMGcE	2024-03-25 11:02:37.934131+00
6jfd5luo1vhdyqzxe1avfrookyzbxhaa	.eJxVjDsOwjAQBe_iGlm7cfyjpOcM1tpr4wBypDipEHeHSCmgfTPzXiLQttaw9byEicVZoDj9bpHSI7cd8J3abZZpbusyRbkr8qBdXmfOz8vh_h1U6vVbF3AGFRgcraKcii1OqQLWk_dF-4E5sU8GVKSBTAQNqJnKmKPzyIji_QHWOzfO:1rjdvs:iFpzqkXpP3rOuAhiOJeWQo1DNc1j49zvGDHX3dErpAg	2024-03-25 11:35:04.013388+00
az5kaojhc25zatatr4cq9e1flm33n368	.eJxVjDsOwjAQBe_iGlm7cfyjpOcM1tpr4wBypDipEHeHSCmgfTPzXiLQttaw9byEicVZoDj9bpHSI7cd8J3abZZpbusyRbkr8qBdXmfOz8vh_h1U6vVbF3AGFRgcraKcii1OqQLWk_dF-4E5sU8GVKSBTAQNqJnKmKPzyIji_QHWOzfO:1rjxfU:cpm85wYnKCwXhFO1TA1Hr2sthf8EVKiiGPx8L40vU0c	2024-03-26 08:39:28.090368+00
x3mf5keyhg1zt7zvq46qhbt6hcqh5hb4	.eJxVjDsOwjAQBe_iGlm7cfyjpOcM1tpr4wBypDipEHeHSCmgfTPzXiLQttaw9byEicVZoDj9bpHSI7cd8J3abZZpbusyRbkr8qBdXmfOz8vh_h1U6vVbF3AGFRgcraKcii1OqQLWk_dF-4E5sU8GVKSBTAQNqJnKmKPzyIji_QHWOzfO:1rkK6g:G0sVQfRgbo0C1FyOpL3fIfa5R1Rc22aKYRVNY8Fbpt8	2024-03-27 08:37:02.860947+00
52n0n300lvxn1mi0xjt1pfz7hxaheih9	.eJxVjDsOwjAQBe_iGlm7cfyjpOcM1tpr4wBypDipEHeHSCmgfTPzXiLQttaw9byEicVZoDj9bpHSI7cd8J3abZZpbusyRbkr8qBdXmfOz8vh_h1U6vVbF3AGFRgcraKcii1OqQLWk_dF-4E5sU8GVKSBTAQNqJnKmKPzyIji_QHWOzfO:1rkLUj:hwhgt6wRvyOCmOi0V0QawZQI__4RFIktzRbZ2eqWN2s	2024-03-27 10:05:57.365524+00
6l1q39u48qtomurvqsnj806wq22i6xpa	.eJxVjDsOwjAQBe_iGlm7cfyjpOcM1tpr4wBypDipEHeHSCmgfTPzXiLQttaw9byEicVZoDj9bpHSI7cd8J3abZZpbusyRbkr8qBdXmfOz8vh_h1U6vVbF3AGFRgcraKcii1OqQLWk_dF-4E5sU8GVKSBTAQNqJnKmKPzyIji_QHWOzfO:1rkMGm:KWN5r4DqBlPPwpLrIWrd35SLsQGVTKPQNInRXvgFPWw	2024-03-27 10:55:36.10419+00
607qrsvqltm6736q0qr0yjdrc9evnkgm	.eJxVjDsOwjAQBe_iGlm7cfyjpOcM1tpr4wBypDipEHeHSCmgfTPzXiLQttaw9byEicVZoDj9bpHSI7cd8J3abZZpbusyRbkr8qBdXmfOz8vh_h1U6vVbF3AGFRgcraKcii1OqQLWk_dF-4E5sU8GVKSBTAQNqJnKmKPzyIji_QHWOzfO:1rkjRo:N0HvGbD1eWSM8gIEnfLEIw_HcDCG1-HiQn9O56-gDhE	2024-03-28 11:40:32.654506+00
se17qfyr91mw4vc8v4blj8m7jgx5zgfh	.eJxVjDsOwjAQBe_iGlm7cfyjpOcM1tpr4wBypDipEHeHSCmgfTPzXiLQttaw9byEicVZoDj9bpHSI7cd8J3abZZpbusyRbkr8qBdXmfOz8vh_h1U6vVbF3AGFRgcraKcii1OqQLWk_dF-4E5sU8GVKSBTAQNqJnKmKPzyIji_QHWOzfO:1rl7z4:9XSFIX4p_haq_S7BohpvXcoMH0fkdZpmBXE8hQ2lWYc	2024-03-29 13:52:30.718836+00
41txr4w5ksrkmiw3mj2x8n4g939p1qu5	.eJxVjDsOwjAQBe_iGll28GdNSc8ZrN3sBgeQI8VJhbg7iZQC2jcz760yrkvJa5M5j6wuCtTpdyPsn1J3wA-s90n3U13mkfSu6IM2fZtYXtfD_Tso2MpWkwcAYzvsegYSmyINgtEEZxMB-y6hOGHDnsiAQ8EQMYFxYThvnVOfL-2WN9k:1riroI:mZigZk8nzjcClP9hM-exAPqaLH10pZrrrmAnVdNayl4	2024-03-23 08:12:02.173804+00
\.


--
-- Data for Name: main_category; Type: TABLE DATA; Schema: public; Owner: navis
--

COPY public.main_category (id, language, title, is_active, slug) FROM stdin;
29	ru	Популярные	t	populjarnye
33	ru	Интервью	t	intervju
34	ru	Предложение от компании	f	predlozhenie-ot-kompanii
30	ru	Недвижимость	t	nedvizhimost
35	kg	Популярдуу	t	populjarduu
37	kg	Люкс майрам	t	ljuks-majram
36	kg	Кыймылсыз мулк	t	kyjmylsyz-mulk
39	kg	Компаниядан сунуштар	f	kompanijadan-sunushtar
40	kg	Маектешуу	t	maekteshuu
31	ru	Раскошный отдых	t	raskoshnyj-otdyh
32	ru	Продукты	t	produkty
\.


--
-- Data for Name: main_comments; Type: TABLE DATA; Schema: public; Owner: navis
--

COPY public.main_comments (id, "user", comment, is_active, post_id, created_at) FROM stdin;
141	sdkvlsdvnkvsd	ldfkbs;nld	t	115	2024-03-15 09:57:35.409114+00
140	dofdbjof	fgnefnefoenofbekn	t	115	2024-03-15 09:51:46.499878+00
142	kkhcnhmvnvnvb	jvkmhvm nb nvnv	f	115	2024-03-15 10:53:29.364693+00
143	sdcsdsdsdsdsdsdsdsdsd	sdsdsdsdsdsdsdsdsdsdsdssdsdsdssdsd	f	115	2024-03-15 10:53:59.294106+00
144	sjlfjl	jwlblflsj	f	137	2024-03-15 12:18:27.667751+00
145	djgl	dlkfbndfkl	f	136	2024-03-15 20:54:10.342049+00
\.


--
-- Data for Name: main_post; Type: TABLE DATA; Schema: public; Owner: navis
--

COPY public.main_post (id, language, title, img, is_active, slug, created_at, updated_at, views, cat_id, last_id, sub_cat_id, is_save, user_id, is_main) FROM stdin;
122	ru	UNO City - новый город-в Кыргызстане	post/2024_03/310927551.jpg	t	uno-city-novyj-gorod-v-kyrgyzstane	2024-03-15 11:14:26.862588+00	2024-03-15 11:14:26.86262+00	0	31	\N	62	t	1	f
123	ru	UNO City - новый -курорт в Кыргызстане	post/2024_03/310927549_49WO57v.jpg	t	uno-city-novyj-kurort-v-kyrgyzstane	2024-03-15 11:14:58.274151+00	2024-03-15 11:14:58.274181+00	0	31	\N	62	t	1	f
124	ru	UNO City - город-курорт в Кыргызстане	post/2024_03/310927552.jpg	t	uno-city-gorod-kurort-v-kyrgyzstane	2024-03-15 11:15:22.162875+00	2024-03-15 11:15:22.162895+00	0	31	\N	62	t	1	f
126	ru	Взять квартиру в ипотеку в Бишкеке: миссия выполнима?	post/2024_03/90380256_360lut0.jpg	t	vzjat-kvartiru-v-ipoteku-v-bishkeke-missija-vypolnima	2024-03-15 11:16:41.512391+00	2024-03-15 11:16:41.512412+00	0	32	\N	\N	t	1	f
127	ru	Взять квартиру в в Бишкеке: миссия выполнима?	post/2024_03/photo_36_xuD0p3h.png	t	vzjat-kvartiru-v-v-bishkeke-missija-vypolnima	2024-03-15 11:17:03.602074+00	2024-03-15 11:17:03.602103+00	0	32	\N	\N	t	1	f
120	ru	Москва - дом премиум-класса	post/2024_03/310927549.jpg	t	moskva-dom-premium-klassa	2024-03-15 11:13:34.865708+00	2024-03-15 11:17:25.779921+00	1	29	\N	56	t	1	f
125	ru	Владислав Попов - основатель дизайн-студии Freedom Group	post/2024_03/photo_10.png	t	vladislav-popov-osnovatel-dizajn-studii-freedom-group	2024-03-15 11:16:05.591277+00	2024-03-15 11:31:31.080744+00	2	33	\N	\N	t	1	f
130	ru	f	post/2024_03/310927552_uFIO8f9.jpg	t	f	2024-03-15 11:18:14.588171+00	2024-03-15 11:18:14.588193+00	0	34	\N	\N	t	1	f
129	ru	n	post/2024_03/90380216.jpg	t	n	2024-03-15 11:17:56.840768+00	2024-03-15 11:18:22.601908+00	0	34	\N	\N	t	1	f
147	ru	a	post/2024_03/310927551_WwBLxdF.jpg	t	a	2024-03-15 11:29:34.507712+00	2024-03-15 11:48:34.331324+00	1	34	\N	\N	t	1	f
131	ru	r	post/2024_03/287471958_sYbYQUI.jpg	t	r	2024-03-15 11:18:41.349555+00	2024-03-15 11:18:51.683828+00	0	34	\N	\N	t	1	f
132	ru	Анна Шишкина - основатель дизайн-студии Freedom Group	post/2024_03/453e896bb9eca0b0f19269f282752e26.jpg	t	anna-shishkina-osnovatel-dizajn-studii-freedom-group	2024-03-15 11:20:47.838861+00	2024-03-15 11:20:47.838879+00	0	33	\N	\N	t	1	f
117	ru	Москва - жилой дом премиум-класса	post/2024_03/photo_36_12DaLwg.png	t	moskva-zhiloj-dom-premium-klassa	2024-03-15 11:12:25.79854+00	2024-03-15 14:01:20.001663+00	4	30	\N	58	t	1	t
140	ru	Sumbule - центр незабываемого , красоты и здоровья	post/2024_03/478219186_r9feT87.jpg	t	sumbule-tsentr-nezabyvaemogo-krasoty-i-zdorovja	2024-03-15 11:25:26.658312+00	2024-03-15 11:25:26.658331+00	0	32	\N	\N	t	1	f
141	ru	Sumbule - SPA центр отдыха, красоты и здоровья	post/2024_03/90380256_31AfgsQ.jpg	t	sumbule-spa-tsentr-otdyha-krasoty-i-zdorovja	2024-03-15 11:25:48.999836+00	2024-03-15 11:25:48.99986+00	0	31	\N	61	t	1	f
115	ru	Красивые оформление кватрир	post/2024_03/90380256.jpg	t	krasivye-oformlenie-kvatrir	2024-03-15 08:37:49.428945+00	2024-03-15 11:07:00.950339+00	111	30	\N	58	t	1	t
144	ru	Sumbule - SPA центр	post/2024_03/310927552_UxjCJtG.jpg	t	sumbule-spa-tsentr	2024-03-15 11:27:28.062622+00	2024-03-15 11:27:28.062648+00	0	30	\N	59	t	1	f
145	ru	SPA центр незабываемого отдыха, красоты и здоровья	post/2024_03/478219186_kn0ePSf.jpg	t	spa-tsentr-nezabyvaemogo-otdyha-krasoty-i-zdorovja	2024-03-15 11:27:52.738715+00	2024-03-15 11:27:52.738735+00	0	30	\N	59	t	1	f
146	ru	t	post/2024_03/478219186_j6FrKio.jpg	t	t	2024-03-15 11:29:14.262633+00	2024-03-15 11:29:14.262662+00	0	34	\N	\N	t	1	f
148	ru	Palazzo - ресторан премиум-класса	post/2024_03/310927549_NyWG4hB.jpg	t	palazzo-restoran-premium-klassa	2024-03-15 11:30:22.33227+00	2024-03-15 11:30:22.3323+00	0	30	\N	59	t	1	f
149	ru	Palazzo - ресторанd-класса	post/2024_03/287471958_6qgR5Zy.jpg	t	palazzo-restorand-klassa	2024-03-15 11:30:46.641275+00	2024-03-15 11:30:46.641297+00	0	31	\N	\N	t	1	f
128	ru	Взять квартиру в ипотеку в Бишкеке: выполнима?	post/2024_03/4050c77ddf8f805bd1fcd7ebeab3f184.jpg	t	vzjat-kvartiru-v-ipoteku-v-bishkeke-vypolnima	2024-03-15 11:17:26.258394+00	2024-03-15 11:44:10.017481+00	5	32	\N	\N	t	1	t
136	ru	Sumbule - центр незабываемого отдыха, красоты и здоровья	post/2024_03/478219186_HOeag4t.jpg	t	sumbule-tsentr-nezabyvaemogo-otdyha-krasoty-i-zdorovja	2024-03-15 11:23:51.629762+00	2024-03-16 07:29:30.99319+00	8	29	\N	56	t	1	f
135	ru	Sumbule - SPA центр незабываемого отдыха, красоты и здоровья	post/2024_03/310927551_apJ0TLj.jpg	t	sumbule-spa-tsentr-nezabyvaemogo-otdyha-krasoty-i-zdorovja	2024-03-15 11:23:27.97989+00	2024-03-16 07:37:00.192373+00	12	29	\N	56	t	1	f
119	ru	Москва - жилой дом -класса	post/2024_03/287471958_Uv8rLc5.jpg	t	moskva-zhiloj-dom-klassa	2024-03-15 11:13:12.996856+00	2024-03-16 07:37:23.715333+00	14	29	\N	56	t	1	f
137	ru	Sumbule - SPA центр незабываемого , красоты и здоровья	post/2024_03/90380295_1.jpg	t	sumbule-spa-tsentr-nezabyvaemogo-krasoty-i-zdorovja	2024-03-15 11:24:25.75843+00	2024-03-15 12:18:21.441552+00	2	32	\N	\N	t	1	f
143	ru	Sumbule - SPA центр , красоты и здоровья	post/2024_03/310927551_geeKm33.jpg	t	sumbule-spa-tsentr-krasoty-i-zdorovja	2024-03-15 11:27:01.922918+00	2024-03-15 17:40:51.445488+00	3	31	\N	\N	t	1	f
121	ru	UNO City - новый город-курорт в Кыргызстане	post/2024_03/310927549_iKk0b3b.jpg	t	uno-city-novyj-gorod-kurort-v-kyrgyzstane	2024-03-15 11:13:58.836252+00	2024-03-15 14:09:32.646787+00	4	29	\N	54	t	1	f
118	ru	Москва - жилой дом премиум	post/2024_03/287471958.jpg	t	moskva-zhiloj-dom-premium	2024-03-15 11:12:50.860601+00	2024-03-15 19:59:24.779144+00	3	30	\N	58	t	1	f
138	ru	Sumbule - SPA незабываемого отдыха, красоты и здоровья	post/2024_03/310927552_52YMADI.jpg	t	sumbule-spa-nezabyvaemogo-otdyha-krasoty-i-zdorovja	2024-03-15 11:24:49.205106+00	2024-03-15 20:14:31.035972+00	2	32	\N	\N	t	1	f
134	ru	Секреты Дубай, недвижимость за рубежом	post/2024_03/310927551_6SsyRmz.jpg	t	sekrety-dubaj-nedvizhimost-za-rubezhom	2024-03-15 11:22:20.052848+00	2024-03-15 11:30:54.215205+00	2	29	\N	54	t	1	f
151	kg	Галерея - отделочные материалы оптом и в розницу	post/2024_03/90380256_TTCt8Cp.jpg	t	galereja-otdelochnye-materialy-optom-i-v-roznitsu	2024-03-15 11:37:14.981618+00	2024-03-15 11:38:54.42766+00	0	35	\N	\N	t	1	f
150	kg	Кыймылсыз мулк	post/2024_03/310927552_iMyp5qO.jpg	t	kyjmylsyz-mulk	2024-03-15 11:36:42.394846+00	2024-03-15 11:39:11.83142+00	0	35	\N	\N	t	1	f
152	kg	Все под одной крышей: стройматериалы, сантехника, инструменты, электротовары и мн.	post/2024_03/310927552_g4h03q3.jpg	t	vse-pod-odnoj-kryshej-strojmaterialy-santehnika-instrumenty-elektrotovary-i-mn	2024-03-15 11:50:45.865547+00	2024-03-15 11:50:45.865566+00	0	35	\N	65	t	1	f
153	kg	Все под одной крышей: , сантехника, инструменты, электротовары и мн.	post/2024_03/90380256_vlJOL2U.jpg	t	vse-pod-odnoj-kryshej-santehnika-instrumenty-elektrotovary-i-mn	2024-03-15 11:51:14.995787+00	2024-03-15 11:51:14.995809+00	0	35	\N	65	t	1	f
155	kg	Все под одной крышей: , сантехника, , электротовары и мн.	post/2024_03/90380256_iqNCDSH.jpg	t	vse-pod-odnoj-kryshej-santehnika-elektrotovary-i-mn	2024-03-15 11:51:21.240463+00	2024-03-15 11:51:21.240484+00	0	35	\N	\N	t	1	f
158	ru	Все под одной : стройматериалы, сантехника, , электротовары и мн.	post/2024_03/310927549_uauFavO.jpg	t	vse-pod-odnoj-strojmaterialy-santehnika-elektrotovary-i-mn	2024-03-15 11:51:51.132816+00	2024-03-15 11:51:51.132841+00	0	35	\N	\N	t	1	f
159	kg	Все под одной крышей: стройматериалы,	post/2024_03/310927549_1vnlzZY.jpg	t	vse-pod-odnoj-kryshej-strojmaterialy	2024-03-15 11:52:13.684955+00	2024-03-15 11:52:13.684975+00	0	36	\N	66	t	1	f
161	ru	Все под одной крышей: стройматериал	post/2024_03/90380256_pED8Ysc.jpg	t	vse-pod-odnoj-kryshej-strojmaterial	2024-03-15 11:53:41.850999+00	2024-03-15 11:53:41.85102+00	0	36	\N	\N	t	1	f
162	ru	Все под одной крышей: стройматериалы, сантехника, инструменты, и мн.	post/2024_03/90380256_EKAxk1y.jpg	t	vse-pod-odnoj-kryshej-strojmaterialy-santehnika-instrumenty-i-mn	2024-03-15 11:54:01.02109+00	2024-03-15 11:54:01.021113+00	0	36	\N	\N	t	1	f
163	ru	Все под одной крышей: стройатериалы, , , электротовары и мн.	post/2024_03/90380256_H4YyDDA.jpg	t	vse-pod-odnoj-kryshej-strojaterialy-elektrotovary-i-mn	2024-03-15 11:54:22.413795+00	2024-03-15 11:54:22.413813+00	0	37	\N	\N	t	1	f
164	kg	Галерея - материлы оптом и в розницу Все под одной крышей	post/2024_03/310927551_GN4phFQ.jpg	t	galereja-materily-optom-i-v-roznitsu-vse-pod-odnoj-kryshej	2024-03-15 11:55:07.543998+00	2024-03-15 11:55:07.544017+00	0	37	\N	\N	t	1	f
165	kg	Галерея - отдеочные оптом и в розницу Все под одной крышей	post/2024_03/287471499.jpg	t	galereja-otdeochnye-optom-i-v-roznitsu-vse-pod-odnoj-kryshej	2024-03-15 11:55:31.258331+00	2024-03-15 11:55:31.258351+00	0	37	\N	\N	t	1	f
166	ru	Галерея - отделочные материалы оптом и в рзницу Все под одной крышей	post/2024_03/478219186_Srd2dak.jpg	t	galereja-otdelochnye-materialy-optom-i-v-rznitsu-vse-pod-odnoj-kryshej	2024-03-15 11:55:51.393331+00	2024-03-15 11:55:51.393351+00	0	37	\N	\N	t	1	f
167	kg	отделочные материалы оптом и в розницу Все под одной крышей	post/2024_03/287471499_ncAEZe8.jpg	t	otdelochnye-materialy-optom-i-v-roznitsu-vse-pod-odnoj-kryshej	2024-03-15 12:02:38.482735+00	2024-03-15 12:02:38.482755+00	0	37	\N	\N	t	1	f
168	kg	Галерея - отделоные оптом и в розницу Все под одной крышей	post/2024_03/90380216_2bHlhZv.jpg	t	galereja-otdelonye-optom-i-v-roznitsu-vse-pod-odnoj-kryshej	2024-03-15 12:03:09.706844+00	2024-03-15 12:03:09.706863+00	0	37	\N	\N	t	1	t
169	ru	Галерея - отделочные материалы оптом и в Все под одной крышей	post/2024_03/90380151.jpg	t	galereja-otdelochnye-materialy-optom-i-v-vse-pod-odnoj-kryshej	2024-03-15 12:03:35.722222+00	2024-03-15 12:03:35.722243+00	0	37	\N	\N	t	1	f
171	ru	Галерея - отделочные материалы опом и в Все под одной крышей	post/2024_03/90380151_XU9pCRx.jpg	t	galereja-otdelochnye-materialy-opom-i-v-vse-pod-odnoj-kryshej	2024-03-15 12:03:42.552726+00	2024-03-15 12:03:42.552745+00	0	37	\N	\N	t	1	f
173	kg	Галерея - отделочные материалы оптом и в рзниу Все под одной крышей	post/2024_03/287471499_12tQWPk.jpg	t	galereja-otdelochnye-materialy-optom-i-v-rzniu-vse-pod-odnoj-kryshej	2024-03-15 12:04:18.697343+00	2024-03-15 12:04:18.697363+00	0	36	\N	\N	t	1	f
174	kg	Галея - отделочные материалы оптом и в розницу Все под одной крышей	post/2024_03/90448179.jpg	t	galeja-otdelochnye-materialy-optom-i-v-roznitsu-vse-pod-odnoj-kryshej	2024-03-15 12:04:43.918516+00	2024-03-15 12:04:43.918534+00	0	36	\N	\N	t	1	f
175	kg	Галерея - отлочные материалы оптом и в розницу Все под одной крышей	post/2024_03/310927549_lHia7ZA.jpg	t	galereja-otlochnye-materialy-optom-i-v-roznitsu-vse-pod-odnoj-kryshej	2024-03-15 12:05:22.530616+00	2024-03-15 12:05:22.53064+00	0	39	\N	\N	t	1	f
176	kg	Галерея - отделочн	post/2024_03/90380256_tocBrf3.jpg	t	galereja-otdelochn	2024-03-15 12:05:42.197831+00	2024-03-15 12:05:42.197854+00	0	39	\N	\N	t	1	f
160	kg	материалы, сантехника, инструменты, электротовары и мн.	post/2024_03/310927552_tmNCvMG.jpg	t	materialy-santehnika-instrumenty-elektrotovary-i-mn	2024-03-15 11:52:38.649314+00	2024-03-15 19:11:50.513351+00	3	36	\N	67	t	1	f
156	ru	Все под одной : стройматериалы, сантехника, инструменты, электротовары и мн.	post/2024_03/310927549_gJeyYW2.jpg	t	vse-pod-odnoj-strojmaterialy-santehnika-instrumenty-elektrotovary-i-mn	2024-03-15 11:51:45.402867+00	2024-03-15 20:30:17.375751+00	7	35	\N	64	t	1	f
177	kg	fd	post/2024_03/310927551_zi6ufbN.jpg	t	fd	2024-03-15 12:06:07.168829+00	2024-03-15 12:08:23.722438+00	1	39	\N	\N	t	1	f
179	kg	под одной крышей: стройматериалы, сантехника, инструменты, электротовары и мн.	post/2024_03/photo_26_TRg5acZ.png	t	pod-odnoj-kryshej-strojmaterialy-santehnika-instrumenty-elektrotovary-i-mn	2024-03-15 12:08:13.809295+00	2024-03-15 13:40:10.66395+00	2	40	\N	\N	t	1	f
\.


--
-- Data for Name: main_post_tags; Type: TABLE DATA; Schema: public; Owner: navis
--

COPY public.main_post_tags (id, post_id, tag_id) FROM stdin;
3	115	1
4	115	2
5	117	2
6	118	2
7	119	1
8	120	1
9	121	2
10	124	2
11	125	2
12	126	2
13	127	1
14	128	2
15	131	2
16	132	2
17	134	2
18	135	2
19	136	2
20	137	1
21	140	2
22	141	1
23	144	2
24	145	2
25	146	1
26	147	1
27	148	2
28	150	2
29	151	1
30	152	1
31	153	2
32	155	2
33	156	1
34	158	1
35	159	2
36	160	2
37	161	2
38	166	1
39	167	1
40	168	1
41	169	1
42	171	1
43	173	2
44	174	2
45	176	2
\.


--
-- Data for Name: main_postdetail; Type: TABLE DATA; Schema: public; Owner: navis
--

COPY public.main_postdetail (id, description, main_id) FROM stdin;
79	<p>Шраывщтывссвылтсыв<br />\r\n<span style="color:#ffffff"><img alt="" src="/media/uploads/2024/03/15/90448179-1.jpg" style="border-style:solid; border-width:20px; height:300px; width:450px" /></span></p>	115
80	<p>sdvaeradsvipugaeruibejvbaeiuv[qOIERVH[QEIRVBEJD<br />\r\n<span style="color:#ffffff"><img alt="" src="/media/uploads/2024/03/15/90380256.jpg" style="border-style:solid; border-width:20px; height:434px; width:650px" /></span></p>	117
81	<h1><span style="font-size:16pt"><span style="font-family:&quot;Calibri Light&quot;,sans-serif"><span style="color:#2e74b5"><strong>Урбанизм, туризм и Иссык-Куль</strong></span></span></span></h1>\r\n\r\n<h2><span style="font-size:13pt"><span style="font-family:&quot;Calibri Light&quot;,sans-serif"><span style="color:#2e74b5">В Кыргызстане запустили проект города-резорта UNO CITY</span></span></span></h2>\r\n\r\n<p style="text-align:justify"><span style="font-size:14pt"><span style="font-family:&quot;Times New Roman&quot;,serif"><img src="file:///C:/Users/user/AppData/Local/Temp/msohtmlclip1/01/clip_image002.jpg" style="height:365px; width:623px" /></span></span></p>\r\n\r\n<p><span style="font-size:14pt"><span style="font-family:&quot;Times New Roman&quot;,serif">По версии&nbsp;<a href="http://www.nat-geo.ru/top10-lakes/901232-10-kurortov-na-ozerakh-orta/" style="color:#0563c1; text-decoration:underline" target="_blank">National Geographic</a>, Иссык-Куль входит в топ-10 самых популярных и престижных курортов на озерах. Это одна из самых посещаемых туристических зон для разнопланового отдыха. Сюда ежегодно съезжается более миллиона человек из разных стран. С каждым годом приток новых туристов только увеличивается.<br />\r\n<br />\r\nСейчас на побережье озера Иссык-Куль запускается строительство проекта Мухтара Сартманова &ndash; UNO CITY. Это первый туристический город-резорт в Центральной Азии, занимающий территорию более 9 гектаров. Проект обладает всей необходимой инфраструктурой для комфортного отдыха, предлагая качественные условия проживания и оставаясь в гармонии с неприкосновенной природой.</span></span></p>\r\n\r\n<p><span style="font-size:14pt"><span style="font-family:&quot;Times New Roman&quot;,serif"><img src="file:///C:/Users/user/AppData/Local/Temp/msohtmlclip1/01/clip_image004.jpg" style="height:351px; width:623px" /></span></span></p>\r\n\r\n<p><span style="font-size:14pt"><span style="font-family:&quot;Times New Roman&quot;,serif">Над разработкой UNO CITY работала команда архитекторов, которая предусмотрела все запросы современного человека. В проект первого города-резорта включены:</span></span></p>\r\n\r\n<p>&nbsp;</p>\r\n\r\n<p><span style="font-size:14pt"><span style="font-family:&quot;Times New Roman&quot;,serif">&bull; Объекты социальной инфраструктуры;&nbsp; </span></span></p>\r\n\r\n<p><span style="font-size:14pt"><span style="font-family:&quot;Times New Roman&quot;,serif">&bull; Офисы;&nbsp; </span></span></p>\r\n\r\n<p><span style="font-size:14pt"><span style="font-family:&quot;Times New Roman&quot;,serif">&bull; Торгово-развлекательные объекты;&nbsp; </span></span></p>\r\n\r\n<p><span style="font-size:14pt"><span style="font-family:&quot;Times New Roman&quot;,serif">&bull; Ритейл под жилыми зданиями;&nbsp; </span></span></p>\r\n\r\n<p><span style="font-size:14pt"><span style="font-family:&quot;Times New Roman&quot;,serif">&bull; Медицинский комплекс;&nbsp; </span></span></p>\r\n\r\n<p><span style="font-size:14pt"><span style="font-family:&quot;Times New Roman&quot;,serif">&bull; Образовательный центр;&nbsp; </span></span></p>\r\n\r\n<p><span style="font-size:14pt"><span style="font-family:&quot;Times New Roman&quot;,serif">&bull; Коворкинг-зона;&nbsp; </span></span></p>\r\n\r\n<p><span style="font-size:14pt"><span style="font-family:&quot;Times New Roman&quot;,serif">&bull; Ресторанный кластер;&nbsp; </span></span></p>\r\n\r\n<p><span style="font-size:14pt"><span style="font-family:&quot;Times New Roman&quot;,serif">&bull; Спортивный комплекс;</span></span></p>\r\n\r\n<p><span style="font-size:14pt"><span style="font-family:&quot;Times New Roman&quot;,serif">&bull; Конгресс-холл;&nbsp; </span></span></p>\r\n\r\n<p><span style="font-size:14pt"><span style="font-family:&quot;Times New Roman&quot;,serif">&bull; Амфитеатр;</span></span></p>\r\n\r\n<p><span style="font-size:14pt"><span style="font-family:&quot;Times New Roman&quot;,serif">&bull; Променадная зона.</span></span></p>\r\n\r\n<p>&nbsp;</p>\r\n\r\n<p><span style="font-size:14pt"><span style="font-family:&quot;Times New Roman&quot;,serif"><img src="file:///C:/Users/user/AppData/Local/Temp/msohtmlclip1/01/clip_image006.jpg" style="height:351px; width:623px" /></span></span></p>\r\n\r\n<p>&nbsp;</p>\r\n\r\n<p>&nbsp;</p>\r\n\r\n<p><span style="font-size:14pt"><span style="font-family:&quot;Times New Roman&quot;,serif">Приступая к проектированию UNO CITY, архитекторы уделили особое внимание современному стилю и концепции самого проекта. Заложена концепция использования разных блоков, включающих в себя тренды в форме, соотношении и цвете зданий. Это решение позволит улучшить внутреннюю среду и повысить качество жизни населения.</span></span></p>\r\n\r\n<p>&nbsp;</p>\r\n\r\n<p><span style="font-size:14pt"><span style="font-family:&quot;Times New Roman&quot;,serif">&laquo;<em>Будущие жители и гости города &ndash; люди, делающие выбор в пользу активности и развития, уделяющие внимание качеству жизни. Это представители разных профессий и сфер деятельности, которые&nbsp;&nbsp; вдохновляются своей работой, пробуют себя в новом, занимаются своим физическим и ментальным здоровьем, изучают себя и мир, стремятся к внутренней гармонии и психологическому спокойствию</em>&raquo; &ndash; <span style="font-size:12.0pt">отмечает автор проекта</span></span></span></p>\r\n\r\n<p><span style="font-size:14pt"><span style="font-family:&quot;Times New Roman&quot;,serif">&nbsp;&nbsp; </span></span></p>\r\n\r\n<p><span style="font-size:14pt"><span style="font-family:&quot;Times New Roman&quot;,serif">UNO предлагает миру не продукт, а образ жизни, бизнеса и отдыха. </span></span></p>\r\n\r\n<p><span style="font-size:14pt"><span style="font-family:&quot;Times New Roman&quot;,serif">Это место, где динамичная жизнь сочетается с природной гармонией. Здесь планируется запустить коллаборацию международных брендов и крупных сетей. </span></span></p>\r\n\r\n<p>&nbsp;</p>\r\n\r\n<p><span style="font-size:14pt"><span style="font-family:&quot;Times New Roman&quot;,serif">Резидент или посетитель UNO &ndash; часть осознанного сообщества, которое выбирает качественное будущее для себя и своих близких.&nbsp; </span></span></p>\r\n\r\n<p>&nbsp;</p>\r\n\r\n<p><span style="font-size:14pt"><span style="font-family:&quot;Times New Roman&quot;,serif">Одно из ключевых преимуществ UNO CITY &ndash; круглогодичный формат. Мягкий климат и кристально прозрачная вода, насыщенная кислородом, идеально подходят для оздоровления всей семьи. Это мастхэв для комфортного отдыха.</span></span></p>\r\n\r\n<p>&nbsp;</p>\r\n\r\n<p><span style="font-size:14pt"><span style="font-family:&quot;Times New Roman&quot;,serif">Благодаря потенциалу своего разития, UNO CITY привлекает внимание инвесторов и бизнесменов со всего мира. Немаловажен и факт удачного расположения проекта.</span></span></p>\r\n\r\n<p>&nbsp;</p>\r\n\r\n<p><span style="font-size:14pt"><span style="font-family:&quot;Times New Roman&quot;,serif"><img src="file:///C:/Users/user/AppData/Local/Temp/msohtmlclip1/01/clip_image008.jpg" style="height:351px; width:623px" /></span></span></p>\r\n\r\n<p>&nbsp;</p>\r\n\r\n<p><span style="font-size:14pt"><span style="font-family:&quot;Times New Roman&quot;,serif">Автор проекта &ndash; Мухтар Сартманов. Застройщиком выступила международная строительная компания Borsan Construction.</span></span></p>\r\n\r\n<p><span style="font-size:14pt"><span style="font-family:&quot;Times New Roman&quot;,serif">&nbsp;</span></span></p>\r\n\r\n<p><span style="font-size:14pt"><span style="font-family:&quot;Times New Roman&quot;,serif">&laquo;<em>UNO CITY &ndash; это город успешного и осознанного настоящего</em>&raquo; &ndash; <span style="font-size:12.0pt">заявляют </span><span dir="ltr" lang="EN-US" style="font-size:12.0pt">Borsan</span> <span dir="ltr" lang="EN-US" style="font-size:12.0pt">Construction</span><span style="font-size:12.0pt">, застройщики проекта</span></span></span></p>\r\n\r\n<p>&nbsp;</p>\r\n\r\n<p>&nbsp;</p>\r\n\r\n<p style="text-align:justify">&nbsp;</p>\r\n\r\n<p style="text-align:justify">&nbsp;</p>\r\n\r\n<p style="text-align:justify">&nbsp;</p>\r\n\r\n<p style="text-align:justify">&nbsp;</p>\r\n\r\n<p style="text-align:justify">&nbsp;</p>	121
82	<p>jskbdwebwlkev<br />\r\n<span style="color:#ffffff"><img alt="" src="/media/uploads/2024/03/15/90380295-1.jpg" style="border-style:solid; border-width:20px; height:237px; width:450px" /></span></p>	119
\.


--
-- Data for Name: main_postfile; Type: TABLE DATA; Schema: public; Owner: navis
--

COPY public.main_postfile (id, title, file, exception_id) FROM stdin;
2	Заголовок	requirements_VytNSR4.txt	115
5	Заголовок	requirements_85nqjD1.txt	119
\.


--
-- Data for Name: main_postslider; Type: TABLE DATA; Schema: public; Owner: navis
--

COPY public.main_postslider (id, image, slider_id) FROM stdin;
6	photo_37_wmkLyic.png	115
7	90448179_1.jpg	115
8	photo_36_m8qf9o3.png	115
9	photo_35_4qO1G4B.png	115
10	90380256.jpg	115
11	310927552.jpg	115
12	310927552_hrIsvgY.jpg	117
13	310927552_lObryTj.jpg	117
14	297020794.jpg	117
15	310927549.jpg	117
16	310927551.jpg	117
19	90380256_u5j0JKi.jpg	119
20	90380256_IcnDPKF.jpg	119
21	287471958.jpg	119
22	90448179_1_yrpk8Gr.jpg	119
23	297020794_FRoXMBQ.jpg	119
\.


--
-- Data for Name: main_slider; Type: TABLE DATA; Schema: public; Owner: navis
--

COPY public.main_slider (id, language, title, description, img, last_id) FROM stdin;
2	kg	Монолит - ишенимдүүлүк менен комфортту чогуу жаратабыз!	бул бизнес борбору менен соода комплексин бириктирген биринчи комплекс	slider/banner_3QfziaN.png	1
4	kg	Орион – Кыргызстандагы сертификаты бар биринчи жана жалгыз мейманкана	Негизги максат – конокторубуздун үмүтүн ашыгы менен аткаруу!	slider/otel.png	3
1	ru	Монолит - создаем надежность и комфорт вместе!	-это первый в своем роде комплекс, который объединяет в себе бизнес-центр и торговый комплекс	slider/banner_1.png	\N
3	ru	Орион - первый и единственный отель с сертификатом в Кыргызстане	Главная цель - первзойти ожидании наших гостей. Орион - больше, чем отель!	slider/otel.png	\N
\.


--
-- Data for Name: main_subcategory; Type: TABLE DATA; Schema: public; Owner: navis
--

COPY public.main_subcategory (id, title, slug, cat_id) FROM stdin;
54	Отель	otel	29
55	Ресторан	restoran	29
56	Спа-салоны	spa-salony	29
57	Отель	otel	30
58	Ресторан	restoran	30
59	Спа-салоны	spa-salony	30
60	Отель	otel	31
61	Ресторан	restoran	31
62	Спа-салоны	spa-salony	31
63	Отель	otel	35
64	Ресторан	restoran	35
65	Спа-салоны	spa-salony	35
66	Мейманкана	mejmankana	36
67	Ресторан	restoran	36
\.


--
-- Data for Name: main_tag; Type: TABLE DATA; Schema: public; Owner: navis
--

COPY public.main_tag (id, tag, slug) FROM stdin;
1	Отель	\N
2	Отель	\N
\.


--
-- Data for Name: users_user; Type: TABLE DATA; Schema: public; Owner: navis
--

COPY public.users_user (id, password, last_login, is_superuser, first_name, last_name, email, is_staff, is_active, date_joined, phone, user_type, code, activated) FROM stdin;
10	pbkdf2_sha256$600000$LfCcNY3ifzmGzn6diqTQW1$SXr9SgzceKcfScatp3fxsvra1iBNmFQCz5qZnHHshYA=	2024-03-09 09:59:16.095924+00	t				t	t	2024-03-08 18:49:46.65901+00	0500	Журналист	633225	f
8	pbkdf2_sha256$600000$WiKWNTH2u7ErdiskzsESyu$9CPuwLj0w8ebjZMsLuCt/x51cjVkhOzI8P0Pr0cHp84=	2024-03-09 10:12:43.615482+00	t	Санжарбек	Кылычбеков	ky1ychbekow06@gmail.com	t	t	2024-03-08 13:40:39+00	0557541222	Журналист	237657	f
\.


--
-- Data for Name: users_user_groups; Type: TABLE DATA; Schema: public; Owner: navis
--

COPY public.users_user_groups (id, user_id, group_id) FROM stdin;
3	8	1
\.


--
-- Data for Name: users_user_user_permissions; Type: TABLE DATA; Schema: public; Owner: navis
--

COPY public.users_user_user_permissions (id, user_id, permission_id) FROM stdin;
121	8	1
122	8	2
123	8	3
124	8	4
128	8	8
132	8	12
136	8	16
137	8	17
138	8	18
139	8	19
140	8	20
148	8	28
149	8	29
150	8	30
151	8	31
152	8	32
153	8	33
154	8	34
155	8	35
156	8	36
157	8	37
158	8	38
159	8	39
160	8	40
161	8	41
162	8	42
163	8	43
164	8	44
165	8	45
166	8	46
167	8	47
168	8	48
169	8	49
170	8	50
171	8	51
172	8	52
173	8	53
174	8	54
175	8	55
176	8	56
177	8	57
178	8	58
179	8	59
180	8	60
181	8	61
182	8	62
183	8	63
184	8	64
\.


--
-- Name: auth_group_id_seq; Type: SEQUENCE SET; Schema: public; Owner: navis
--

SELECT pg_catalog.setval('public.auth_group_id_seq', 4, true);


--
-- Name: auth_group_permissions_id_seq; Type: SEQUENCE SET; Schema: public; Owner: navis
--

SELECT pg_catalog.setval('public.auth_group_permissions_id_seq', 175, true);


--
-- Name: auth_permission_id_seq; Type: SEQUENCE SET; Schema: public; Owner: navis
--

SELECT pg_catalog.setval('public.auth_permission_id_seq', 76, true);


--
-- Name: auth_user_groups_id_seq; Type: SEQUENCE SET; Schema: public; Owner: navis
--

SELECT pg_catalog.setval('public.auth_user_groups_id_seq', 5, true);


--
-- Name: auth_user_id_seq; Type: SEQUENCE SET; Schema: public; Owner: navis
--

SELECT pg_catalog.setval('public.auth_user_id_seq', 13, true);


--
-- Name: auth_user_user_permissions_id_seq; Type: SEQUENCE SET; Schema: public; Owner: navis
--

SELECT pg_catalog.setval('public.auth_user_user_permissions_id_seq', 192, true);


--
-- Name: django_admin_log_id_seq; Type: SEQUENCE SET; Schema: public; Owner: navis
--

SELECT pg_catalog.setval('public.django_admin_log_id_seq', 914, true);


--
-- Name: django_content_type_id_seq; Type: SEQUENCE SET; Schema: public; Owner: navis
--

SELECT pg_catalog.setval('public.django_content_type_id_seq', 18, true);


--
-- Name: django_migrations_id_seq; Type: SEQUENCE SET; Schema: public; Owner: navis
--

SELECT pg_catalog.setval('public.django_migrations_id_seq', 82, true);


--
-- Name: main_category_id_seq; Type: SEQUENCE SET; Schema: public; Owner: navis
--

SELECT pg_catalog.setval('public.main_category_id_seq', 40, true);


--
-- Name: main_comments_id_seq; Type: SEQUENCE SET; Schema: public; Owner: navis
--

SELECT pg_catalog.setval('public.main_comments_id_seq', 145, true);


--
-- Name: main_post_id_seq; Type: SEQUENCE SET; Schema: public; Owner: navis
--

SELECT pg_catalog.setval('public.main_post_id_seq', 181, true);


--
-- Name: main_post_tags_id_seq; Type: SEQUENCE SET; Schema: public; Owner: navis
--

SELECT pg_catalog.setval('public.main_post_tags_id_seq', 47, true);


--
-- Name: main_postfile_id_seq; Type: SEQUENCE SET; Schema: public; Owner: navis
--

SELECT pg_catalog.setval('public.main_postfile_id_seq', 5, true);


--
-- Name: main_postslider_id_seq; Type: SEQUENCE SET; Schema: public; Owner: navis
--

SELECT pg_catalog.setval('public.main_postslider_id_seq', 23, true);


--
-- Name: main_slider_id_seq; Type: SEQUENCE SET; Schema: public; Owner: navis
--

SELECT pg_catalog.setval('public.main_slider_id_seq', 8, true);


--
-- Name: main_statedetail_id_seq; Type: SEQUENCE SET; Schema: public; Owner: navis
--

SELECT pg_catalog.setval('public.main_statedetail_id_seq', 82, true);


--
-- Name: main_subcategory_id_seq; Type: SEQUENCE SET; Schema: public; Owner: navis
--

SELECT pg_catalog.setval('public.main_subcategory_id_seq', 67, true);


--
-- Name: main_tag_id_seq; Type: SEQUENCE SET; Schema: public; Owner: navis
--

SELECT pg_catalog.setval('public.main_tag_id_seq', 2, true);


--
-- Name: users_user_groups_id_seq; Type: SEQUENCE SET; Schema: public; Owner: navis
--

SELECT pg_catalog.setval('public.users_user_groups_id_seq', 3, true);


--
-- Name: users_user_id_seq; Type: SEQUENCE SET; Schema: public; Owner: navis
--

SELECT pg_catalog.setval('public.users_user_id_seq', 10, true);


--
-- Name: users_user_user_permissions_id_seq; Type: SEQUENCE SET; Schema: public; Owner: navis
--

SELECT pg_catalog.setval('public.users_user_user_permissions_id_seq', 255, true);


--
-- Name: auth_group auth_group_name_key; Type: CONSTRAINT; Schema: public; Owner: navis
--

ALTER TABLE ONLY public.auth_group
    ADD CONSTRAINT auth_group_name_key UNIQUE (name);


--
-- Name: auth_group_permissions auth_group_permissions_group_id_permission_id_0cd325b0_uniq; Type: CONSTRAINT; Schema: public; Owner: navis
--

ALTER TABLE ONLY public.auth_group_permissions
    ADD CONSTRAINT auth_group_permissions_group_id_permission_id_0cd325b0_uniq UNIQUE (group_id, permission_id);


--
-- Name: auth_group_permissions auth_group_permissions_pkey; Type: CONSTRAINT; Schema: public; Owner: navis
--

ALTER TABLE ONLY public.auth_group_permissions
    ADD CONSTRAINT auth_group_permissions_pkey PRIMARY KEY (id);


--
-- Name: auth_group auth_group_pkey; Type: CONSTRAINT; Schema: public; Owner: navis
--

ALTER TABLE ONLY public.auth_group
    ADD CONSTRAINT auth_group_pkey PRIMARY KEY (id);


--
-- Name: auth_permission auth_permission_content_type_id_codename_01ab375a_uniq; Type: CONSTRAINT; Schema: public; Owner: navis
--

ALTER TABLE ONLY public.auth_permission
    ADD CONSTRAINT auth_permission_content_type_id_codename_01ab375a_uniq UNIQUE (content_type_id, codename);


--
-- Name: auth_permission auth_permission_pkey; Type: CONSTRAINT; Schema: public; Owner: navis
--

ALTER TABLE ONLY public.auth_permission
    ADD CONSTRAINT auth_permission_pkey PRIMARY KEY (id);


--
-- Name: auth_user_groups auth_user_groups_pkey; Type: CONSTRAINT; Schema: public; Owner: navis
--

ALTER TABLE ONLY public.auth_user_groups
    ADD CONSTRAINT auth_user_groups_pkey PRIMARY KEY (id);


--
-- Name: auth_user_groups auth_user_groups_user_id_group_id_94350c0c_uniq; Type: CONSTRAINT; Schema: public; Owner: navis
--

ALTER TABLE ONLY public.auth_user_groups
    ADD CONSTRAINT auth_user_groups_user_id_group_id_94350c0c_uniq UNIQUE (user_id, group_id);


--
-- Name: auth_user auth_user_pkey; Type: CONSTRAINT; Schema: public; Owner: navis
--

ALTER TABLE ONLY public.auth_user
    ADD CONSTRAINT auth_user_pkey PRIMARY KEY (id);


--
-- Name: auth_user_user_permissions auth_user_user_permissions_pkey; Type: CONSTRAINT; Schema: public; Owner: navis
--

ALTER TABLE ONLY public.auth_user_user_permissions
    ADD CONSTRAINT auth_user_user_permissions_pkey PRIMARY KEY (id);


--
-- Name: auth_user_user_permissions auth_user_user_permissions_user_id_permission_id_14a6b632_uniq; Type: CONSTRAINT; Schema: public; Owner: navis
--

ALTER TABLE ONLY public.auth_user_user_permissions
    ADD CONSTRAINT auth_user_user_permissions_user_id_permission_id_14a6b632_uniq UNIQUE (user_id, permission_id);


--
-- Name: auth_user auth_user_username_key; Type: CONSTRAINT; Schema: public; Owner: navis
--

ALTER TABLE ONLY public.auth_user
    ADD CONSTRAINT auth_user_username_key UNIQUE (username);


--
-- Name: django_admin_log django_admin_log_pkey; Type: CONSTRAINT; Schema: public; Owner: navis
--

ALTER TABLE ONLY public.django_admin_log
    ADD CONSTRAINT django_admin_log_pkey PRIMARY KEY (id);


--
-- Name: django_content_type django_content_type_app_label_model_76bd3d3b_uniq; Type: CONSTRAINT; Schema: public; Owner: navis
--

ALTER TABLE ONLY public.django_content_type
    ADD CONSTRAINT django_content_type_app_label_model_76bd3d3b_uniq UNIQUE (app_label, model);


--
-- Name: django_content_type django_content_type_pkey; Type: CONSTRAINT; Schema: public; Owner: navis
--

ALTER TABLE ONLY public.django_content_type
    ADD CONSTRAINT django_content_type_pkey PRIMARY KEY (id);


--
-- Name: django_migrations django_migrations_pkey; Type: CONSTRAINT; Schema: public; Owner: navis
--

ALTER TABLE ONLY public.django_migrations
    ADD CONSTRAINT django_migrations_pkey PRIMARY KEY (id);


--
-- Name: django_session django_session_pkey; Type: CONSTRAINT; Schema: public; Owner: navis
--

ALTER TABLE ONLY public.django_session
    ADD CONSTRAINT django_session_pkey PRIMARY KEY (session_key);


--
-- Name: main_category main_category_pkey; Type: CONSTRAINT; Schema: public; Owner: navis
--

ALTER TABLE ONLY public.main_category
    ADD CONSTRAINT main_category_pkey PRIMARY KEY (id);


--
-- Name: main_category main_category_title_6f1b86a1_uniq; Type: CONSTRAINT; Schema: public; Owner: navis
--

ALTER TABLE ONLY public.main_category
    ADD CONSTRAINT main_category_title_6f1b86a1_uniq UNIQUE (title);


--
-- Name: main_comments main_comments_pkey; Type: CONSTRAINT; Schema: public; Owner: navis
--

ALTER TABLE ONLY public.main_comments
    ADD CONSTRAINT main_comments_pkey PRIMARY KEY (id);


--
-- Name: main_post main_post_pkey; Type: CONSTRAINT; Schema: public; Owner: navis
--

ALTER TABLE ONLY public.main_post
    ADD CONSTRAINT main_post_pkey PRIMARY KEY (id);


--
-- Name: main_post main_post_slug_key; Type: CONSTRAINT; Schema: public; Owner: navis
--

ALTER TABLE ONLY public.main_post
    ADD CONSTRAINT main_post_slug_key UNIQUE (slug);


--
-- Name: main_post_tags main_post_tags_pkey; Type: CONSTRAINT; Schema: public; Owner: navis
--

ALTER TABLE ONLY public.main_post_tags
    ADD CONSTRAINT main_post_tags_pkey PRIMARY KEY (id);


--
-- Name: main_post_tags main_post_tags_post_id_tag_id_2698eb4f_uniq; Type: CONSTRAINT; Schema: public; Owner: navis
--

ALTER TABLE ONLY public.main_post_tags
    ADD CONSTRAINT main_post_tags_post_id_tag_id_2698eb4f_uniq UNIQUE (post_id, tag_id);


--
-- Name: main_postfile main_postfile_pkey; Type: CONSTRAINT; Schema: public; Owner: navis
--

ALTER TABLE ONLY public.main_postfile
    ADD CONSTRAINT main_postfile_pkey PRIMARY KEY (id);


--
-- Name: main_postslider main_postslider_pkey; Type: CONSTRAINT; Schema: public; Owner: navis
--

ALTER TABLE ONLY public.main_postslider
    ADD CONSTRAINT main_postslider_pkey PRIMARY KEY (id);


--
-- Name: main_slider main_slider_pkey; Type: CONSTRAINT; Schema: public; Owner: navis
--

ALTER TABLE ONLY public.main_slider
    ADD CONSTRAINT main_slider_pkey PRIMARY KEY (id);


--
-- Name: main_postdetail main_statedetail_pkey; Type: CONSTRAINT; Schema: public; Owner: navis
--

ALTER TABLE ONLY public.main_postdetail
    ADD CONSTRAINT main_statedetail_pkey PRIMARY KEY (id);


--
-- Name: main_subcategory main_subcategory_pkey; Type: CONSTRAINT; Schema: public; Owner: navis
--

ALTER TABLE ONLY public.main_subcategory
    ADD CONSTRAINT main_subcategory_pkey PRIMARY KEY (id);


--
-- Name: main_tag main_tag_pkey; Type: CONSTRAINT; Schema: public; Owner: navis
--

ALTER TABLE ONLY public.main_tag
    ADD CONSTRAINT main_tag_pkey PRIMARY KEY (id);


--
-- Name: main_tag main_tag_slug_key; Type: CONSTRAINT; Schema: public; Owner: navis
--

ALTER TABLE ONLY public.main_tag
    ADD CONSTRAINT main_tag_slug_key UNIQUE (slug);


--
-- Name: users_user_groups users_user_groups_pkey; Type: CONSTRAINT; Schema: public; Owner: navis
--

ALTER TABLE ONLY public.users_user_groups
    ADD CONSTRAINT users_user_groups_pkey PRIMARY KEY (id);


--
-- Name: users_user_groups users_user_groups_user_id_group_id_b88eab82_uniq; Type: CONSTRAINT; Schema: public; Owner: navis
--

ALTER TABLE ONLY public.users_user_groups
    ADD CONSTRAINT users_user_groups_user_id_group_id_b88eab82_uniq UNIQUE (user_id, group_id);


--
-- Name: users_user users_user_phone_key; Type: CONSTRAINT; Schema: public; Owner: navis
--

ALTER TABLE ONLY public.users_user
    ADD CONSTRAINT users_user_phone_key UNIQUE (phone);


--
-- Name: users_user users_user_pkey; Type: CONSTRAINT; Schema: public; Owner: navis
--

ALTER TABLE ONLY public.users_user
    ADD CONSTRAINT users_user_pkey PRIMARY KEY (id);


--
-- Name: users_user_user_permissions users_user_user_permissions_pkey; Type: CONSTRAINT; Schema: public; Owner: navis
--

ALTER TABLE ONLY public.users_user_user_permissions
    ADD CONSTRAINT users_user_user_permissions_pkey PRIMARY KEY (id);


--
-- Name: users_user_user_permissions users_user_user_permissions_user_id_permission_id_43338c45_uniq; Type: CONSTRAINT; Schema: public; Owner: navis
--

ALTER TABLE ONLY public.users_user_user_permissions
    ADD CONSTRAINT users_user_user_permissions_user_id_permission_id_43338c45_uniq UNIQUE (user_id, permission_id);


--
-- Name: auth_group_name_a6ea08ec_like; Type: INDEX; Schema: public; Owner: navis
--

CREATE INDEX auth_group_name_a6ea08ec_like ON public.auth_group USING btree (name varchar_pattern_ops);


--
-- Name: auth_group_permissions_group_id_b120cbf9; Type: INDEX; Schema: public; Owner: navis
--

CREATE INDEX auth_group_permissions_group_id_b120cbf9 ON public.auth_group_permissions USING btree (group_id);


--
-- Name: auth_group_permissions_permission_id_84c5c92e; Type: INDEX; Schema: public; Owner: navis
--

CREATE INDEX auth_group_permissions_permission_id_84c5c92e ON public.auth_group_permissions USING btree (permission_id);


--
-- Name: auth_permission_content_type_id_2f476e4b; Type: INDEX; Schema: public; Owner: navis
--

CREATE INDEX auth_permission_content_type_id_2f476e4b ON public.auth_permission USING btree (content_type_id);


--
-- Name: auth_user_groups_group_id_97559544; Type: INDEX; Schema: public; Owner: navis
--

CREATE INDEX auth_user_groups_group_id_97559544 ON public.auth_user_groups USING btree (group_id);


--
-- Name: auth_user_groups_user_id_6a12ed8b; Type: INDEX; Schema: public; Owner: navis
--

CREATE INDEX auth_user_groups_user_id_6a12ed8b ON public.auth_user_groups USING btree (user_id);


--
-- Name: auth_user_user_permissions_permission_id_1fbb5f2c; Type: INDEX; Schema: public; Owner: navis
--

CREATE INDEX auth_user_user_permissions_permission_id_1fbb5f2c ON public.auth_user_user_permissions USING btree (permission_id);


--
-- Name: auth_user_user_permissions_user_id_a95ead1b; Type: INDEX; Schema: public; Owner: navis
--

CREATE INDEX auth_user_user_permissions_user_id_a95ead1b ON public.auth_user_user_permissions USING btree (user_id);


--
-- Name: auth_user_username_6821ab7c_like; Type: INDEX; Schema: public; Owner: navis
--

CREATE INDEX auth_user_username_6821ab7c_like ON public.auth_user USING btree (username varchar_pattern_ops);


--
-- Name: django_admin_log_content_type_id_c4bce8eb; Type: INDEX; Schema: public; Owner: navis
--

CREATE INDEX django_admin_log_content_type_id_c4bce8eb ON public.django_admin_log USING btree (content_type_id);


--
-- Name: django_admin_log_user_id_c564eba6; Type: INDEX; Schema: public; Owner: navis
--

CREATE INDEX django_admin_log_user_id_c564eba6 ON public.django_admin_log USING btree (user_id);


--
-- Name: django_session_expire_date_a5c62663; Type: INDEX; Schema: public; Owner: navis
--

CREATE INDEX django_session_expire_date_a5c62663 ON public.django_session USING btree (expire_date);


--
-- Name: django_session_session_key_c0390e0f_like; Type: INDEX; Schema: public; Owner: navis
--

CREATE INDEX django_session_session_key_c0390e0f_like ON public.django_session USING btree (session_key varchar_pattern_ops);


--
-- Name: main_category_slug_7ae6758d; Type: INDEX; Schema: public; Owner: navis
--

CREATE INDEX main_category_slug_7ae6758d ON public.main_category USING btree (slug);


--
-- Name: main_category_slug_7ae6758d_like; Type: INDEX; Schema: public; Owner: navis
--

CREATE INDEX main_category_slug_7ae6758d_like ON public.main_category USING btree (slug varchar_pattern_ops);


--
-- Name: main_category_title_6f1b86a1_like; Type: INDEX; Schema: public; Owner: navis
--

CREATE INDEX main_category_title_6f1b86a1_like ON public.main_category USING btree (title varchar_pattern_ops);


--
-- Name: main_comments_post_id_341fa7cd; Type: INDEX; Schema: public; Owner: navis
--

CREATE INDEX main_comments_post_id_341fa7cd ON public.main_comments USING btree (post_id);


--
-- Name: main_post_cat_id_058ec943; Type: INDEX; Schema: public; Owner: navis
--

CREATE INDEX main_post_cat_id_058ec943 ON public.main_post USING btree (cat_id);


--
-- Name: main_post_last_id_79a1ae6f; Type: INDEX; Schema: public; Owner: navis
--

CREATE INDEX main_post_last_id_79a1ae6f ON public.main_post USING btree (last_id);


--
-- Name: main_post_slug_c8e86538_like; Type: INDEX; Schema: public; Owner: navis
--

CREATE INDEX main_post_slug_c8e86538_like ON public.main_post USING btree (slug varchar_pattern_ops);


--
-- Name: main_post_sub_cat_id_4791407e; Type: INDEX; Schema: public; Owner: navis
--

CREATE INDEX main_post_sub_cat_id_4791407e ON public.main_post USING btree (sub_cat_id);


--
-- Name: main_post_tags_post_id_ac6b2fba; Type: INDEX; Schema: public; Owner: navis
--

CREATE INDEX main_post_tags_post_id_ac6b2fba ON public.main_post_tags USING btree (post_id);


--
-- Name: main_post_tags_tag_id_2e693427; Type: INDEX; Schema: public; Owner: navis
--

CREATE INDEX main_post_tags_tag_id_2e693427 ON public.main_post_tags USING btree (tag_id);


--
-- Name: main_post_user_id_313f9722; Type: INDEX; Schema: public; Owner: navis
--

CREATE INDEX main_post_user_id_313f9722 ON public.main_post USING btree (user_id);


--
-- Name: main_postfile_exception_id_cb69f4a1; Type: INDEX; Schema: public; Owner: navis
--

CREATE INDEX main_postfile_exception_id_cb69f4a1 ON public.main_postfile USING btree (exception_id);


--
-- Name: main_postslider_slider_id_27269545; Type: INDEX; Schema: public; Owner: navis
--

CREATE INDEX main_postslider_slider_id_27269545 ON public.main_postslider USING btree (slider_id);


--
-- Name: main_slider_last_id_764488e2; Type: INDEX; Schema: public; Owner: navis
--

CREATE INDEX main_slider_last_id_764488e2 ON public.main_slider USING btree (last_id);


--
-- Name: main_statedetail_main_id_9837120b; Type: INDEX; Schema: public; Owner: navis
--

CREATE INDEX main_statedetail_main_id_9837120b ON public.main_postdetail USING btree (main_id);


--
-- Name: main_subcategory_cat_id_a4d2397f; Type: INDEX; Schema: public; Owner: navis
--

CREATE INDEX main_subcategory_cat_id_a4d2397f ON public.main_subcategory USING btree (cat_id);


--
-- Name: main_subcategory_slug_22db0743; Type: INDEX; Schema: public; Owner: navis
--

CREATE INDEX main_subcategory_slug_22db0743 ON public.main_subcategory USING btree (slug);


--
-- Name: main_subcategory_slug_22db0743_like; Type: INDEX; Schema: public; Owner: navis
--

CREATE INDEX main_subcategory_slug_22db0743_like ON public.main_subcategory USING btree (slug varchar_pattern_ops);


--
-- Name: main_tag_slug_923dfa5c_like; Type: INDEX; Schema: public; Owner: navis
--

CREATE INDEX main_tag_slug_923dfa5c_like ON public.main_tag USING btree (slug varchar_pattern_ops);


--
-- Name: users_user_groups_group_id_9afc8d0e; Type: INDEX; Schema: public; Owner: navis
--

CREATE INDEX users_user_groups_group_id_9afc8d0e ON public.users_user_groups USING btree (group_id);


--
-- Name: users_user_groups_user_id_5f6f5a90; Type: INDEX; Schema: public; Owner: navis
--

CREATE INDEX users_user_groups_user_id_5f6f5a90 ON public.users_user_groups USING btree (user_id);


--
-- Name: users_user_phone_fe37f55c_like; Type: INDEX; Schema: public; Owner: navis
--

CREATE INDEX users_user_phone_fe37f55c_like ON public.users_user USING btree (phone varchar_pattern_ops);


--
-- Name: users_user_user_permissions_permission_id_0b93982e; Type: INDEX; Schema: public; Owner: navis
--

CREATE INDEX users_user_user_permissions_permission_id_0b93982e ON public.users_user_user_permissions USING btree (permission_id);


--
-- Name: users_user_user_permissions_user_id_20aca447; Type: INDEX; Schema: public; Owner: navis
--

CREATE INDEX users_user_user_permissions_user_id_20aca447 ON public.users_user_user_permissions USING btree (user_id);


--
-- Name: auth_group_permissions auth_group_permissio_permission_id_84c5c92e_fk_auth_perm; Type: FK CONSTRAINT; Schema: public; Owner: navis
--

ALTER TABLE ONLY public.auth_group_permissions
    ADD CONSTRAINT auth_group_permissio_permission_id_84c5c92e_fk_auth_perm FOREIGN KEY (permission_id) REFERENCES public.auth_permission(id) DEFERRABLE INITIALLY DEFERRED;


--
-- Name: auth_group_permissions auth_group_permissions_group_id_b120cbf9_fk_auth_group_id; Type: FK CONSTRAINT; Schema: public; Owner: navis
--

ALTER TABLE ONLY public.auth_group_permissions
    ADD CONSTRAINT auth_group_permissions_group_id_b120cbf9_fk_auth_group_id FOREIGN KEY (group_id) REFERENCES public.auth_group(id) DEFERRABLE INITIALLY DEFERRED;


--
-- Name: auth_permission auth_permission_content_type_id_2f476e4b_fk_django_co; Type: FK CONSTRAINT; Schema: public; Owner: navis
--

ALTER TABLE ONLY public.auth_permission
    ADD CONSTRAINT auth_permission_content_type_id_2f476e4b_fk_django_co FOREIGN KEY (content_type_id) REFERENCES public.django_content_type(id) DEFERRABLE INITIALLY DEFERRED;


--
-- Name: auth_user_groups auth_user_groups_group_id_97559544_fk_auth_group_id; Type: FK CONSTRAINT; Schema: public; Owner: navis
--

ALTER TABLE ONLY public.auth_user_groups
    ADD CONSTRAINT auth_user_groups_group_id_97559544_fk_auth_group_id FOREIGN KEY (group_id) REFERENCES public.auth_group(id) DEFERRABLE INITIALLY DEFERRED;


--
-- Name: auth_user_groups auth_user_groups_user_id_6a12ed8b_fk_auth_user_id; Type: FK CONSTRAINT; Schema: public; Owner: navis
--

ALTER TABLE ONLY public.auth_user_groups
    ADD CONSTRAINT auth_user_groups_user_id_6a12ed8b_fk_auth_user_id FOREIGN KEY (user_id) REFERENCES public.auth_user(id) DEFERRABLE INITIALLY DEFERRED;


--
-- Name: auth_user_user_permissions auth_user_user_permi_permission_id_1fbb5f2c_fk_auth_perm; Type: FK CONSTRAINT; Schema: public; Owner: navis
--

ALTER TABLE ONLY public.auth_user_user_permissions
    ADD CONSTRAINT auth_user_user_permi_permission_id_1fbb5f2c_fk_auth_perm FOREIGN KEY (permission_id) REFERENCES public.auth_permission(id) DEFERRABLE INITIALLY DEFERRED;


--
-- Name: auth_user_user_permissions auth_user_user_permissions_user_id_a95ead1b_fk_auth_user_id; Type: FK CONSTRAINT; Schema: public; Owner: navis
--

ALTER TABLE ONLY public.auth_user_user_permissions
    ADD CONSTRAINT auth_user_user_permissions_user_id_a95ead1b_fk_auth_user_id FOREIGN KEY (user_id) REFERENCES public.auth_user(id) DEFERRABLE INITIALLY DEFERRED;


--
-- Name: django_admin_log django_admin_log_content_type_id_c4bce8eb_fk_django_co; Type: FK CONSTRAINT; Schema: public; Owner: navis
--

ALTER TABLE ONLY public.django_admin_log
    ADD CONSTRAINT django_admin_log_content_type_id_c4bce8eb_fk_django_co FOREIGN KEY (content_type_id) REFERENCES public.django_content_type(id) DEFERRABLE INITIALLY DEFERRED;


--
-- Name: django_admin_log django_admin_log_user_id_c564eba6_fk_auth_user_id; Type: FK CONSTRAINT; Schema: public; Owner: navis
--

ALTER TABLE ONLY public.django_admin_log
    ADD CONSTRAINT django_admin_log_user_id_c564eba6_fk_auth_user_id FOREIGN KEY (user_id) REFERENCES public.auth_user(id) DEFERRABLE INITIALLY DEFERRED;


--
-- Name: main_comments main_comments_post_id_341fa7cd_fk_main_post_id; Type: FK CONSTRAINT; Schema: public; Owner: navis
--

ALTER TABLE ONLY public.main_comments
    ADD CONSTRAINT main_comments_post_id_341fa7cd_fk_main_post_id FOREIGN KEY (post_id) REFERENCES public.main_post(id) DEFERRABLE INITIALLY DEFERRED;


--
-- Name: main_post main_post_cat_id_058ec943_fk_main_category_id; Type: FK CONSTRAINT; Schema: public; Owner: navis
--

ALTER TABLE ONLY public.main_post
    ADD CONSTRAINT main_post_cat_id_058ec943_fk_main_category_id FOREIGN KEY (cat_id) REFERENCES public.main_category(id) DEFERRABLE INITIALLY DEFERRED;


--
-- Name: main_post main_post_last_id_79a1ae6f_fk_main_post_id; Type: FK CONSTRAINT; Schema: public; Owner: navis
--

ALTER TABLE ONLY public.main_post
    ADD CONSTRAINT main_post_last_id_79a1ae6f_fk_main_post_id FOREIGN KEY (last_id) REFERENCES public.main_post(id) DEFERRABLE INITIALLY DEFERRED;


--
-- Name: main_post main_post_sub_cat_id_4791407e_fk_main_subcategory_id; Type: FK CONSTRAINT; Schema: public; Owner: navis
--

ALTER TABLE ONLY public.main_post
    ADD CONSTRAINT main_post_sub_cat_id_4791407e_fk_main_subcategory_id FOREIGN KEY (sub_cat_id) REFERENCES public.main_subcategory(id) DEFERRABLE INITIALLY DEFERRED;


--
-- Name: main_post_tags main_post_tags_post_id_ac6b2fba_fk_main_post_id; Type: FK CONSTRAINT; Schema: public; Owner: navis
--

ALTER TABLE ONLY public.main_post_tags
    ADD CONSTRAINT main_post_tags_post_id_ac6b2fba_fk_main_post_id FOREIGN KEY (post_id) REFERENCES public.main_post(id) DEFERRABLE INITIALLY DEFERRED;


--
-- Name: main_post_tags main_post_tags_tag_id_2e693427_fk_main_tag_id; Type: FK CONSTRAINT; Schema: public; Owner: navis
--

ALTER TABLE ONLY public.main_post_tags
    ADD CONSTRAINT main_post_tags_tag_id_2e693427_fk_main_tag_id FOREIGN KEY (tag_id) REFERENCES public.main_tag(id) DEFERRABLE INITIALLY DEFERRED;


--
-- Name: main_post main_post_user_id_313f9722_fk_auth_user_id; Type: FK CONSTRAINT; Schema: public; Owner: navis
--

ALTER TABLE ONLY public.main_post
    ADD CONSTRAINT main_post_user_id_313f9722_fk_auth_user_id FOREIGN KEY (user_id) REFERENCES public.auth_user(id) DEFERRABLE INITIALLY DEFERRED;


--
-- Name: main_postfile main_postfile_exception_id_cb69f4a1_fk_main_post_id; Type: FK CONSTRAINT; Schema: public; Owner: navis
--

ALTER TABLE ONLY public.main_postfile
    ADD CONSTRAINT main_postfile_exception_id_cb69f4a1_fk_main_post_id FOREIGN KEY (exception_id) REFERENCES public.main_post(id) DEFERRABLE INITIALLY DEFERRED;


--
-- Name: main_postslider main_postslider_slider_id_27269545_fk_main_post_id; Type: FK CONSTRAINT; Schema: public; Owner: navis
--

ALTER TABLE ONLY public.main_postslider
    ADD CONSTRAINT main_postslider_slider_id_27269545_fk_main_post_id FOREIGN KEY (slider_id) REFERENCES public.main_post(id) DEFERRABLE INITIALLY DEFERRED;


--
-- Name: main_slider main_slider_last_id_764488e2_fk_main_slider_id; Type: FK CONSTRAINT; Schema: public; Owner: navis
--

ALTER TABLE ONLY public.main_slider
    ADD CONSTRAINT main_slider_last_id_764488e2_fk_main_slider_id FOREIGN KEY (last_id) REFERENCES public.main_slider(id) DEFERRABLE INITIALLY DEFERRED;


--
-- Name: main_subcategory main_subcategory_cat_id_a4d2397f_fk_main_category_id; Type: FK CONSTRAINT; Schema: public; Owner: navis
--

ALTER TABLE ONLY public.main_subcategory
    ADD CONSTRAINT main_subcategory_cat_id_a4d2397f_fk_main_category_id FOREIGN KEY (cat_id) REFERENCES public.main_category(id) DEFERRABLE INITIALLY DEFERRED;


--
-- Name: users_user_groups users_user_groups_group_id_9afc8d0e_fk_auth_group_id; Type: FK CONSTRAINT; Schema: public; Owner: navis
--

ALTER TABLE ONLY public.users_user_groups
    ADD CONSTRAINT users_user_groups_group_id_9afc8d0e_fk_auth_group_id FOREIGN KEY (group_id) REFERENCES public.auth_group(id) DEFERRABLE INITIALLY DEFERRED;


--
-- Name: users_user_groups users_user_groups_user_id_5f6f5a90_fk_users_user_id; Type: FK CONSTRAINT; Schema: public; Owner: navis
--

ALTER TABLE ONLY public.users_user_groups
    ADD CONSTRAINT users_user_groups_user_id_5f6f5a90_fk_users_user_id FOREIGN KEY (user_id) REFERENCES public.users_user(id) DEFERRABLE INITIALLY DEFERRED;


--
-- Name: users_user_user_permissions users_user_user_perm_permission_id_0b93982e_fk_auth_perm; Type: FK CONSTRAINT; Schema: public; Owner: navis
--

ALTER TABLE ONLY public.users_user_user_permissions
    ADD CONSTRAINT users_user_user_perm_permission_id_0b93982e_fk_auth_perm FOREIGN KEY (permission_id) REFERENCES public.auth_permission(id) DEFERRABLE INITIALLY DEFERRED;


--
-- Name: users_user_user_permissions users_user_user_permissions_user_id_20aca447_fk_users_user_id; Type: FK CONSTRAINT; Schema: public; Owner: navis
--

ALTER TABLE ONLY public.users_user_user_permissions
    ADD CONSTRAINT users_user_user_permissions_user_id_20aca447_fk_users_user_id FOREIGN KEY (user_id) REFERENCES public.users_user(id) DEFERRABLE INITIALLY DEFERRED;


--
-- PostgreSQL database dump complete
--

